{"R2 score": 0.9304429975718813, "MAE": 30.60227263136899, "RMSE": 47.57526026053715}