{"R2 score": 0.9429993221433152, "MAE": 27.95617944575716, "RMSE": 43.0676082605776}