datetime,season,holiday,workingday,weather,temp,atemp,humidity,windspeed,year,day,weekday,hour,count_predictions
2011-01-20 00:00:00,1,0,1,1,10.66,11.365,56,26.0027,2011,20,3,0,17.383835
2011-01-20 01:00:00,1,0,1,1,10.66,13.635,56,0.0,2011,20,3,1,-0.98820496
2011-01-20 02:00:00,1,0,1,1,10.66,13.635,56,0.0,2011,20,3,2,-5.4975433
2011-01-20 03:00:00,1,0,1,1,10.66,12.88,56,11.0014,2011,20,3,3,3.4966583
2011-01-20 04:00:00,1,0,1,1,10.66,12.88,56,11.0014,2011,20,3,4,3.4966583
2011-01-20 05:00:00,1,0,1,1,9.84,11.365,60,15.0013,2011,20,3,5,15.908585
2011-01-20 06:00:00,1,0,1,1,9.02,10.605,60,15.0013,2011,20,3,6,44.730713
2011-01-20 07:00:00,1,0,1,1,9.02,10.605,55,15.0013,2011,20,3,7,153.90668
2011-01-20 08:00:00,1,0,1,1,9.02,10.605,55,19.0012,2011,20,3,8,289.19943
2011-01-20 09:00:00,1,0,1,2,9.84,11.365,52,15.0013,2011,20,3,9,111.60328
2011-01-20 10:00:00,1,0,1,1,10.66,11.365,48,19.9995,2011,20,3,10,52.45276
2011-01-20 11:00:00,1,0,1,2,11.48,13.635,45,11.0014,2011,20,3,11,56.537277
2011-01-20 12:00:00,1,0,1,2,12.3,16.665,42,0.0,2011,20,3,12,60.751923
2011-01-20 13:00:00,1,0,1,2,11.48,14.395,45,7.0015,2011,20,3,13,59.21231
2011-01-20 14:00:00,1,0,1,2,12.3,15.15,45,8.9981,2011,20,3,14,57.274445
2011-01-20 15:00:00,1,0,1,2,13.12,15.91,45,12.998,2011,20,3,15,63.8843
2011-01-20 16:00:00,1,0,1,2,12.3,15.15,49,8.9981,2011,20,3,16,96.19262
2011-01-20 17:00:00,1,0,1,2,12.3,15.91,49,7.0015,2011,20,3,17,199.96632
2011-01-20 18:00:00,1,0,1,2,10.66,12.88,56,12.998,2011,20,3,18,185.4928
2011-01-20 19:00:00,1,0,1,1,10.66,11.365,56,22.0028,2011,20,3,19,105.32236
2011-01-20 20:00:00,1,0,1,2,10.66,12.12,60,19.0012,2011,20,3,20,69.024956
2011-01-20 21:00:00,1,0,1,2,9.84,11.365,60,16.9979,2011,20,3,21,60.359253
2011-01-20 22:00:00,1,0,1,2,9.84,10.605,65,19.0012,2011,20,3,22,38.1028
2011-01-20 23:00:00,1,0,1,2,9.84,10.605,65,22.0028,2011,20,3,23,15.270081
2011-01-21 00:00:00,1,0,1,2,9.84,11.365,70,16.9979,2011,21,4,0,16.815277
2011-01-21 01:00:00,1,0,1,2,9.84,11.365,70,16.9979,2011,21,4,1,0.34550476
2011-01-21 02:00:00,1,0,1,3,9.84,12.12,75,11.0014,2011,21,4,2,-0.5384064
2011-01-21 03:00:00,1,0,1,3,9.02,10.605,80,19.9995,2011,21,4,3,-7.8766785
2011-01-21 04:00:00,1,0,1,2,9.02,12.88,87,6.0032,2011,21,4,4,3.6778717
2011-01-21 05:00:00,1,0,1,1,9.84,9.85,60,27.9993,2011,21,4,5,9.46051
2011-01-21 06:00:00,1,0,1,1,9.02,10.605,55,16.9979,2011,21,4,6,37.10742
2011-01-21 07:00:00,1,0,1,1,8.2,9.09,51,19.0012,2011,21,4,7,116.000725
2011-01-21 08:00:00,1,0,1,1,8.2,9.09,47,22.0028,2011,21,4,8,218.80031
2011-01-21 09:00:00,1,0,1,1,8.2,9.09,51,23.9994,2011,21,4,9,97.636795
2011-01-21 10:00:00,1,0,1,1,8.2,8.335,47,31.0009,2011,21,4,10,41.324112
2011-01-21 11:00:00,1,0,1,1,9.02,9.09,41,31.0009,2011,21,4,11,52.00148
2011-01-21 12:00:00,1,0,1,1,9.02,9.09,27,39.0007,2011,21,4,12,47.15193
2011-01-21 13:00:00,1,0,1,1,8.2,7.575,21,39.0007,2011,21,4,13,29.646866
2011-01-21 14:00:00,1,0,1,1,8.2,7.575,25,35.0008,2011,21,4,14,33.985382
2011-01-21 15:00:00,1,0,1,1,6.56,6.06,26,30.0026,2011,21,4,15,37.106308
2011-01-21 16:00:00,1,0,1,1,6.56,6.82,26,23.9994,2011,21,4,16,66.48533
2011-01-21 17:00:00,1,0,1,1,5.74,6.06,28,23.9994,2011,21,4,17,150.28955
2011-01-21 18:00:00,1,0,1,1,4.92,6.06,30,16.9979,2011,21,4,18,134.08243
2011-01-21 19:00:00,1,0,1,1,4.92,5.305,30,22.0028,2011,21,4,19,62.67717
2011-01-21 20:00:00,1,0,1,1,4.1,3.79,33,27.9993,2011,21,4,20,22.963379
2011-01-21 21:00:00,1,0,1,1,3.28,3.79,38,19.0012,2011,21,4,21,19.65683
2011-01-21 22:00:00,1,0,1,1,2.46,1.515,41,26.0027,2011,21,4,22,8.621567
2011-01-21 23:00:00,1,0,1,1,2.46,2.275,38,22.0028,2011,21,4,23,0.82321167
2011-01-22 00:00:00,1,0,0,1,1.64,1.515,45,16.9979,2011,22,5,0,38.7238
2011-01-22 01:00:00,1,0,0,2,1.64,0.0,41,26.0027,2011,22,5,1,30.03444
2011-01-22 02:00:00,1,0,0,2,1.64,1.515,41,16.9979,2011,22,5,2,22.932068
2011-01-22 03:00:00,1,0,0,2,1.64,1.515,41,19.0012,2011,22,5,3,4.3430176
2011-01-22 04:00:00,1,0,0,2,0.82,0.76,48,19.9995,2011,22,5,4,-2.9483185
2011-01-22 06:00:00,1,0,0,2,0.82,1.515,44,15.0013,2011,22,5,6,-1.7560577
2011-01-22 07:00:00,1,0,0,1,0.82,0.76,44,19.0012,2011,22,5,7,-66.98361
2011-01-22 08:00:00,1,0,0,1,0.82,0.0,44,22.0028,2011,22,5,8,-65.18677
2011-01-22 09:00:00,1,0,0,1,1.64,1.515,41,16.9979,2011,22,5,9,-5.7182617
2011-01-22 10:00:00,1,0,0,2,1.64,3.03,41,11.0014,2011,22,5,10,16.972824
2011-01-22 11:00:00,1,0,0,2,2.46,3.79,38,8.9981,2011,22,5,11,105.401024
2011-01-22 12:00:00,1,0,0,2,2.46,5.305,38,7.0015,2011,22,5,12,129.42123
2011-01-22 13:00:00,1,0,0,1,3.28,8.335,35,0.0,2011,22,5,13,120.755615
2011-01-22 14:00:00,1,0,0,1,4.1,6.82,33,7.0015,2011,22,5,14,123.49059
2011-01-22 15:00:00,1,0,0,1,4.92,7.575,28,0.0,2011,22,5,15,122.20512
2011-01-22 16:00:00,1,0,0,1,4.92,6.82,28,12.998,2011,22,5,16,117.99503
2011-01-22 17:00:00,1,0,0,1,4.92,9.85,28,0.0,2011,22,5,17,86.35177
2011-01-22 18:00:00,1,0,0,1,3.28,4.545,35,12.998,2011,22,5,18,60.718475
2011-01-22 19:00:00,1,0,0,1,3.28,5.305,35,8.9981,2011,22,5,19,30.969482
2011-01-22 20:00:00,1,0,0,1,2.46,3.79,45,11.0014,2011,22,5,20,10.785507
2011-01-22 21:00:00,1,0,0,1,2.46,5.305,41,6.0032,2011,22,5,21,19.487778
2011-01-22 22:00:00,1,0,0,1,2.46,7.575,49,0.0,2011,22,5,22,13.2048645
2011-01-22 23:00:00,1,0,0,1,1.64,3.79,57,7.0015,2011,22,5,23,-28.222778
2011-01-23 00:00:00,1,0,0,1,1.64,3.79,57,7.0015,2011,23,6,0,44.126633
2011-01-23 01:00:00,1,0,0,1,1.64,3.79,57,7.0015,2011,23,6,1,37.79962
2011-01-23 02:00:00,1,0,0,1,0.82,3.03,62,8.9981,2011,23,6,2,29.660889
2011-01-23 03:00:00,1,0,0,1,0.82,3.03,62,8.9981,2011,23,6,3,9.860489
2011-01-23 05:00:00,1,0,0,2,1.64,3.79,57,7.0015,2011,23,6,5,3.0451508
2011-01-23 06:00:00,1,0,0,2,1.64,3.79,57,7.0015,2011,23,6,6,-2.304596
2011-01-23 07:00:00,1,0,0,1,3.28,5.305,58,11.0014,2011,23,6,7,-41.424072
2011-01-23 08:00:00,1,0,0,1,2.46,3.79,62,11.0014,2011,23,6,8,-41.85927
2011-01-23 09:00:00,1,0,0,1,4.1,3.79,54,23.9994,2011,23,6,9,26.659027
2011-01-23 10:00:00,1,0,0,1,5.74,5.305,46,26.0027,2011,23,6,10,63.203644
2011-01-23 11:00:00,1,0,0,1,5.74,6.82,43,15.0013,2011,23,6,11,106.25014
2011-01-23 12:00:00,1,0,0,1,6.56,6.06,37,31.0009,2011,23,6,12,105.51356
2011-01-23 13:00:00,1,0,0,1,5.74,5.305,33,26.0027,2011,23,6,13,122.85659
2011-01-23 14:00:00,1,0,0,1,6.56,6.82,28,23.9994,2011,23,6,14,94.40036
2011-01-23 15:00:00,1,0,0,1,6.56,6.82,28,23.9994,2011,23,6,15,88.39273
2011-01-23 16:00:00,1,0,0,1,6.56,6.82,26,22.0028,2011,23,6,16,48.621185
2011-01-23 17:00:00,1,0,0,1,5.74,5.305,26,26.0027,2011,23,6,17,13.035263
2011-01-23 18:00:00,1,0,0,1,4.92,6.06,30,16.9979,2011,23,6,18,58.743164
2011-01-23 19:00:00,1,0,0,1,4.92,6.06,30,19.0012,2011,23,6,19,21.446732
2011-01-23 20:00:00,1,0,0,1,4.1,5.305,36,16.9979,2011,23,6,20,11.366287
2011-01-23 21:00:00,1,0,0,1,4.1,5.305,36,12.998,2011,23,6,21,10.553177
2011-01-23 22:00:00,1,0,0,1,3.28,4.545,38,12.998,2011,23,6,22,7.8556366
2011-01-23 23:00:00,1,0,0,1,2.46,3.03,41,15.0013,2011,23,6,23,-0.069229126
2011-01-24 00:00:00,1,0,1,1,2.46,3.03,41,12.998,2011,24,0,0,-5.7622223
2011-01-24 01:00:00,1,0,1,1,1.64,2.275,45,12.998,2011,24,0,1,-7.9096985
2011-01-24 03:00:00,1,0,1,1,1.64,1.515,45,16.9979,2011,24,0,3,-12.204987
2011-01-24 04:00:00,1,0,1,1,0.82,3.03,48,8.9981,2011,24,0,4,-12.655243
2011-01-24 05:00:00,1,0,1,1,0.82,3.03,48,8.9981,2011,24,0,5,-1.8686218
2011-01-24 06:00:00,1,0,1,1,0.82,3.79,48,6.0032,2011,24,0,6,12.546768
2011-01-24 07:00:00,1,0,1,1,0.82,6.06,48,0.0,2011,24,0,7,36.39096
2011-01-24 08:00:00,1,0,1,1,1.64,6.82,49,0.0,2011,24,0,8,160.8758
2011-01-24 09:00:00,1,0,1,1,2.46,7.575,41,0.0,2011,24,0,9,55.925095
2011-01-24 10:00:00,1,0,1,1,4.1,6.82,42,0.0,2011,24,0,10,-9.350159
2011-01-24 11:00:00,1,0,1,1,4.1,6.06,46,8.9981,2011,24,0,11,4.1868896
2011-01-24 12:00:00,1,0,1,2,4.92,6.82,42,12.998,2011,24,0,12,32.34355
2011-01-24 13:00:00,1,0,1,2,5.74,6.82,43,15.0013,2011,24,0,13,32.498734
2011-01-24 14:00:00,1,0,1,2,5.74,6.82,46,15.0013,2011,24,0,14,21.238068
2011-01-24 15:00:00,1,0,1,1,6.56,8.335,40,11.0014,2011,24,0,15,33.841568
2011-01-24 16:00:00,1,0,1,1,6.56,7.575,47,16.9979,2011,24,0,16,62.46393
2011-01-24 17:00:00,1,0,1,1,5.74,6.06,50,16.9979,2011,24,0,17,179.14688
2011-01-24 18:00:00,1,0,1,1,5.74,6.82,59,12.998,2011,24,0,18,171.68063
2011-01-24 19:00:00,1,0,1,1,5.74,7.575,54,11.0014,2011,24,0,19,110.60569
2011-01-24 20:00:00,1,0,1,1,5.74,6.82,59,12.998,2011,24,0,20,65.01357
2011-01-24 21:00:00,1,0,1,1,5.74,7.575,63,11.0014,2011,24,0,21,47.581284
2011-01-24 22:00:00,1,0,1,2,5.74,6.82,63,15.0013,2011,24,0,22,19.243118
2011-01-24 23:00:00,1,0,1,2,6.56,7.575,64,16.9979,2011,24,0,23,-14.036835
2011-01-25 00:00:00,1,0,1,2,6.56,6.82,69,19.0012,2011,25,1,0,-3.033432
2011-01-25 01:00:00,1,0,1,2,6.56,8.335,69,11.0014,2011,25,1,1,-4.9358673
2011-01-25 02:00:00,1,0,1,1,6.56,7.575,69,15.0013,2011,25,1,2,-12.543488
2011-01-25 04:00:00,1,0,1,1,5.74,8.335,74,7.0015,2011,25,1,4,-7.8986816
2011-01-25 05:00:00,1,0,1,1,5.74,6.82,74,15.0013,2011,25,1,5,2.6680145
2011-01-25 06:00:00,1,0,1,1,6.56,9.09,74,7.0015,2011,25,1,6,30.272827
2011-01-25 07:00:00,1,0,1,1,6.56,7.575,74,15.0013,2011,25,1,7,124.53914
2011-01-25 08:00:00,1,0,1,2,6.56,9.09,74,8.9981,2011,25,1,8,255.31694
2011-01-25 09:00:00,1,0,1,2,8.2,11.365,64,6.0032,2011,25,1,9,97.99864
2011-01-25 10:00:00,1,0,1,2,9.02,12.12,60,7.0015,2011,25,1,10,34.17502
2011-01-25 11:00:00,1,0,1,2,9.84,12.12,60,8.9981,2011,25,1,11,37.47522
2011-01-25 12:00:00,1,0,1,2,10.66,14.395,56,6.0032,2011,25,1,12,45.80635
2011-01-25 13:00:00,1,0,1,2,10.66,13.635,56,8.9981,2011,25,1,13,44.617447
2011-01-25 14:00:00,1,0,1,2,12.3,16.665,45,0.0,2011,25,1,14,30.095505
2011-01-25 15:00:00,1,0,1,2,13.12,17.425,42,0.0,2011,25,1,15,37.130096
2011-01-25 16:00:00,1,0,1,2,13.12,17.425,42,0.0,2011,25,1,16,69.63026
2011-01-25 17:00:00,1,0,1,1,12.3,16.665,45,0.0,2011,25,1,17,201.66759
2011-01-25 18:00:00,1,0,1,2,12.3,15.91,49,6.0032,2011,25,1,18,185.85709
2011-01-25 19:00:00,1,0,1,2,10.66,12.88,65,11.0014,2011,25,1,19,111.82034
2011-01-25 20:00:00,1,0,1,1,9.84,11.365,65,12.998,2011,25,1,20,81.02264
2011-01-25 21:00:00,1,0,1,1,9.84,11.365,65,12.998,2011,25,1,21,59.08191
2011-01-25 22:00:00,1,0,1,1,9.02,11.365,64,11.0014,2011,25,1,22,42.447327
2011-01-25 23:00:00,1,0,1,2,9.02,11.365,64,11.0014,2011,25,1,23,13.88649
2011-01-26 00:00:00,1,0,1,2,9.02,11.365,69,8.9981,2011,26,2,0,2.6442719
2011-01-26 01:00:00,1,0,1,2,9.84,12.12,65,8.9981,2011,26,2,1,-5.205719
2011-01-26 02:00:00,1,0,1,3,9.02,11.365,69,12.998,2011,26,2,2,-16.112885
2011-01-26 05:00:00,1,0,1,3,8.2,9.09,86,19.0012,2011,26,2,5,-3.1762848
2011-01-26 06:00:00,1,0,1,3,8.2,9.09,86,19.0012,2011,26,2,6,0.24809265
2011-01-26 07:00:00,1,0,1,3,9.02,10.605,87,19.9995,2011,26,2,7,61.303253
2011-01-26 08:00:00,1,0,1,3,9.02,10.605,87,19.9995,2011,26,2,8,185.91312
2011-01-26 09:00:00,1,0,1,3,9.02,10.605,87,19.9995,2011,26,2,9,44.16263
2011-01-26 10:00:00,1,0,1,3,9.02,10.605,93,19.0012,2011,26,2,10,-18.562103
2011-01-26 11:00:00,1,0,1,3,9.02,9.85,93,22.0028,2011,26,2,11,-22.237793
2011-01-26 12:00:00,1,0,1,3,9.02,9.85,93,22.0028,2011,26,2,12,-18.630142
2011-01-26 13:00:00,1,0,1,3,9.02,9.85,93,22.0028,2011,26,2,13,-18.630142
2011-01-26 14:00:00,1,0,1,3,9.02,9.85,93,23.9994,2011,26,2,14,-43.3123
2011-01-26 15:00:00,1,0,1,3,9.02,9.09,93,31.0009,2011,26,2,15,-34.823807
2011-01-26 16:00:00,1,0,1,4,9.02,9.85,93,22.0028,2011,26,2,16,-9.03392
2011-01-26 17:00:00,1,0,1,3,8.2,9.09,93,23.9994,2011,26,2,17,61.84204
2011-01-27 16:00:00,1,0,1,1,9.02,11.365,55,12.998,2011,27,3,16,82.9211
2011-01-27 17:00:00,1,0,1,1,9.02,12.12,55,7.0015,2011,27,3,17,191.2591
2011-01-27 18:00:00,1,0,1,1,8.2,11.365,69,6.0032,2011,27,3,18,178.61009
2011-01-27 19:00:00,1,0,1,1,8.2,11.365,69,6.0032,2011,27,3,19,114.97453
2011-01-27 20:00:00,1,0,1,1,7.38,10.605,74,6.0032,2011,27,3,20,83.2441
2011-01-27 21:00:00,1,0,1,1,7.38,10.605,74,6.0032,2011,27,3,21,64.39689
2011-01-27 22:00:00,1,0,1,1,7.38,10.605,74,6.0032,2011,27,3,22,51.232483
2011-01-27 23:00:00,1,0,1,1,7.38,9.85,80,11.0014,2011,27,3,23,34.49443
2011-01-28 00:00:00,1,0,1,2,8.2,10.605,75,8.9981,2011,28,4,0,21.840302
2011-01-28 01:00:00,1,0,1,2,8.2,10.605,75,8.9981,2011,28,4,1,6.474869
2011-01-28 02:00:00,1,0,1,2,8.2,10.605,75,11.0014,2011,28,4,2,2.5978851
2011-01-28 03:00:00,1,0,1,2,8.2,11.365,75,7.0015,2011,28,4,3,2.3529053
2011-01-28 05:00:00,1,0,1,2,7.38,10.605,80,7.0015,2011,28,4,5,12.233551
2011-01-28 06:00:00,1,0,1,2,7.38,9.85,80,8.9981,2011,28,4,6,35.314514
2011-01-28 07:00:00,1,0,1,2,6.56,9.85,86,6.0032,2011,28,4,7,119.92036
2011-01-28 08:00:00,1,0,1,2,6.56,9.85,86,6.0032,2011,28,4,8,241.56381
2011-01-28 09:00:00,1,0,1,3,7.38,10.605,86,6.0032,2011,28,4,9,61.727814
2011-01-28 10:00:00,1,0,1,3,7.38,10.605,86,7.0015,2011,28,4,10,23.373123
2011-01-28 11:00:00,1,0,1,3,7.38,10.605,93,7.0015,2011,28,4,11,19.363281
2011-01-28 12:00:00,1,0,1,3,7.38,10.605,93,7.0015,2011,28,4,12,32.281616
2011-01-28 13:00:00,1,0,1,3,7.38,10.605,93,7.0015,2011,28,4,13,32.281616
2011-01-28 14:00:00,1,0,1,3,9.02,13.635,80,0.0,2011,28,4,14,16.512665
2011-01-28 15:00:00,1,0,1,2,8.2,12.88,86,0.0,2011,28,4,15,66.22751
2011-01-28 16:00:00,1,0,1,1,9.02,13.635,80,0.0,2011,28,4,16,105.92855
2011-01-28 17:00:00,1,0,1,1,9.84,12.12,75,8.9981,2011,28,4,17,184.62717
2011-01-28 18:00:00,1,0,1,1,9.84,11.365,75,12.998,2011,28,4,18,153.72244
2011-01-28 19:00:00,1,0,1,2,9.84,12.12,75,8.9981,2011,28,4,19,95.65398
2011-01-28 20:00:00,1,0,1,2,9.84,11.365,70,12.998,2011,28,4,20,59.80974
2011-01-28 21:00:00,1,0,1,2,9.02,11.365,75,8.9981,2011,28,4,21,56.36058
2011-01-28 22:00:00,1,0,1,1,9.84,10.605,65,23.9994,2011,28,4,22,36.918762
2011-01-28 23:00:00,1,0,1,1,9.84,11.365,60,15.0013,2011,28,4,23,35.768097
2011-01-29 00:00:00,1,0,0,1,9.02,9.85,64,23.9994,2011,29,5,0,43.064697
2011-01-29 01:00:00,1,0,0,1,9.02,11.365,64,12.998,2011,29,5,1,33.378616
2011-01-29 02:00:00,1,0,0,1,9.02,11.365,64,11.0014,2011,29,5,2,26.334625
2011-01-29 03:00:00,1,0,0,1,8.2,10.605,64,8.9981,2011,29,5,3,1.2423401
2011-01-29 04:00:00,1,0,0,1,6.56,9.09,69,7.0015,2011,29,5,4,-7.169998
2011-01-29 06:00:00,1,0,0,1,6.56,9.09,64,8.9981,2011,29,5,6,-1.3421783
2011-01-29 07:00:00,1,0,0,1,6.56,9.09,59,7.0015,2011,29,5,7,-27.333435
2011-01-29 08:00:00,1,0,0,1,7.38,9.85,55,11.0014,2011,29,5,8,-23.106827
2011-01-29 09:00:00,1,0,0,1,7.38,10.605,59,6.0032,2011,29,5,9,51.96753
2011-01-29 10:00:00,1,0,0,2,7.38,10.605,64,7.0015,2011,29,5,10,73.75847
2011-01-29 11:00:00,1,0,0,2,7.38,9.85,64,8.9981,2011,29,5,11,112.496864
2011-01-29 12:00:00,1,0,0,2,8.2,9.85,59,12.998,2011,29,5,12,135.06772
2011-01-29 13:00:00,1,0,0,2,9.02,11.365,55,11.0014,2011,29,5,13,138.88873
2011-01-29 14:00:00,1,0,0,2,9.02,11.365,60,8.9981,2011,29,5,14,128.7204
2011-01-29 15:00:00,1,0,0,1,9.02,10.605,69,16.9979,2011,29,5,15,135.20532
2011-01-29 16:00:00,1,0,0,1,9.84,12.12,60,11.0014,2011,29,5,16,132.65506
2011-01-29 17:00:00,1,0,0,1,9.84,14.395,60,0.0,2011,29,5,17,109.668434
2011-01-29 18:00:00,1,0,0,1,9.02,11.365,69,8.9981,2011,29,5,18,77.79289
2011-01-29 19:00:00,1,0,0,2,9.02,10.605,69,16.9979,2011,29,5,19,47.787735
2011-01-29 20:00:00,1,0,0,1,7.38,10.605,74,6.0032,2011,29,5,20,32.203293
2011-01-29 21:00:00,1,0,0,1,7.38,10.605,74,6.0032,2011,29,5,21,35.612976
2011-01-29 22:00:00,1,0,0,1,6.56,9.85,80,6.0032,2011,29,5,22,34.095352
2011-01-29 23:00:00,1,0,0,1,6.56,9.85,80,6.0032,2011,29,5,23,28.071411
2011-01-30 00:00:00,1,0,0,1,6.56,9.09,80,7.0015,2011,30,6,0,41.94864
2011-01-30 01:00:00,1,0,0,1,5.74,10.605,80,0.0,2011,30,6,1,37.68921
2011-01-30 02:00:00,1,0,0,1,6.56,11.365,80,0.0,2011,30,6,2,30.243042
2011-01-30 03:00:00,1,0,0,1,5.74,10.605,93,0.0,2011,30,6,3,6.8321533
2011-01-30 04:00:00,1,0,0,1,5.74,10.605,93,0.0,2011,30,6,4,-5.4398956
2011-01-30 05:00:00,1,0,0,1,5.74,10.605,86,0.0,2011,30,6,5,0.17318726
2011-01-30 07:00:00,1,0,0,1,5.74,10.605,86,0.0,2011,30,6,7,-27.16304
2011-01-30 08:00:00,1,0,0,2,5.74,10.605,86,0.0,2011,30,6,8,-5.360016
2011-01-30 09:00:00,1,0,0,2,6.56,11.365,80,0.0,2011,30,6,9,48.743164
2011-01-30 10:00:00,1,0,0,2,7.38,12.12,80,0.0,2011,30,6,10,79.93831
2011-01-30 11:00:00,1,0,0,1,9.02,13.635,75,0.0,2011,30,6,11,125.05025
2011-01-30 12:00:00,1,0,0,1,12.3,15.91,52,7.0015,2011,30,6,12,159.53575
2011-01-30 13:00:00,1,0,0,1,11.48,14.395,61,7.0015,2011,30,6,13,152.13301
2011-01-30 14:00:00,1,0,0,1,11.48,15.15,61,6.0032,2011,30,6,14,139.91974
2011-01-30 15:00:00,1,0,0,1,12.3,16.665,56,0.0,2011,30,6,15,144.05107
2011-01-30 16:00:00,1,0,0,1,12.3,16.665,56,0.0,2011,30,6,16,142.1448
2011-01-30 17:00:00,1,0,0,1,12.3,14.395,56,12.998,2011,30,6,17,111.87625
2011-01-30 18:00:00,1,0,0,1,10.66,12.88,65,11.0014,2011,30,6,18,77.1229
2011-01-30 19:00:00,1,0,0,1,10.66,12.88,65,12.998,2011,30,6,19,44.592377
2011-01-30 20:00:00,1,0,0,2,10.66,13.635,65,7.0015,2011,30,6,20,27.865997
2011-01-30 21:00:00,1,0,0,2,9.84,12.12,70,11.0014,2011,30,6,21,22.858948
2011-01-30 22:00:00,1,0,0,2,9.84,11.365,70,12.998,2011,30,6,22,19.78595
2011-01-30 23:00:00,1,0,0,2,9.84,10.605,65,19.0012,2011,30,6,23,1.1718292
2011-01-31 00:00:00,1,0,1,2,9.84,11.365,65,15.0013,2011,31,0,0,0.9101715
2011-01-31 01:00:00,1,0,1,1,9.02,10.605,64,16.9979,2011,31,0,1,-6.461853
2011-01-31 02:00:00,1,0,1,1,9.02,11.365,64,12.998,2011,31,0,2,-11.09613
2011-01-31 03:00:00,1,0,1,1,9.02,11.365,64,12.998,2011,31,0,3,-11.943741
2011-01-31 04:00:00,1,0,1,1,8.2,9.85,59,15.0013,2011,31,0,4,-12.37381
2011-01-31 05:00:00,1,0,1,1,7.38,8.335,64,19.0012,2011,31,0,5,-1.7440033
2011-01-31 06:00:00,1,0,1,1,6.56,6.82,69,22.0028,2011,31,0,6,17.188873
2011-01-31 07:00:00,1,0,1,2,6.56,6.82,64,19.0012,2011,31,0,7,116.3132
2011-01-31 08:00:00,1,0,1,2,6.56,6.82,59,19.0012,2011,31,0,8,233.52475
2011-01-31 09:00:00,1,0,1,2,6.56,6.82,59,19.9995,2011,31,0,9,84.58903
2011-01-31 10:00:00,1,0,1,2,6.56,7.575,59,12.998,2011,31,0,10,23.077621
2011-01-31 11:00:00,1,0,1,2,6.56,7.575,59,12.998,2011,31,0,11,26.9122
2011-01-31 12:00:00,1,0,1,2,7.38,10.605,55,7.0015,2011,31,0,12,37.904984
2011-01-31 13:00:00,1,0,1,2,6.56,11.365,59,0.0,2011,31,0,13,20.857758
2011-01-31 14:00:00,1,0,1,2,7.38,9.85,55,8.9981,2011,31,0,14,26.241013
2011-01-31 15:00:00,1,0,1,2,6.56,9.09,59,8.9981,2011,31,0,15,33.563828
2011-01-31 16:00:00,1,0,1,2,6.56,9.09,56,12.998,2011,31,0,16,65.470314
2011-01-31 17:00:00,1,0,1,2,6.56,7.575,59,12.998,2011,31,0,17,182.96323
2011-01-31 18:00:00,1,0,1,2,6.56,7.575,55,15.0013,2011,31,0,18,171.82658
2011-01-31 19:00:00,1,0,1,1,12.3,15.91,61,7.0015,2011,31,0,19,132.90744
2011-01-31 20:00:00,1,0,1,3,6.56,8.335,59,11.0014,2011,31,0,20,36.167053
2011-01-31 21:00:00,1,0,1,3,6.56,9.85,59,6.0032,2011,31,0,21,21.118439
2011-01-31 22:00:00,1,0,1,2,6.56,9.09,59,7.0015,2011,31,0,22,26.888565
2011-01-31 23:00:00,1,0,1,2,6.56,9.85,64,6.0032,2011,31,0,23,-0.9671936
2011-02-20 00:00:00,1,0,0,1,10.66,10.605,35,30.0026,2011,20,6,0,44.73474
2011-02-20 01:00:00,1,0,0,1,9.84,9.85,41,31.0009,2011,20,6,1,35.368332
2011-02-20 02:00:00,1,0,0,1,9.84,9.85,41,36.9974,2011,20,6,2,33.2332
2011-02-20 03:00:00,1,0,0,1,9.02,9.09,44,36.9974,2011,20,6,3,10.0177765
2011-02-20 04:00:00,1,0,0,1,9.02,9.09,44,36.9974,2011,20,6,4,-0.7638855
2011-02-20 06:00:00,1,0,0,1,8.2,9.09,47,19.9995,2011,20,6,6,-0.823822
2011-02-20 07:00:00,1,0,0,1,7.38,8.335,51,16.9979,2011,20,6,7,-34.013077
2011-02-20 08:00:00,1,0,0,1,8.2,11.365,51,7.0015,2011,20,6,8,-32.968643
2011-02-20 09:00:00,1,0,0,1,9.02,10.605,47,19.0012,2011,20,6,9,35.083008
2011-02-20 10:00:00,1,0,0,2,10.66,12.88,41,12.998,2011,20,6,10,78.37974
2011-02-20 11:00:00,1,0,0,2,12.3,15.15,33,11.0014,2011,20,6,11,136.30931
2011-02-20 12:00:00,1,0,0,1,12.3,15.91,33,7.0015,2011,20,6,12,158.7656
2011-02-20 13:00:00,1,0,0,1,13.94,16.665,29,0.0,2011,20,6,13,182.69019
2011-02-20 14:00:00,1,0,0,1,14.76,17.425,27,11.0014,2011,20,6,14,145.03992
2011-02-20 15:00:00,1,0,0,1,14.76,18.18,27,6.0032,2011,20,6,15,147.23428
2011-02-20 16:00:00,1,0,0,1,14.76,18.18,29,6.0032,2011,20,6,16,174.5245
2011-02-20 17:00:00,1,0,0,1,13.94,17.425,33,11.0014,2011,20,6,17,132.9034
2011-02-20 18:00:00,1,0,0,2,13.94,16.665,36,8.9981,2011,20,6,18,103.586754
2011-02-20 19:00:00,1,0,0,2,13.94,16.665,36,8.9981,2011,20,6,19,66.07089
2011-02-20 20:00:00,1,0,0,2,13.94,18.18,42,0.0,2011,20,6,20,40.293304
2011-02-20 21:00:00,1,0,0,2,13.12,17.425,53,0.0,2011,20,6,21,33.542374
2011-02-20 22:00:00,1,0,0,2,13.12,15.15,57,15.0013,2011,20,6,22,37.07263
2011-02-20 23:00:00,1,0,0,2,12.3,15.15,61,11.0014,2011,20,6,23,21.342072
2011-02-21 00:00:00,1,1,0,2,13.94,15.15,42,22.0028,2011,21,0,0,7.292053
2011-02-21 01:00:00,1,1,0,2,13.94,15.15,42,22.0028,2011,21,0,1,3.977066
2011-02-21 02:00:00,1,1,0,2,13.94,15.15,42,22.0028,2011,21,0,2,-2.1640015
2011-02-21 03:00:00,1,1,0,2,13.94,15.15,42,19.9995,2011,21,0,3,-9.721985
2011-02-21 04:00:00,1,1,0,1,13.12,15.91,45,11.0014,2011,21,0,4,-15.307724
2011-02-21 05:00:00,1,1,0,2,13.94,18.18,36,0.0,2011,21,0,5,-17.841995
2011-02-21 06:00:00,1,1,0,2,17.22,21.21,26,19.9995,2011,21,0,6,30.894028
2011-02-21 07:00:00,1,1,0,2,17.22,21.21,26,19.0012,2011,21,0,7,83.09416
2011-02-21 08:00:00,1,1,0,2,13.12,15.15,57,19.9995,2011,21,0,8,80.06781
2011-02-21 09:00:00,1,1,0,2,13.12,15.15,57,19.0012,2011,21,0,9,90.16769
2011-02-21 10:00:00,1,1,0,2,13.12,15.15,57,16.9979,2011,21,0,10,80.09253
2011-02-21 11:00:00,1,1,0,2,13.12,16.665,57,7.0015,2011,21,0,11,95.89125
2011-02-21 12:00:00,1,1,0,2,13.12,15.91,66,12.998,2011,21,0,12,105.811775
2011-02-21 13:00:00,1,1,0,3,12.3,13.635,81,22.0028,2011,21,0,13,42.39125
2011-02-21 14:00:00,1,1,0,2,13.12,15.15,76,16.9979,2011,21,0,14,93.21875
2011-02-21 15:00:00,1,1,0,2,12.3,13.635,70,30.0026,2011,21,0,15,82.214584
2011-02-21 16:00:00,1,1,0,3,11.48,12.12,75,27.9993,2011,21,0,16,61.36693
2011-02-21 17:00:00,1,1,0,2,11.48,12.88,75,26.0027,2011,21,0,17,125.36753
2011-02-21 18:00:00,1,1,0,2,9.84,10.605,87,23.9994,2011,21,0,18,80.59105
2011-02-21 19:00:00,1,1,0,2,9.84,10.605,87,23.9994,2011,21,0,19,65.21382
2011-02-21 20:00:00,1,1,0,3,9.84,10.605,81,26.0027,2011,21,0,20,4.0463715
2011-02-21 21:00:00,1,1,0,3,9.02,9.85,75,30.0026,2011,21,0,21,-6.787216
2011-02-21 22:00:00,1,1,0,3,8.2,8.335,75,27.9993,2011,21,0,22,-19.081299
2011-02-21 23:00:00,1,1,0,3,8.2,8.335,75,27.9993,2011,21,0,23,-29.483719
2011-02-22 06:00:00,1,0,1,2,4.92,6.06,80,19.0012,2011,22,1,6,24.209564
2011-02-22 07:00:00,1,0,1,2,4.92,6.06,80,19.0012,2011,22,1,7,119.909836
2011-02-22 08:00:00,1,0,1,2,4.92,6.06,80,16.9979,2011,22,1,8,242.29836
2011-02-22 09:00:00,1,0,1,2,5.74,6.06,74,16.9979,2011,22,1,9,94.287384
2011-02-22 10:00:00,1,0,1,1,6.56,9.09,69,0.0,2011,22,1,10,30.766449
2011-02-22 11:00:00,1,0,1,1,6.56,11.365,64,0.0,2011,22,1,11,32.54924
2011-02-22 12:00:00,1,0,1,1,8.2,11.365,59,7.0015,2011,22,1,12,43.231125
2011-02-22 13:00:00,1,0,1,1,9.02,11.365,55,11.0014,2011,22,1,13,46.365158
2011-02-22 14:00:00,1,0,1,1,9.02,11.365,55,12.998,2011,22,1,14,33.152878
2011-02-22 15:00:00,1,0,1,1,9.84,11.365,48,12.998,2011,22,1,15,40.942932
2011-02-22 16:00:00,1,0,1,1,9.02,11.365,51,11.0014,2011,22,1,16,72.7667
2011-02-22 17:00:00,1,0,1,1,9.02,10.605,51,15.0013,2011,22,1,17,184.72626
2011-02-22 18:00:00,1,0,1,1,9.02,11.365,47,8.9981,2011,22,1,18,176.24834
2011-02-22 19:00:00,1,0,1,1,8.2,9.09,47,19.0012,2011,22,1,19,90.963455
2011-02-22 20:00:00,1,0,1,1,8.2,9.85,47,15.0013,2011,22,1,20,66.494774
2011-02-22 21:00:00,1,0,1,1,8.2,9.85,47,16.9979,2011,22,1,21,43.987137
2011-02-22 22:00:00,1,0,1,1,6.56,7.575,43,16.9979,2011,22,1,22,25.726685
2011-02-22 23:00:00,1,0,1,1,6.56,7.575,43,16.9979,2011,22,1,23,3.1861572
2011-02-23 00:00:00,1,0,1,1,5.74,6.82,50,12.998,2011,23,2,0,-3.3917084
2011-02-23 01:00:00,1,0,1,1,5.74,7.575,46,11.0014,2011,23,2,1,-10.455795
2011-02-23 02:00:00,1,0,1,1,4.92,7.575,50,8.9981,2011,23,2,2,-15.01619
2011-02-23 03:00:00,1,0,1,1,4.92,6.82,50,11.0014,2011,23,2,3,-15.649811
2011-02-23 05:00:00,1,0,1,1,4.92,7.575,50,7.0015,2011,23,2,5,-4.4117126
2011-02-23 06:00:00,1,0,1,1,4.92,7.575,50,7.0015,2011,23,2,6,19.701828
2011-02-23 07:00:00,1,0,1,1,4.92,7.575,54,8.9981,2011,23,2,7,120.07824
2011-02-23 08:00:00,1,0,1,1,5.74,7.575,54,11.0014,2011,23,2,8,251.65042
2011-02-23 09:00:00,1,0,1,1,7.38,10.605,51,6.0032,2011,23,2,9,104.00306
2011-02-23 10:00:00,1,0,1,1,8.2,12.88,40,0.0,2011,23,2,10,22.599411
2011-02-23 11:00:00,1,0,1,1,9.84,12.88,41,7.0015,2011,23,2,11,40.8022
2011-02-23 12:00:00,1,0,1,1,10.66,14.395,35,6.0032,2011,23,2,12,49.82277
2011-02-23 13:00:00,1,0,1,1,12.3,15.91,28,6.0032,2011,23,2,13,63.160294
2011-02-23 14:00:00,1,0,1,1,13.12,16.665,29,7.0015,2011,23,2,14,53.40947
2011-02-23 15:00:00,1,0,1,1,13.94,17.425,25,6.0032,2011,23,2,15,69.32312
2011-02-23 16:00:00,1,0,1,1,13.94,18.18,25,0.0,2011,23,2,16,83.59712
2011-02-23 17:00:00,1,0,1,1,13.94,17.425,25,6.0032,2011,23,2,17,234.88828
2011-02-23 18:00:00,1,0,1,1,13.12,16.665,26,6.0032,2011,23,2,18,201.60455
2011-02-23 19:00:00,1,0,1,1,12.3,16.665,33,0.0,2011,23,2,19,108.763245
2011-02-23 20:00:00,1,0,1,1,9.84,12.12,60,11.0014,2011,23,2,20,82.492195
2011-02-23 21:00:00,1,0,1,1,9.84,14.395,48,0.0,2011,23,2,21,41.728043
2011-02-23 22:00:00,1,0,1,1,9.84,14.395,48,0.0,2011,23,2,22,23.038757
2011-02-23 23:00:00,1,0,1,1,9.02,12.88,55,6.0032,2011,23,2,23,12.379272
2011-02-24 00:00:00,1,0,1,1,9.02,12.88,55,6.0032,2011,24,3,0,11.897369
2011-02-24 01:00:00,1,0,1,1,9.02,12.88,60,6.0032,2011,24,3,1,2.6584167
2011-02-24 02:00:00,1,0,1,1,8.2,11.365,64,6.0032,2011,24,3,2,-2.0752869
2011-02-24 03:00:00,1,0,1,1,8.2,10.605,64,8.9981,2011,24,3,3,2.0525818
2011-02-24 05:00:00,1,0,1,1,8.2,10.605,69,8.9981,2011,24,3,5,14.424118
2011-02-24 06:00:00,1,0,1,1,8.2,9.85,69,12.998,2011,24,3,6,37.17932
2011-02-24 07:00:00,1,0,1,1,8.2,9.85,72,12.998,2011,24,3,7,136.85565
2011-02-24 08:00:00,1,0,1,1,9.84,11.365,70,15.0013,2011,24,3,8,287.64465
2011-02-24 09:00:00,1,0,1,2,9.84,10.605,75,19.9995,2011,24,3,9,110.6014
2011-02-24 10:00:00,1,0,1,2,10.66,12.12,70,19.0012,2011,24,3,10,43.378906
2011-02-24 11:00:00,1,0,1,2,13.12,14.395,57,26.0027,2011,24,3,11,56.59958
2011-02-24 12:00:00,1,0,1,2,14.76,16.665,53,23.9994,2011,24,3,12,62.9552
2011-02-24 13:00:00,1,0,1,2,15.58,19.695,54,19.9995,2011,24,3,13,68.00942
2011-02-24 14:00:00,1,0,1,2,16.4,20.455,50,19.9995,2011,24,3,14,57.779053
2011-02-24 15:00:00,1,0,1,3,16.4,20.455,54,26.0027,2011,24,3,15,14.822693
2011-02-24 16:00:00,1,0,1,3,15.58,19.695,62,19.0012,2011,24,3,16,46.495117
2011-02-24 17:00:00,1,0,1,3,14.76,17.425,66,12.998,2011,24,3,17,179.11984
2011-02-24 18:00:00,1,0,1,2,13.94,15.15,87,22.0028,2011,24,3,18,139.98778
2011-02-24 19:00:00,1,0,1,3,13.94,15.15,93,19.9995,2011,24,3,19,26.584457
2011-02-24 20:00:00,1,0,1,2,13.94,15.15,93,23.9994,2011,24,3,20,47.623398
2011-02-24 21:00:00,1,0,1,2,13.94,15.15,87,22.0028,2011,24,3,21,63.154556
2011-02-24 22:00:00,1,0,1,3,13.94,15.91,87,19.0012,2011,24,3,22,3.7973785
2011-02-24 23:00:00,1,0,1,2,13.12,15.15,93,15.0013,2011,24,3,23,29.054932
2011-02-25 00:00:00,1,0,1,3,13.12,17.425,93,0.0,2011,25,4,0,18.570816
2011-02-25 01:00:00,1,0,1,2,13.12,17.425,100,0.0,2011,25,4,1,8.84227
2011-02-25 02:00:00,1,0,1,2,13.12,17.425,100,0.0,2011,25,4,2,4.542618
2011-02-25 03:00:00,1,0,1,2,13.12,16.665,93,7.0015,2011,25,4,3,2.7353516
2011-02-25 05:00:00,1,0,1,2,13.12,16.665,93,7.0015,2011,25,4,5,12.898804
2011-02-25 06:00:00,1,0,1,3,13.94,17.425,93,6.0032,2011,25,4,6,22.766052
2011-02-25 07:00:00,1,0,1,3,13.94,16.665,100,8.9981,2011,25,4,7,53.533478
2011-02-25 08:00:00,1,0,1,3,14.76,17.425,93,8.9981,2011,25,4,8,159.38097
2011-02-25 09:00:00,1,0,1,3,13.94,15.15,93,23.9994,2011,25,4,9,19.630539
2011-02-25 10:00:00,1,0,1,3,17.22,21.21,94,22.0028,2011,25,4,10,-10.6171875
2011-02-25 11:00:00,1,0,1,1,21.32,25.0,77,30.0026,2011,25,4,11,125.4013
2011-02-25 12:00:00,1,0,1,3,22.14,25.76,60,31.0009,2011,25,4,12,107.83123
2011-02-25 13:00:00,1,0,1,3,22.14,25.76,60,31.0009,2011,25,4,13,107.83123
2011-02-25 14:00:00,1,0,1,3,22.96,26.515,56,40.9973,2011,25,4,14,103.45584
2011-02-25 15:00:00,1,0,1,1,18.86,22.725,41,54.002,2011,25,4,15,115.7104
2011-02-25 16:00:00,1,0,1,1,13.12,14.395,49,31.0009,2011,25,4,16,99.59434
2011-02-25 17:00:00,1,0,1,1,13.12,13.635,49,50.0021,2011,25,4,17,154.84317
2011-02-25 18:00:00,1,0,1,1,13.12,14.395,49,32.9975,2011,25,4,18,149.22418
2011-02-25 19:00:00,1,0,1,1,12.3,13.635,52,30.0026,2011,25,4,19,83.88872
2011-02-25 20:00:00,1,0,1,1,12.3,12.88,49,40.9973,2011,25,4,20,54.58052
2011-02-25 21:00:00,1,0,1,1,11.48,12.88,48,26.0027,2011,25,4,21,50.37549
2011-02-25 22:00:00,1,0,1,1,10.66,10.605,48,30.0026,2011,25,4,22,31.793457
2011-02-25 23:00:00,1,0,1,1,10.66,11.365,48,22.0028,2011,25,4,23,23.900711
2011-02-26 00:00:00,1,0,0,1,9.84,11.365,52,12.998,2011,26,5,0,42.705475
2011-02-26 01:00:00,1,0,0,1,9.84,10.605,52,19.9995,2011,26,5,1,35.804245
2011-02-26 02:00:00,1,0,0,1,9.02,9.85,60,23.9994,2011,26,5,2,25.727524
2011-02-26 03:00:00,1,0,0,1,9.02,11.365,55,8.9981,2011,26,5,3,1.3387909
2011-02-26 04:00:00,1,0,0,2,9.02,12.88,60,6.0032,2011,26,5,4,-4.1051636
2011-02-26 05:00:00,1,0,0,2,9.02,12.12,64,7.0015,2011,26,5,5,-3.9379883
2011-02-26 06:00:00,1,0,0,1,9.02,13.635,60,0.0,2011,26,5,6,-2.550171
2011-02-26 07:00:00,1,0,0,1,9.02,12.88,60,6.0032,2011,26,5,7,-27.257614
2011-02-26 08:00:00,1,0,0,2,9.84,14.395,60,0.0,2011,26,5,8,-12.643204
2011-02-26 09:00:00,1,0,0,2,10.66,12.88,56,11.0014,2011,26,5,9,63.581085
2011-02-26 10:00:00,1,0,0,2,12.3,15.15,49,8.9981,2011,26,5,10,89.77867
2011-02-26 11:00:00,1,0,0,1,12.3,16.665,45,0.0,2011,26,5,11,134.41028
2011-02-26 12:00:00,1,0,0,2,13.12,15.91,45,11.0014,2011,26,5,12,165.72469
2011-02-26 13:00:00,1,0,0,2,13.94,15.91,42,16.9979,2011,26,5,13,170.39496
2011-02-26 14:00:00,1,0,0,2,13.94,15.15,36,22.0028,2011,26,5,14,161.58092
2011-02-26 15:00:00,1,0,0,2,14.76,16.665,40,19.0012,2011,26,5,15,161.53557
2011-02-26 16:00:00,1,0,0,1,14.76,16.665,46,19.0012,2011,26,5,16,162.13066
2011-02-26 17:00:00,1,0,0,1,14.76,17.425,43,15.0013,2011,26,5,17,137.57321
2011-02-26 18:00:00,1,0,0,1,13.94,16.665,46,12.998,2011,26,5,18,103.87565
2011-02-26 19:00:00,1,0,0,1,13.12,15.15,49,16.9979,2011,26,5,19,65.00994
2011-02-26 20:00:00,1,0,0,1,12.3,15.15,56,11.0014,2011,26,5,20,46.55916
2011-02-26 21:00:00,1,0,0,1,11.48,13.635,65,16.9979,2011,26,5,21,41.654526
2011-02-26 22:00:00,1,0,0,1,11.48,13.635,75,15.0013,2011,26,5,22,44.90953
2011-02-26 23:00:00,1,0,0,1,11.48,12.88,75,19.0012,2011,26,5,23,33.86125
2011-02-27 00:00:00,1,0,0,1,10.66,12.12,87,19.0012,2011,27,6,0,53.772354
2011-02-27 01:00:00,1,0,0,1,10.66,12.88,87,12.998,2011,27,6,1,41.953934
2011-02-27 02:00:00,1,0,0,1,10.66,13.635,87,8.9981,2011,27,6,2,36.987488
2011-02-27 03:00:00,1,0,0,1,10.66,14.395,87,6.0032,2011,27,6,3,11.909256
2011-02-27 04:00:00,1,0,0,1,9.84,12.12,87,8.9981,2011,27,6,4,0.24343872
2011-02-27 06:00:00,1,0,0,1,9.84,14.395,87,0.0,2011,27,6,6,4.176956
2011-02-27 07:00:00,1,0,0,1,9.84,12.12,87,8.9981,2011,27,6,7,-28.846024
2011-02-27 08:00:00,1,0,0,1,10.66,15.15,87,0.0,2011,27,6,8,-21.1624
2011-02-27 09:00:00,1,0,0,1,11.48,15.15,87,6.0032,2011,27,6,9,59.562653
2011-02-27 10:00:00,1,0,0,1,12.3,15.15,81,11.0014,2011,27,6,10,97.5137
2011-02-27 11:00:00,1,0,0,1,14.76,17.425,62,8.9981,2011,27,6,11,161.24683
2011-02-27 12:00:00,1,0,0,1,16.4,20.455,54,6.0032,2011,27,6,12,201.71516
2011-02-27 13:00:00,1,0,0,1,17.22,21.21,47,0.0,2011,27,6,13,219.8046
2011-02-27 14:00:00,1,0,0,1,18.04,21.97,47,6.0032,2011,27,6,14,217.22879
2011-02-27 15:00:00,1,0,0,1,18.86,22.725,44,8.9981,2011,27,6,15,215.58162
2011-02-27 16:00:00,1,0,0,1,19.68,23.485,44,11.0014,2011,27,6,16,263.17014
2011-02-27 17:00:00,1,0,0,1,17.22,21.21,54,12.998,2011,27,6,17,175.4824
2011-02-27 18:00:00,1,0,0,1,16.4,20.455,54,12.998,2011,27,6,18,123.59343
2011-02-27 19:00:00,1,0,0,1,16.4,20.455,54,8.9981,2011,27,6,19,88.63337
2011-02-27 20:00:00,1,0,0,1,16.4,20.455,54,6.0032,2011,27,6,20,64.61101
2011-02-27 21:00:00,1,0,0,1,15.58,19.695,62,11.0014,2011,27,6,21,56.20952
2011-02-27 22:00:00,1,0,0,2,15.58,19.695,62,7.0015,2011,27,6,22,45.372375
2011-02-27 23:00:00,1,0,0,2,14.76,17.425,62,11.0014,2011,27,6,23,28.975967
2011-02-28 00:00:00,1,0,1,2,14.76,18.18,66,7.0015,2011,28,0,0,2.4817352
2011-02-28 01:00:00,1,0,1,3,13.94,15.15,87,23.9994,2011,28,0,1,-9.517807
2011-02-28 03:00:00,1,0,1,3,13.12,15.91,93,11.0014,2011,28,0,3,-10.943237
2011-02-28 05:00:00,1,0,1,2,13.94,18.18,93,0.0,2011,28,0,5,-7.4234314
2011-02-28 06:00:00,1,0,1,2,13.94,17.425,96,7.0015,2011,28,0,6,28.608353
2011-02-28 07:00:00,1,0,1,2,14.76,18.18,93,7.0015,2011,28,0,7,148.22797
2011-02-28 08:00:00,1,0,1,2,13.94,15.15,93,19.9995,2011,28,0,8,251.94666
2011-02-28 09:00:00,1,0,1,1,17.22,21.21,82,19.0012,2011,28,0,9,154.89322
2011-02-28 10:00:00,1,0,1,2,21.32,25.0,72,32.9975,2011,28,0,10,54.355988
2011-02-28 11:00:00,1,0,1,2,22.96,26.515,64,19.9995,2011,28,0,11,111.93263
2011-02-28 12:00:00,1,0,1,2,22.96,26.515,64,19.9995,2011,28,0,12,130.88815
2011-02-28 13:00:00,1,0,1,3,18.86,22.725,94,15.0013,2011,28,0,13,-21.728912
2011-02-28 14:00:00,1,0,1,3,17.22,21.21,100,19.9995,2011,28,0,14,-59.61728
2011-02-28 15:00:00,1,0,1,3,17.22,21.21,100,19.9995,2011,28,0,15,-52.531464
2011-02-28 16:00:00,1,0,1,3,17.22,21.21,100,8.9981,2011,28,0,16,16.449646
2011-02-28 17:00:00,1,0,1,3,16.4,20.455,100,19.9995,2011,28,0,17,53.043945
2011-02-28 18:00:00,1,0,1,3,18.86,22.725,94,12.998,2011,28,0,18,75.292786
2011-02-28 19:00:00,1,0,1,3,18.04,21.97,88,40.9973,2011,28,0,19,-24.60907
2011-02-28 20:00:00,1,0,1,3,18.04,21.97,88,40.9973,2011,28,0,20,-33.12024
2011-02-28 21:00:00,1,0,1,2,15.58,19.695,87,26.0027,2011,28,0,21,27.909805
2011-02-28 22:00:00,1,0,1,3,13.94,15.15,93,27.9993,2011,28,0,22,-34.822357
2011-02-28 23:00:00,1,0,1,2,13.12,14.395,81,26.0027,2011,28,0,23,-28.328003
2011-03-20 00:00:00,1,0,0,1,13.94,15.15,49,27.9993,2011,20,6,0,49.81372
2011-03-20 01:00:00,1,0,0,1,13.12,14.395,53,23.9994,2011,20,6,1,40.292313
2011-03-20 02:00:00,1,0,0,1,12.3,14.395,52,19.0012,2011,20,6,2,36.357666
2011-03-20 03:00:00,1,0,0,1,11.48,13.635,56,16.9979,2011,20,6,3,10.05014
2011-03-20 04:00:00,1,0,0,1,10.66,12.88,56,15.0013,2011,20,6,4,-4.300171
2011-03-20 05:00:00,1,0,0,1,10.66,12.88,60,12.998,2011,20,6,5,-4.233429
2011-03-20 06:00:00,1,0,0,1,10.66,12.88,60,15.0013,2011,20,6,6,-0.4111023
2011-03-20 07:00:00,1,0,0,1,9.84,11.365,60,15.0013,2011,20,6,7,-33.94423
2011-03-20 08:00:00,1,0,0,1,11.48,13.635,56,11.0014,2011,20,6,8,-27.422638
2011-03-20 09:00:00,1,0,0,1,12.3,15.15,52,8.9981,2011,20,6,9,51.255997
2011-03-20 10:00:00,1,0,0,2,13.12,17.425,45,0.0,2011,20,6,10,98.21985
2011-03-20 11:00:00,1,0,0,1,13.94,17.425,39,7.0015,2011,20,6,11,163.40039
2011-03-20 12:00:00,1,0,0,1,14.76,18.18,40,7.0015,2011,20,6,12,190.12166
2011-03-20 13:00:00,1,0,0,1,15.58,19.695,34,0.0,2011,20,6,13,195.93802
2011-03-20 14:00:00,1,0,0,1,16.4,20.455,30,0.0,2011,20,6,14,187.55151
2011-03-20 15:00:00,1,0,0,1,16.4,20.455,32,6.0032,2011,20,6,15,188.04916
2011-03-20 16:00:00,1,0,0,1,17.22,21.21,32,0.0,2011,20,6,16,211.71638
2011-03-20 17:00:00,1,0,0,1,16.4,20.455,35,19.0012,2011,20,6,17,146.41385
2011-03-20 18:00:00,1,0,0,1,15.58,19.695,40,23.9994,2011,20,6,18,108.477905
2011-03-20 19:00:00,1,0,0,1,14.76,16.665,43,19.0012,2011,20,6,19,66.71497
2011-03-20 20:00:00,1,0,0,1,14.76,16.665,46,19.0012,2011,20,6,20,41.684967
2011-03-20 21:00:00,1,0,0,2,13.94,15.91,53,19.0012,2011,20,6,21,33.755173
2011-03-20 22:00:00,1,0,0,2,13.94,15.15,53,22.0028,2011,20,6,22,29.410843
2011-03-20 23:00:00,1,0,0,3,13.94,15.15,61,26.0027,2011,20,6,23,-9.766357
2011-03-21 00:00:00,2,0,1,3,13.94,15.15,66,26.0027,2011,21,0,0,8.322556
2011-03-21 01:00:00,2,0,1,2,13.94,15.15,71,26.0027,2011,21,0,1,-12.374603
2011-03-21 02:00:00,2,0,1,2,13.94,15.15,71,22.0028,2011,21,0,2,-16.59285
2011-03-21 03:00:00,2,0,1,2,13.94,15.15,71,22.0028,2011,21,0,3,-18.440353
2011-03-21 05:00:00,2,0,1,1,13.12,15.15,81,19.9995,2011,21,0,5,7.0950317
2011-03-21 06:00:00,2,0,1,3,13.12,15.15,76,16.9979,2011,21,0,6,23.60408
2011-03-21 07:00:00,2,0,1,3,12.3,13.635,87,27.9993,2011,21,0,7,98.7781
2011-03-21 08:00:00,2,0,1,2,12.3,13.635,87,27.9993,2011,21,0,8,343.11145
2011-03-21 09:00:00,2,0,1,2,13.94,15.15,81,22.0028,2011,21,0,9,135.4476
2011-03-21 10:00:00,2,0,1,2,15.58,19.695,76,26.0027,2011,21,0,10,78.89897
2011-03-21 11:00:00,2,0,1,2,17.22,21.21,71,19.9995,2011,21,0,11,100.3647
2011-03-21 12:00:00,2,0,1,2,18.04,21.97,77,16.9979,2011,21,0,12,127.760284
2011-03-21 13:00:00,2,0,1,2,20.5,24.24,63,15.0013,2011,21,0,13,142.78807
2011-03-21 14:00:00,2,0,1,2,22.14,25.76,64,15.0013,2011,21,0,14,135.40115
2011-03-21 15:00:00,2,0,1,2,22.96,26.515,60,15.0013,2011,21,0,15,154.54208
2011-03-21 16:00:00,2,0,1,2,22.14,25.76,64,19.0012,2011,21,0,16,190.05713
2011-03-21 17:00:00,2,0,1,2,22.14,25.76,64,16.9979,2011,21,0,17,409.9912
2011-03-21 18:00:00,2,0,1,2,21.32,25.0,72,15.0013,2011,21,0,18,394.10568
2011-03-21 19:00:00,2,0,1,1,23.78,27.275,60,27.9993,2011,21,0,19,336.53387
2011-03-21 20:00:00,2,0,1,1,22.96,26.515,64,12.998,2011,21,0,20,255.61823
2011-03-21 21:00:00,2,0,1,1,18.86,22.725,94,12.998,2011,21,0,21,92.437836
2011-03-21 22:00:00,2,0,1,1,18.86,22.725,88,15.0013,2011,21,0,22,82.23043
2011-03-21 23:00:00,2,0,1,1,18.86,22.725,88,6.0032,2011,21,0,23,42.252792
2011-03-22 00:00:00,2,0,1,1,18.86,22.725,88,12.998,2011,22,1,0,32.95253
2011-03-22 01:00:00,2,0,1,1,17.22,21.21,100,8.9981,2011,22,1,1,8.665604
2011-03-22 02:00:00,2,0,1,1,18.04,21.97,94,6.0032,2011,22,1,2,1.7076416
2011-03-22 03:00:00,2,0,1,1,18.04,21.97,82,15.0013,2011,22,1,3,3.586609
2011-03-22 04:00:00,2,0,1,2,17.22,21.21,82,11.0014,2011,22,1,4,0.32754517
2011-03-22 05:00:00,2,0,1,2,16.4,20.455,87,8.9981,2011,22,1,5,11.896912
2011-03-22 06:00:00,2,0,1,1,16.4,20.455,87,16.9979,2011,22,1,6,83.86674
2011-03-22 07:00:00,2,0,1,2,16.4,20.455,76,7.0015,2011,22,1,7,228.72215
2011-03-22 08:00:00,2,0,1,2,16.4,20.455,58,19.9995,2011,22,1,8,358.16937
2011-03-22 09:00:00,2,0,1,2,16.4,20.455,58,31.0009,2011,22,1,9,146.68597
2011-03-22 10:00:00,2,0,1,2,18.04,21.97,54,19.9995,2011,22,1,10,99.48615
2011-03-22 11:00:00,2,0,1,1,18.04,21.97,51,22.0028,2011,22,1,11,113.70474
2011-03-22 12:00:00,2,0,1,1,18.86,22.725,47,16.9979,2011,22,1,12,145.09016
2011-03-22 13:00:00,2,0,1,1,20.5,24.24,45,15.0013,2011,22,1,13,156.63522
2011-03-22 14:00:00,2,0,1,1,20.5,24.24,42,22.0028,2011,22,1,14,148.33994
2011-03-22 15:00:00,2,0,1,1,20.5,24.24,42,15.0013,2011,22,1,15,160.84395
2011-03-22 16:00:00,2,0,1,1,20.5,24.24,42,7.0015,2011,22,1,16,220.42705
2011-03-22 17:00:00,2,0,1,1,20.5,24.24,42,7.0015,2011,22,1,17,432.5937
2011-03-22 18:00:00,2,0,1,1,19.68,23.485,44,6.0032,2011,22,1,18,385.79294
2011-03-22 19:00:00,2,0,1,2,18.04,21.97,54,16.9979,2011,22,1,19,224.6672
2011-03-22 20:00:00,2,0,1,2,18.04,21.97,54,23.9994,2011,22,1,20,129.62532
2011-03-22 21:00:00,2,0,1,2,17.22,21.21,54,19.0012,2011,22,1,21,101.09024
2011-03-22 22:00:00,2,0,1,2,16.4,20.455,58,16.9979,2011,22,1,22,74.56736
2011-03-22 23:00:00,2,0,1,2,16.4,20.455,58,16.9979,2011,22,1,23,36.582123
2011-03-23 00:00:00,2,0,1,3,14.76,17.425,71,15.0013,2011,23,2,0,0.49516296
2011-03-23 01:00:00,2,0,1,3,13.94,15.91,76,15.0013,2011,23,2,1,-3.6844788
2011-03-23 02:00:00,2,0,1,3,13.94,15.91,76,15.0013,2011,23,2,2,-7.469345
2011-03-23 03:00:00,2,0,1,2,13.94,15.91,76,16.9979,2011,23,2,3,-10.312729
2011-03-23 05:00:00,2,0,1,3,13.12,15.91,87,12.998,2011,23,2,5,-2.759842
2011-03-23 06:00:00,2,0,1,2,13.94,15.91,87,16.9979,2011,23,2,6,55.326477
2011-03-23 07:00:00,2,0,1,2,13.12,15.15,93,15.0013,2011,23,2,7,192.02942
2011-03-23 08:00:00,2,0,1,2,13.12,15.91,87,12.998,2011,23,2,8,363.86105
2011-03-23 09:00:00,2,0,1,2,13.12,15.15,81,16.9979,2011,23,2,9,133.48352
2011-03-23 10:00:00,2,0,1,2,13.94,15.91,81,19.0012,2011,23,2,10,78.790764
2011-03-23 11:00:00,2,0,1,2,13.94,16.665,87,12.998,2011,23,2,11,84.4014
2011-03-23 12:00:00,2,0,1,2,13.94,15.91,87,15.0013,2011,23,2,12,91.97845
2011-03-23 13:00:00,2,0,1,3,13.94,16.665,87,8.9981,2011,23,2,13,44.317337
2011-03-23 14:00:00,2,0,1,2,14.76,18.18,87,7.0015,2011,23,2,14,89.54491
2011-03-23 15:00:00,2,0,1,2,15.58,19.695,82,15.0013,2011,23,2,15,98.74361
2011-03-23 16:00:00,2,0,1,2,16.4,20.455,76,15.0013,2011,23,2,16,146.42314
2011-03-23 17:00:00,2,0,1,2,16.4,20.455,76,15.0013,2011,23,2,17,307.85806
2011-03-23 18:00:00,2,0,1,3,15.58,19.695,82,16.9979,2011,23,2,18,192.58934
2011-03-23 19:00:00,2,0,1,3,15.58,19.695,82,16.9979,2011,23,2,19,118.600494
2011-03-23 20:00:00,2,0,1,3,14.76,15.15,87,43.0006,2011,23,2,20,5.47052
2011-03-23 21:00:00,2,0,1,3,13.12,14.395,100,27.9993,2011,23,2,21,-22.405182
2011-03-23 22:00:00,2,0,1,2,13.12,15.91,93,11.0014,2011,23,2,22,63.632324
2011-03-23 23:00:00,2,0,1,3,13.12,16.665,90,0.0,2011,23,2,23,2.6287842
2011-03-24 00:00:00,2,0,1,2,13.12,15.15,93,15.0013,2011,24,3,0,22.324219
2011-03-24 01:00:00,2,0,1,2,12.3,14.395,100,15.0013,2011,24,3,1,17.76677
2011-03-24 02:00:00,2,0,1,2,12.3,14.395,100,16.9979,2011,24,3,2,12.759827
2011-03-24 03:00:00,2,0,1,2,11.48,13.635,100,12.998,2011,24,3,3,12.62735
2011-03-24 04:00:00,2,0,1,2,11.48,13.635,100,12.998,2011,24,3,4,12.62735
2011-03-24 05:00:00,2,0,1,2,11.48,13.635,93,15.0013,2011,24,3,5,23.905853
2011-03-24 06:00:00,2,0,1,2,11.48,13.635,93,15.0013,2011,24,3,6,76.75373
2011-03-24 07:00:00,2,0,1,3,10.66,12.88,100,15.0013,2011,24,3,7,119.02091
2011-03-24 08:00:00,2,0,1,3,10.66,11.365,100,19.9995,2011,24,3,8,277.6505
2011-03-24 09:00:00,2,0,1,2,10.66,12.88,93,15.0013,2011,24,3,9,146.8767
2011-03-24 10:00:00,2,0,1,2,10.66,11.365,93,22.0028,2011,24,3,10,69.31778
2011-03-24 11:00:00,2,0,1,2,12.3,13.635,81,19.9995,2011,24,3,11,89.100945
2011-03-24 12:00:00,2,0,1,2,12.3,13.635,70,22.0028,2011,24,3,12,96.56496
2011-03-24 13:00:00,2,0,1,2,13.12,15.15,70,15.0013,2011,24,3,13,105.01556
2011-03-24 14:00:00,2,0,1,2,12.3,15.15,70,8.9981,2011,24,3,14,96.920715
2011-03-24 15:00:00,2,0,1,2,12.3,14.395,70,16.9979,2011,24,3,15,99.30733
2011-03-24 16:00:00,2,0,1,2,12.3,14.395,65,15.0013,2011,24,3,16,140.68571
2011-03-24 17:00:00,2,0,1,2,12.3,14.395,70,15.0013,2011,24,3,17,270.91428
2011-03-24 18:00:00,2,0,1,2,12.3,13.635,61,19.9995,2011,24,3,18,265.1798
2011-03-24 19:00:00,2,0,1,1,12.3,13.635,56,26.0027,2011,24,3,19,186.29218
2011-03-24 20:00:00,2,0,1,1,11.48,12.88,61,19.0012,2011,24,3,20,129.99876
2011-03-24 21:00:00,2,0,1,1,10.66,12.88,65,15.0013,2011,24,3,21,96.761955
2011-03-24 22:00:00,2,0,1,1,10.66,12.88,65,11.0014,2011,24,3,22,77.41472
2011-03-24 23:00:00,2,0,1,1,9.84,11.365,65,12.998,2011,24,3,23,46.19203
2011-03-25 00:00:00,2,0,1,1,9.84,11.365,60,12.998,2011,25,4,0,25.592758
2011-03-25 01:00:00,2,0,1,1,8.2,10.605,69,11.0014,2011,25,4,1,6.1832886
2011-03-25 02:00:00,2,0,1,1,8.2,9.85,69,15.0013,2011,25,4,2,1.3947906
2011-03-25 03:00:00,2,0,1,1,8.2,11.365,69,7.0015,2011,25,4,3,1.0261383
2011-03-25 04:00:00,2,0,1,1,7.38,10.605,74,7.0015,2011,25,4,4,2.5162659
2011-03-25 05:00:00,2,0,1,1,7.38,9.85,74,11.0014,2011,25,4,5,14.431229
2011-03-25 06:00:00,2,0,1,1,7.38,9.09,74,15.0013,2011,25,4,6,57.272415
2011-03-25 07:00:00,2,0,1,1,8.2,9.09,59,23.9994,2011,25,4,7,175.52505
2011-03-25 08:00:00,2,0,1,1,9.02,10.605,51,19.0012,2011,25,4,8,353.89526
2011-03-25 09:00:00,2,0,1,1,9.84,10.605,48,19.9995,2011,25,4,9,145.20409
2011-03-25 10:00:00,2,0,1,1,10.66,12.88,48,0.0,2011,25,4,10,88.4173
2011-03-25 11:00:00,2,0,1,1,12.3,14.395,45,19.0012,2011,25,4,11,110.75914
2011-03-25 12:00:00,2,0,1,1,13.12,15.15,42,16.9979,2011,25,4,12,141.29391
2011-03-25 13:00:00,2,0,1,1,13.12,15.91,39,12.998,2011,25,4,13,140.65063
2011-03-25 14:00:00,2,0,1,1,14.76,16.665,32,22.0028,2011,25,4,14,142.26248
2011-03-25 15:00:00,2,0,1,2,13.94,15.91,36,16.9979,2011,25,4,15,132.4265
2011-03-25 16:00:00,2,0,1,2,13.94,15.15,34,19.9995,2011,25,4,16,159.94122
2011-03-25 17:00:00,2,0,1,2,13.12,14.395,36,23.9994,2011,25,4,17,273.84573
2011-03-25 18:00:00,2,0,1,1,12.3,14.395,39,16.9979,2011,25,4,18,255.6279
2011-03-25 19:00:00,2,0,1,2,12.3,14.395,36,19.0012,2011,25,4,19,143.73166
2011-03-25 20:00:00,2,0,1,2,12.3,15.15,39,8.9981,2011,25,4,20,99.854965
2011-03-25 21:00:00,2,0,1,2,12.3,15.15,39,11.0014,2011,25,4,21,80.3561
2011-03-25 22:00:00,2,0,1,2,11.48,12.88,38,22.0028,2011,25,4,22,50.93039
2011-03-25 23:00:00,2,0,1,2,10.66,12.12,38,19.0012,2011,25,4,23,34.2054
2011-03-26 00:00:00,2,0,0,2,10.66,12.12,38,19.0012,2011,26,5,0,50.09752
2011-03-26 01:00:00,2,0,0,1,10.66,11.365,38,19.9995,2011,26,5,1,50.714935
2011-03-26 02:00:00,2,0,0,1,9.02,10.605,44,15.0013,2011,26,5,2,35.11798
2011-03-26 03:00:00,2,0,0,1,8.2,9.85,47,12.998,2011,26,5,3,7.50296
2011-03-26 04:00:00,2,0,0,1,9.02,10.605,44,15.0013,2011,26,5,4,3.6925354
2011-03-26 05:00:00,2,0,0,1,8.2,9.85,51,12.998,2011,26,5,5,1.8902893
2011-03-26 06:00:00,2,0,0,1,7.38,9.09,55,12.998,2011,26,5,6,6.492035
2011-03-26 07:00:00,2,0,0,1,8.2,9.85,51,12.998,2011,26,5,7,-4.5444336
2011-03-26 08:00:00,2,0,0,1,9.02,11.365,44,8.9981,2011,26,5,8,36.031723
2011-03-26 09:00:00,2,0,0,1,9.84,12.12,41,8.9981,2011,26,5,9,104.89248
2011-03-26 10:00:00,2,0,0,1,10.66,12.88,41,11.0014,2011,26,5,10,129.19478
2011-03-26 11:00:00,2,0,0,1,11.48,13.635,38,11.0014,2011,26,5,11,188.38478
2011-03-26 12:00:00,2,0,0,1,12.3,14.395,36,12.998,2011,26,5,12,219.17679
2011-03-26 13:00:00,2,0,0,1,13.12,15.15,33,15.0013,2011,26,5,13,229.32552
2011-03-26 14:00:00,2,0,0,1,13.94,15.91,29,15.0013,2011,26,5,14,239.68529
2011-03-26 15:00:00,2,0,0,1,13.94,16.665,29,12.998,2011,26,5,15,239.33565
2011-03-26 16:00:00,2,0,0,1,13.94,16.665,23,12.998,2011,26,5,16,239.47574
2011-03-26 17:00:00,2,0,0,1,13.12,15.15,24,15.0013,2011,26,5,17,186.41028
2011-03-26 18:00:00,2,0,0,2,13.12,15.91,21,11.0014,2011,26,5,18,165.46875
2011-03-26 19:00:00,2,0,0,2,11.48,13.635,45,16.9979,2011,26,5,19,110.089455
2011-03-26 20:00:00,2,0,0,2,11.48,13.635,45,16.9979,2011,26,5,20,65.880135
2011-03-26 21:00:00,2,0,0,2,10.66,12.88,44,12.998,2011,26,5,21,51.384842
2011-03-26 22:00:00,2,0,0,2,11.48,13.635,41,15.0013,2011,26,5,22,49.68106
2011-03-26 23:00:00,2,0,0,2,10.66,12.12,44,19.0012,2011,26,5,23,30.0878
2011-03-27 00:00:00,2,0,0,2,10.66,12.88,41,11.0014,2011,27,6,0,57.3629
2011-03-27 01:00:00,2,0,0,2,9.84,11.365,52,12.998,2011,27,6,1,47.54976
2011-03-27 02:00:00,2,0,0,3,9.02,11.365,55,12.998,2011,27,6,2,29.492569
2011-03-27 03:00:00,2,0,0,3,8.2,9.85,69,15.0013,2011,27,6,3,6.1263733
2011-03-27 04:00:00,2,0,0,3,7.38,9.85,74,11.0014,2011,27,6,4,-2.4303741
2011-03-27 06:00:00,2,0,0,3,6.56,9.09,86,8.9981,2011,27,6,6,3.5736847
2011-03-27 07:00:00,2,0,0,3,6.56,8.335,86,11.0014,2011,27,6,7,-36.886887
2011-03-27 08:00:00,2,0,0,1,8.2,9.85,69,15.0013,2011,27,6,8,10.860519
2011-03-27 09:00:00,2,0,0,1,9.02,11.365,55,8.9981,2011,27,6,9,80.11958
2011-03-27 10:00:00,2,0,0,2,9.02,10.605,55,15.0013,2011,27,6,10,112.83449
2011-03-27 11:00:00,2,0,0,2,9.84,12.12,48,11.0014,2011,27,6,11,164.34708
2011-03-27 12:00:00,2,0,0,2,10.66,12.88,44,15.0013,2011,27,6,12,191.86086
2011-03-27 13:00:00,2,0,0,1,12.3,14.395,39,15.0013,2011,27,6,13,218.51114
2011-03-27 14:00:00,2,0,0,1,13.12,15.91,36,11.0014,2011,27,6,14,218.39452
2011-03-27 15:00:00,2,0,0,1,13.12,15.15,36,19.0012,2011,27,6,15,210.40648
2011-03-27 16:00:00,2,0,0,1,13.94,16.665,34,0.0,2011,27,6,16,219.82364
2011-03-27 17:00:00,2,0,0,1,13.12,15.15,31,16.9979,2011,27,6,17,187.65189
2011-03-27 18:00:00,2,0,0,1,12.3,14.395,33,12.998,2011,27,6,18,151.89635
2011-03-27 19:00:00,2,0,0,1,12.3,14.395,31,15.0013,2011,27,6,19,112.77344
2011-03-27 20:00:00,2,0,0,1,11.48,13.635,36,11.0014,2011,27,6,20,67.975685
2011-03-27 21:00:00,2,0,0,1,10.66,12.88,41,11.0014,2011,27,6,21,43.807526
2011-03-27 22:00:00,2,0,0,1,10.66,12.88,41,11.0014,2011,27,6,22,32.041763
2011-03-27 23:00:00,2,0,0,1,10.66,12.88,44,12.998,2011,27,6,23,20.28041
2011-03-28 00:00:00,2,0,1,1,9.02,11.365,55,12.998,2011,28,0,0,0.6799164
2011-03-28 01:00:00,2,0,1,1,9.02,11.365,44,12.998,2011,28,0,1,-7.689087
2011-03-28 02:00:00,2,0,1,1,9.02,11.365,44,11.0014,2011,28,0,2,-10.429596
2011-03-28 03:00:00,2,0,1,1,9.02,11.365,44,11.0014,2011,28,0,3,-11.862488
2011-03-28 05:00:00,2,0,1,1,7.38,9.09,43,12.998,2011,28,0,5,-0.9656372
2011-03-28 06:00:00,2,0,1,1,7.38,8.335,34,19.0012,2011,28,0,6,45.941177
2011-03-28 07:00:00,2,0,1,1,8.2,9.09,32,22.0028,2011,28,0,7,176.47282
2011-03-28 08:00:00,2,0,1,1,8.2,9.85,34,15.0013,2011,28,0,8,347.4068
2011-03-28 09:00:00,2,0,1,2,9.02,10.605,32,15.0013,2011,28,0,9,119.72965
2011-03-28 10:00:00,2,0,1,1,9.84,11.365,30,12.998,2011,28,0,10,56.79631
2011-03-28 11:00:00,2,0,1,2,10.66,12.12,30,19.0012,2011,28,0,11,57.860092
2011-03-28 12:00:00,2,0,1,2,10.66,13.635,25,0.0,2011,28,0,12,63.92846
2011-03-28 13:00:00,2,0,1,2,12.3,14.395,24,15.0013,2011,28,0,13,83.350716
2011-03-28 14:00:00,2,0,1,1,13.12,15.15,22,15.0013,2011,28,0,14,82.912926
2011-03-28 15:00:00,2,0,1,1,13.12,15.15,24,19.0012,2011,28,0,15,85.56334
2011-03-28 16:00:00,2,0,1,1,13.94,15.91,23,15.0013,2011,28,0,16,145.96779
2011-03-28 17:00:00,2,0,1,1,13.94,15.15,23,19.9995,2011,28,0,17,318.59003
2011-03-28 18:00:00,2,0,1,1,13.12,15.15,21,19.0012,2011,28,0,18,287.9693
2011-03-28 19:00:00,2,0,1,1,12.3,15.15,22,8.9981,2011,28,0,19,203.95825
2011-03-28 20:00:00,2,0,1,1,13.12,16.665,22,7.0015,2011,28,0,20,143.86914
2011-03-28 21:00:00,2,0,1,1,13.12,16.665,21,8.9981,2011,28,0,21,101.90285
2011-03-28 22:00:00,2,0,1,1,12.3,14.395,22,15.0013,2011,28,0,22,40.047333
2011-03-28 23:00:00,2,0,1,1,11.48,12.88,24,19.9995,2011,28,0,23,-13.519012
2011-03-29 00:00:00,2,0,1,1,10.66,11.365,28,22.0028,2011,29,1,0,1.6367645
2011-03-29 01:00:00,2,0,1,1,9.84,10.605,32,19.9995,2011,29,1,1,-3.585495
2011-03-29 02:00:00,2,0,1,1,9.84,10.605,32,19.9995,2011,29,1,2,-7.761154
2011-03-29 03:00:00,2,0,1,1,9.84,10.605,32,19.9995,2011,29,1,3,-9.194031
2011-03-29 04:00:00,2,0,1,1,8.2,10.605,44,11.0014,2011,29,1,4,-6.491516
2011-03-29 05:00:00,2,0,1,1,9.02,10.605,37,16.9979,2011,29,1,5,2.9897614
2011-03-29 06:00:00,2,0,1,1,9.02,10.605,41,19.9995,2011,29,1,6,58.345093
2011-03-29 07:00:00,2,0,1,1,9.02,9.85,41,23.9994,2011,29,1,7,193.74068
2011-03-29 08:00:00,2,0,1,1,9.84,10.605,35,23.9994,2011,29,1,8,364.287
2011-03-29 09:00:00,2,0,1,1,11.48,12.88,28,26.0027,2011,29,1,9,143.66972
2011-03-29 10:00:00,2,0,1,1,12.3,13.635,24,19.9995,2011,29,1,10,70.105156
2011-03-29 11:00:00,2,0,1,2,13.94,15.15,25,26.0027,2011,29,1,11,73.10276
2011-03-29 12:00:00,2,0,1,1,13.94,16.665,25,11.0014,2011,29,1,12,111.66839
2011-03-29 13:00:00,2,0,1,1,13.94,15.15,25,19.9995,2011,29,1,13,103.89825
2011-03-29 14:00:00,2,0,1,1,14.76,16.665,25,16.9979,2011,29,1,14,94.888855
2011-03-29 15:00:00,2,0,1,1,15.58,19.695,25,15.0013,2011,29,1,15,109.76272
2011-03-29 16:00:00,2,0,1,1,15.58,19.695,22,11.0014,2011,29,1,16,162.4121
2011-03-29 17:00:00,2,0,1,1,16.4,20.455,20,8.9981,2011,29,1,17,346.2879
2011-03-29 18:00:00,2,0,1,1,14.76,18.18,21,6.0032,2011,29,1,18,325.74652
2011-03-29 19:00:00,2,0,1,1,13.94,16.665,23,12.998,2011,29,1,19,208.15529
2011-03-29 20:00:00,2,0,1,1,14.76,18.18,21,6.0032,2011,29,1,20,159.83075
2011-03-29 21:00:00,2,0,1,1,13.94,18.18,42,0.0,2011,29,1,21,90.52469
2011-03-29 22:00:00,2,0,1,1,13.94,18.18,49,0.0,2011,29,1,22,59.746185
2011-03-29 23:00:00,2,0,1,2,13.12,16.665,57,7.0015,2011,29,1,23,30.120316
2011-03-30 00:00:00,2,0,1,2,13.12,17.425,57,0.0,2011,30,2,0,-11.680756
2011-03-30 01:00:00,2,0,1,1,13.12,17.425,39,0.0,2011,30,2,1,-17.09578
2011-03-30 02:00:00,2,0,1,2,13.12,17.425,57,0.0,2011,30,2,2,-22.177658
2011-03-30 03:00:00,2,0,1,2,13.12,17.425,49,0.0,2011,30,2,3,-26.207458
2011-03-30 04:00:00,2,0,1,2,13.12,17.425,57,0.0,2011,30,2,4,-23.878616
2011-03-30 05:00:00,2,0,1,2,12.3,14.395,56,12.998,2011,30,2,5,1.8419037
2011-03-30 06:00:00,2,0,1,2,12.3,15.15,49,8.9981,2011,30,2,6,55.513474
2011-03-30 07:00:00,2,0,1,2,13.12,16.665,45,7.0015,2011,30,2,7,199.19218
2011-03-30 08:00:00,2,0,1,2,13.12,15.91,49,11.0014,2011,30,2,8,361.72205
2011-03-30 09:00:00,2,0,1,2,13.12,15.15,45,15.0013,2011,30,2,9,135.73392
2011-03-30 10:00:00,2,0,1,2,13.94,15.91,46,15.0013,2011,30,2,10,78.297264
2011-03-30 11:00:00,2,0,1,2,13.94,15.91,46,16.9979,2011,30,2,11,79.95481
2011-03-30 12:00:00,2,0,1,2,13.94,16.665,46,11.0014,2011,30,2,12,96.83372
2011-03-30 13:00:00,2,0,1,2,14.76,17.425,46,15.0013,2011,30,2,13,94.801285
2011-03-30 14:00:00,2,0,1,2,14.76,16.665,46,19.9995,2011,30,2,14,80.51535
2011-03-30 15:00:00,2,0,1,3,11.48,12.88,81,19.9995,2011,30,2,15,15.582657
2011-03-30 16:00:00,2,0,1,3,11.48,13.635,87,16.9979,2011,30,2,16,60.090378
2011-03-30 17:00:00,2,0,1,3,10.66,13.635,93,7.0015,2011,30,2,17,197.71263
2011-03-30 18:00:00,2,0,1,2,10.66,12.88,93,15.0013,2011,30,2,18,185.9245
2011-03-30 19:00:00,2,0,1,2,10.66,12.88,93,15.0013,2011,30,2,19,141.99841
2011-03-30 20:00:00,2,0,1,3,9.84,10.605,93,19.9995,2011,30,2,20,24.305756
2011-03-30 21:00:00,2,0,1,2,9.84,11.365,93,16.9979,2011,30,2,21,57.111908
2011-03-30 22:00:00,2,0,1,3,9.84,11.365,93,15.0013,2011,30,2,22,20.553146
2011-03-30 23:00:00,2,0,1,3,9.84,10.605,93,19.0012,2011,30,2,23,-9.476028
2011-03-31 00:00:00,2,0,1,3,9.84,11.365,93,15.0013,2011,31,3,0,18.907639
2011-03-31 01:00:00,2,0,1,3,9.84,11.365,93,12.998,2011,31,3,1,13.354752
2011-03-31 02:00:00,2,0,1,3,9.84,11.365,93,12.998,2011,31,3,2,9.179092
2011-03-31 03:00:00,2,0,1,3,9.84,11.365,93,15.0013,2011,31,3,3,6.486023
2011-03-31 04:00:00,2,0,1,3,9.84,11.365,93,16.9979,2011,31,3,4,7.9717407
2011-03-31 05:00:00,2,0,1,3,9.84,11.365,93,15.0013,2011,31,3,5,16.805756
2011-03-31 06:00:00,2,0,1,3,9.84,10.605,93,19.9995,2011,31,3,6,48.70337
2011-03-31 07:00:00,2,0,1,3,9.84,11.365,93,16.9979,2011,31,3,7,117.69958
2011-03-31 08:00:00,2,0,1,2,9.84,11.365,100,16.9979,2011,31,3,8,365.64978
2011-03-31 09:00:00,2,0,1,3,10.66,12.12,93,16.9979,2011,31,3,9,89.67087
2011-03-31 10:00:00,2,0,1,3,10.66,12.12,93,16.9979,2011,31,3,10,32.937027
2011-03-31 11:00:00,2,0,1,3,11.48,13.635,93,12.998,2011,31,3,11,37.619736
2011-03-31 12:00:00,2,0,1,3,11.48,13.635,93,12.998,2011,31,3,12,49.087936
2011-03-31 13:00:00,2,0,1,3,12.3,15.15,87,8.9981,2011,31,3,13,58.54991
2011-03-31 14:00:00,2,0,1,3,12.3,15.15,87,8.9981,2011,31,3,14,43.85016
2011-03-31 15:00:00,2,0,1,3,12.3,13.635,87,19.9995,2011,31,3,15,31.645721
2011-03-31 16:00:00,2,0,1,2,12.3,14.395,87,16.9979,2011,31,3,16,133.26183
2011-03-31 17:00:00,2,0,1,2,12.3,14.395,87,16.9979,2011,31,3,17,232.9927
2011-03-31 18:00:00,2,0,1,2,12.3,15.15,87,8.9981,2011,31,3,18,227.64906
2011-03-31 19:00:00,2,0,1,2,12.3,15.15,87,8.9981,2011,31,3,19,185.63155
2011-03-31 20:00:00,2,0,1,3,11.48,12.88,93,19.0012,2011,31,3,20,37.63333
2011-03-31 21:00:00,2,0,1,2,11.48,13.635,93,11.0014,2011,31,3,21,88.24721
2011-03-31 22:00:00,2,0,1,3,11.48,13.635,93,16.9979,2011,31,3,22,34.94168
2011-03-31 23:00:00,2,0,1,3,10.66,12.88,100,11.0014,2011,31,3,23,26.404007
2011-04-20 00:00:00,2,0,1,1,18.04,21.97,88,8.9981,2011,20,2,0,26.690506
2011-04-20 01:00:00,2,0,1,1,17.22,21.21,94,11.0014,2011,20,2,1,9.236801
2011-04-20 02:00:00,2,0,1,1,17.22,21.21,94,11.0014,2011,20,2,2,5.729492
2011-04-20 03:00:00,2,0,1,1,17.22,21.21,94,0.0,2011,20,2,3,-7.397812
2011-04-20 04:00:00,2,0,1,1,16.4,20.455,100,7.0015,2011,20,2,4,-2.5518951
2011-04-20 05:00:00,2,0,1,1,16.4,20.455,94,12.998,2011,20,2,5,13.4201355
2011-04-20 06:00:00,2,0,1,1,17.22,21.21,94,11.0014,2011,20,2,6,86.711296
2011-04-20 07:00:00,2,0,1,1,18.04,21.97,94,0.0,2011,20,2,7,209.9392
2011-04-20 08:00:00,2,0,1,1,25.42,30.305,69,31.0009,2011,20,2,8,396.297
2011-04-20 09:00:00,2,0,1,1,27.06,31.06,61,19.0012,2011,20,2,9,217.03993
2011-04-20 10:00:00,2,0,1,1,25.42,30.305,69,6.0032,2011,20,2,10,131.47566
2011-04-20 11:00:00,2,0,1,1,25.42,30.305,69,6.0032,2011,20,2,11,135.31718
2011-04-20 12:00:00,2,0,1,1,28.7,32.575,48,26.0027,2011,20,2,12,172.50519
2011-04-20 13:00:00,2,0,1,1,28.7,32.575,48,26.0027,2011,20,2,13,172.50519
2011-04-20 14:00:00,2,0,1,1,30.34,32.575,40,31.0009,2011,20,2,14,152.45255
2011-04-20 15:00:00,2,0,1,2,31.16,33.335,35,23.9994,2011,20,2,15,160.96829
2011-04-20 16:00:00,2,0,1,2,31.16,33.335,35,23.9994,2011,20,2,16,251.93643
2011-04-20 17:00:00,2,0,1,2,30.34,32.575,37,27.9993,2011,20,2,17,484.09644
2011-04-20 18:00:00,2,0,1,1,30.34,32.575,30,23.9994,2011,20,2,18,496.6533
2011-04-20 19:00:00,2,0,1,1,28.7,31.82,32,16.9979,2011,20,2,19,385.46313
2011-04-20 20:00:00,2,0,1,1,27.88,31.06,32,7.0015,2011,20,2,20,299.55157
2011-04-20 21:00:00,2,0,1,1,27.06,31.06,36,19.0012,2011,20,2,21,210.2433
2011-04-20 22:00:00,2,0,1,1,25.42,31.06,41,16.9979,2011,20,2,22,160.12105
2011-04-20 23:00:00,2,0,1,1,24.6,31.06,40,22.0028,2011,20,2,23,97.4248
2011-04-21 00:00:00,2,0,1,1,22.96,26.515,43,23.9994,2011,21,3,0,52.253845
2011-04-21 01:00:00,2,0,1,1,21.32,25.0,45,15.0013,2011,21,3,1,24.404205
2011-04-21 02:00:00,2,0,1,1,20.5,24.24,42,26.0027,2011,21,3,2,21.244125
2011-04-21 03:00:00,2,0,1,2,18.86,22.725,51,31.0009,2011,21,3,3,-3.513916
2011-04-21 04:00:00,2,0,1,2,18.04,21.97,54,30.0026,2011,21,3,4,-8.117523
2011-04-21 05:00:00,2,0,1,2,17.22,21.21,54,36.9974,2011,21,3,5,4.722229
2011-04-21 06:00:00,2,0,1,2,16.4,20.455,58,39.0007,2011,21,3,6,53.601547
2011-04-21 07:00:00,2,0,1,2,17.22,21.21,47,31.0009,2011,21,3,7,247.08711
2011-04-21 08:00:00,2,0,1,2,16.4,20.455,50,32.9975,2011,21,3,8,362.22333
2011-04-21 09:00:00,2,0,1,2,17.22,21.21,47,19.0012,2011,21,3,9,189.40388
2011-04-21 10:00:00,2,0,1,1,17.22,21.21,44,23.9994,2011,21,3,10,132.25412
2011-04-21 11:00:00,2,0,1,1,18.04,21.97,41,19.0012,2011,21,3,11,135.11395
2011-04-21 12:00:00,2,0,1,1,18.86,22.725,38,11.0014,2011,21,3,12,162.16591
2011-04-21 13:00:00,2,0,1,1,19.68,23.485,33,22.0028,2011,21,3,13,172.75632
2011-04-21 14:00:00,2,0,1,1,20.5,24.24,34,26.0027,2011,21,3,14,162.15521
2011-04-21 15:00:00,2,0,1,1,21.32,25.0,29,27.9993,2011,21,3,15,170.92273
2011-04-21 16:00:00,2,0,1,1,21.32,25.0,27,23.9994,2011,21,3,16,224.89566
2011-04-21 17:00:00,2,0,1,1,20.5,24.24,29,11.0014,2011,21,3,17,443.4361
2011-04-21 18:00:00,2,0,1,1,20.5,24.24,25,19.0012,2011,21,3,18,410.17865
2011-04-21 19:00:00,2,0,1,1,18.86,22.725,28,19.0012,2011,21,3,19,250.81413
2011-04-21 20:00:00,2,0,1,1,18.04,21.97,30,8.9981,2011,21,3,20,181.02393
2011-04-21 21:00:00,2,0,1,1,17.22,21.21,47,12.998,2011,21,3,21,139.23016
2011-04-21 22:00:00,2,0,1,1,17.22,21.21,38,6.0032,2011,21,3,22,99.07641
2011-04-21 23:00:00,2,0,1,1,16.4,20.455,43,7.0015,2011,21,3,23,52.06848
2011-04-22 00:00:00,2,0,1,1,14.76,17.425,62,12.998,2011,22,4,0,30.359207
2011-04-22 01:00:00,2,0,1,1,14.76,16.665,53,16.9979,2011,22,4,1,11.063202
2011-04-22 02:00:00,2,0,1,1,14.76,16.665,53,19.9995,2011,22,4,2,9.23587
2011-04-22 03:00:00,2,0,1,1,14.76,16.665,53,19.9995,2011,22,4,3,6.475464
2011-04-22 04:00:00,2,0,1,1,13.94,15.91,53,19.0012,2011,22,4,4,4.936157
2011-04-22 05:00:00,2,0,1,1,13.94,15.91,53,15.0013,2011,22,4,5,13.902374
2011-04-22 06:00:00,2,0,1,1,13.94,15.91,53,19.0012,2011,22,4,6,68.301605
2011-04-22 07:00:00,2,0,1,2,13.94,15.91,53,19.0012,2011,22,4,7,191.97397
2011-04-22 08:00:00,2,0,1,2,13.94,15.91,53,16.9979,2011,22,4,8,332.89514
2011-04-22 09:00:00,2,0,1,3,13.94,15.15,61,19.9995,2011,22,4,9,103.914215
2011-04-22 10:00:00,2,0,1,2,14.76,17.425,62,12.998,2011,22,4,10,108.49496
2011-04-22 11:00:00,2,0,1,3,13.94,16.665,66,12.998,2011,22,4,11,52.60649
2011-04-22 12:00:00,2,0,1,3,13.94,16.665,76,8.9981,2011,22,4,12,75.63038
2011-04-22 13:00:00,2,0,1,3,13.94,16.665,87,12.998,2011,22,4,13,70.561455
2011-04-22 14:00:00,2,0,1,3,13.94,15.91,87,16.9979,2011,22,4,14,56.011154
2011-04-22 15:00:00,2,0,1,3,13.94,16.665,87,12.998,2011,22,4,15,71.38644
2011-04-22 16:00:00,2,0,1,3,13.94,16.665,87,8.9981,2011,22,4,16,113.63197
2011-04-22 17:00:00,2,0,1,3,13.12,15.15,93,15.0013,2011,22,4,17,182.77872
2011-04-22 18:00:00,2,0,1,3,13.12,15.15,93,15.0013,2011,22,4,18,146.39398
2011-04-22 19:00:00,2,0,1,3,13.12,15.15,93,15.0013,2011,22,4,19,87.34941
2011-04-22 20:00:00,2,0,1,3,13.12,15.15,87,15.0013,2011,22,4,20,43.72737
2011-04-22 21:00:00,2,0,1,3,12.3,15.15,93,11.0014,2011,22,4,21,52.498062
2011-04-22 22:00:00,2,0,1,3,12.3,15.15,100,8.9981,2011,22,4,22,37.588226
2011-04-22 23:00:00,2,0,1,3,13.12,16.665,93,7.0015,2011,22,4,23,33.48329
2011-04-23 00:00:00,2,0,0,2,13.12,15.91,100,12.998,2011,23,5,0,55.89955
2011-04-23 01:00:00,2,0,0,2,13.12,15.91,100,12.998,2011,23,5,1,49.625427
2011-04-23 02:00:00,2,0,0,3,13.12,16.665,100,8.9981,2011,23,5,2,36.789734
2011-04-23 03:00:00,2,0,0,3,13.12,16.665,100,6.0032,2011,23,5,3,7.6353455
2011-04-23 04:00:00,2,0,0,3,13.94,18.18,100,0.0,2011,23,5,4,-2.8083649
2011-04-23 05:00:00,2,0,0,3,13.94,18.18,100,0.0,2011,23,5,5,-4.147949
2011-04-23 06:00:00,2,0,0,2,13.94,16.665,100,11.0014,2011,23,5,6,9.044464
2011-04-23 07:00:00,2,0,0,3,13.94,16.665,100,11.0014,2011,23,5,7,-38.2912
2011-04-23 08:00:00,2,0,0,2,14.76,16.665,100,16.9979,2011,23,5,8,34.077805
2011-04-23 09:00:00,2,0,0,2,15.58,19.695,94,19.9995,2011,23,5,9,114.16311
2011-04-23 10:00:00,2,0,0,2,17.22,21.21,88,15.0013,2011,23,5,10,176.58893
2011-04-23 11:00:00,2,0,0,2,18.86,22.725,88,15.0013,2011,23,5,11,226.1605
2011-04-23 12:00:00,2,0,0,1,21.32,25.0,83,27.9993,2011,23,5,12,301.99826
2011-04-23 13:00:00,2,0,0,1,21.32,25.0,83,26.0027,2011,23,5,13,301.99826
2011-04-23 14:00:00,2,0,0,1,23.78,27.275,78,23.9994,2011,23,5,14,334.15994
2011-04-23 15:00:00,2,0,0,1,24.6,29.545,73,26.0027,2011,23,5,15,349.78815
2011-04-23 16:00:00,2,0,0,1,24.6,29.545,73,19.0012,2011,23,5,16,357.24323
2011-04-23 17:00:00,2,0,0,1,24.6,29.545,73,22.0028,2011,23,5,17,330.9478
2011-04-23 18:00:00,2,0,0,1,23.78,27.275,78,12.998,2011,23,5,18,302.6314
2011-04-23 19:00:00,2,0,0,1,22.96,26.515,83,19.0012,2011,23,5,19,245.71448
2011-04-23 20:00:00,2,0,0,2,22.14,25.76,88,16.9979,2011,23,5,20,163.92424
2011-04-23 21:00:00,2,0,0,2,22.96,26.515,83,19.0012,2011,23,5,21,136.20088
2011-04-23 22:00:00,2,0,0,2,23.78,27.275,78,16.9979,2011,23,5,22,138.25078
2011-04-23 23:00:00,2,0,0,2,22.14,25.76,88,11.0014,2011,23,5,23,108.33348
2011-04-24 00:00:00,2,0,0,1,21.32,25.0,83,15.0013,2011,24,6,0,80.73933
2011-04-24 01:00:00,2,0,0,1,20.5,24.24,88,12.998,2011,24,6,1,64.707664
2011-04-24 02:00:00,2,0,0,1,20.5,24.24,88,12.998,2011,24,6,2,53.44763
2011-04-24 03:00:00,2,0,0,1,20.5,24.24,94,6.0032,2011,24,6,3,23.754745
2011-04-24 04:00:00,2,0,0,1,20.5,24.24,94,6.0032,2011,24,6,4,11.482681
2011-04-24 05:00:00,2,0,0,1,20.5,24.24,94,6.0032,2011,24,6,5,11.482681
2011-04-24 06:00:00,2,0,0,2,20.5,24.24,100,0.0,2011,24,6,6,14.799606
2011-04-24 07:00:00,2,0,0,2,20.5,24.24,100,0.0,2011,24,6,7,28.819046
2011-04-24 08:00:00,2,0,0,1,21.32,25.0,94,15.0013,2011,24,6,8,47.580246
2011-04-24 09:00:00,2,0,0,1,22.96,26.515,88,16.9979,2011,24,6,9,169.26712
2011-04-24 10:00:00,2,0,0,1,24.6,28.79,78,11.0014,2011,24,6,10,265.51373
2011-04-24 11:00:00,2,0,0,1,27.06,31.06,65,8.9981,2011,24,6,11,358.92755
2011-04-24 12:00:00,2,0,0,1,27.88,31.82,65,16.9979,2011,24,6,12,387.6773
2011-04-24 13:00:00,2,0,0,1,28.7,32.575,58,19.0012,2011,24,6,13,383.3807
2011-04-24 14:00:00,2,0,0,1,28.7,32.575,54,22.0028,2011,24,6,14,375.8592
2011-04-24 15:00:00,2,0,0,1,27.06,31.06,61,16.9979,2011,24,6,15,368.77713
2011-04-24 16:00:00,2,0,0,1,30.34,33.335,48,26.0027,2011,24,6,16,387.45404
2011-04-24 17:00:00,2,0,0,1,27.06,31.06,65,19.9995,2011,24,6,17,365.39185
2011-04-24 18:00:00,2,0,0,1,26.24,30.305,69,11.0014,2011,24,6,18,348.28442
2011-04-24 19:00:00,2,0,0,3,24.6,28.03,83,19.0012,2011,24,6,19,168.57657
2011-04-24 20:00:00,2,0,0,3,24.6,28.03,83,19.0012,2011,24,6,20,122.926575
2011-04-24 21:00:00,2,0,0,3,22.14,25.76,94,11.0014,2011,24,6,21,59.409058
2011-04-24 22:00:00,2,0,0,3,22.14,25.76,100,11.0014,2011,24,6,22,36.711365
2011-04-24 23:00:00,2,0,0,3,22.14,25.76,100,6.0032,2011,24,6,23,30.922928
2011-04-25 00:00:00,2,0,1,3,21.32,25.0,100,0.0,2011,25,0,0,-5.0592804
2011-04-25 01:00:00,2,0,1,1,22.14,25.76,100,6.0032,2011,25,0,1,2.150772
2011-04-25 02:00:00,2,0,1,1,22.14,25.76,100,6.0032,2011,25,0,2,-3.4068298
2011-04-25 03:00:00,2,0,1,2,20.5,24.24,100,7.0015,2011,25,0,3,-8.396896
2011-04-25 04:00:00,2,0,1,2,21.32,25.0,100,0.0,2011,25,0,4,-21.69101
2011-04-25 05:00:00,2,0,1,2,18.86,22.725,100,0.0,2011,25,0,5,-4.023178
2011-04-25 06:00:00,2,0,1,2,20.5,24.24,100,0.0,2011,25,0,6,66.361046
2011-04-25 07:00:00,2,0,1,2,21.32,25.0,100,6.0032,2011,25,0,7,211.05617
2011-04-25 08:00:00,2,0,1,1,22.96,26.515,88,7.0015,2011,25,0,8,423.7333
2011-04-25 09:00:00,2,0,1,1,24.6,28.03,83,8.9981,2011,25,0,9,186.86536
2011-04-25 10:00:00,2,0,1,1,26.24,30.305,73,15.0013,2011,25,0,10,120.16259
2011-04-25 11:00:00,2,0,1,1,26.24,30.305,73,15.0013,2011,25,0,11,127.725845
2011-04-25 12:00:00,2,0,1,1,27.06,31.06,74,16.9979,2011,25,0,12,174.3859
2011-04-25 13:00:00,2,0,1,1,28.7,32.575,65,15.0013,2011,25,0,13,173.76584
2011-04-25 14:00:00,2,0,1,1,29.52,33.335,54,15.0013,2011,25,0,14,167.92697
2011-04-25 15:00:00,2,0,1,1,30.34,33.335,51,15.0013,2011,25,0,15,175.43869
2011-04-25 16:00:00,2,0,1,1,28.7,32.575,54,23.9994,2011,25,0,16,260.76556
2011-04-25 17:00:00,2,0,1,1,28.7,32.575,54,19.9995,2011,25,0,17,495.08432
2011-04-25 18:00:00,2,0,1,1,27.88,31.82,57,23.9994,2011,25,0,18,468.67075
2011-04-25 19:00:00,2,0,1,1,27.06,31.06,57,22.0028,2011,25,0,19,343.1203
2011-04-25 20:00:00,2,0,1,1,27.06,31.06,61,19.0012,2011,25,0,20,237.64685
2011-04-25 21:00:00,2,0,1,1,25.42,30.305,69,16.9979,2011,25,0,21,171.09042
2011-04-25 22:00:00,2,0,1,1,24.6,29.545,73,19.9995,2011,25,0,22,95.26896
2011-04-25 23:00:00,2,0,1,1,23.78,27.275,78,19.0012,2011,25,0,23,27.439026
2011-04-26 00:00:00,2,0,1,1,25.42,30.305,69,19.0012,2011,26,1,0,32.532944
2011-04-26 01:00:00,2,0,1,1,25.42,29.545,73,19.0012,2011,26,1,1,20.687881
2011-04-26 02:00:00,2,0,1,1,22.96,26.515,83,22.0028,2011,26,1,2,13.006271
2011-04-26 03:00:00,2,0,1,1,22.14,25.76,88,19.0012,2011,26,1,3,10.761658
2011-04-26 04:00:00,2,0,1,1,22.96,26.515,83,16.9979,2011,26,1,4,10.091492
2011-04-26 05:00:00,2,0,1,1,22.14,25.76,88,16.9979,2011,26,1,5,24.317795
2011-04-26 06:00:00,2,0,1,1,22.96,26.515,88,15.0013,2011,26,1,6,105.12811
2011-04-26 07:00:00,2,0,1,1,23.78,27.275,83,19.9995,2011,26,1,7,277.28796
2011-04-26 08:00:00,2,0,1,1,23.78,27.275,83,19.9995,2011,26,1,8,443.03424
2011-04-26 09:00:00,2,0,1,1,26.24,30.305,73,23.9994,2011,26,1,9,217.29858
2011-04-26 10:00:00,2,0,1,1,27.06,31.06,69,23.9994,2011,26,1,10,132.01125
2011-04-26 11:00:00,2,0,1,1,27.88,31.82,65,26.0027,2011,26,1,11,132.23795
2011-04-26 12:00:00,2,0,1,1,28.7,32.575,61,27.9993,2011,26,1,12,176.52374
2011-04-26 13:00:00,2,0,1,1,30.34,33.335,51,30.0026,2011,26,1,13,158.98914
2011-04-26 14:00:00,2,0,1,1,29.52,33.335,58,22.0028,2011,26,1,14,165.62247
2011-04-26 15:00:00,2,0,1,1,28.7,32.575,61,23.9994,2011,26,1,15,169.51634
2011-04-26 16:00:00,2,0,1,1,28.7,32.575,58,26.0027,2011,26,1,16,265.38907
2011-04-26 17:00:00,2,0,1,1,27.88,31.82,61,23.9994,2011,26,1,17,493.2833
2011-04-26 18:00:00,2,0,1,1,27.88,31.82,65,30.0026,2011,26,1,18,437.17963
2011-04-26 19:00:00,2,0,1,1,26.24,30.305,73,27.9993,2011,26,1,19,302.20404
2011-04-26 20:00:00,2,0,1,1,26.24,30.305,73,23.9994,2011,26,1,20,213.84833
2011-04-26 21:00:00,2,0,1,1,25.42,29.545,78,19.0012,2011,26,1,21,148.45168
2011-04-26 22:00:00,2,0,1,2,24.6,28.03,83,12.998,2011,26,1,22,124.0774
2011-04-26 23:00:00,2,0,1,2,24.6,28.03,83,15.0013,2011,26,1,23,65.8118
2011-04-27 00:00:00,2,0,1,1,24.6,28.03,83,15.0013,2011,27,2,0,38.88623
2011-04-27 01:00:00,2,0,1,1,24.6,28.03,83,16.9979,2011,27,2,1,21.6875
2011-04-27 02:00:00,2,0,1,1,23.78,27.275,88,16.9979,2011,27,2,2,14.518143
2011-04-27 03:00:00,2,0,1,2,23.78,27.275,88,19.0012,2011,27,2,3,4.0237427
2011-04-27 04:00:00,2,0,1,1,22.96,26.515,94,15.0013,2011,27,2,4,8.957077
2011-04-27 05:00:00,2,0,1,2,22.96,26.515,94,16.9979,2011,27,2,5,15.569504
2011-04-27 06:00:00,2,0,1,1,22.96,26.515,94,16.9979,2011,27,2,6,104.08287
2011-04-27 07:00:00,2,0,1,2,23.78,27.275,88,19.0012,2011,27,2,7,255.68135
2011-04-27 08:00:00,2,0,1,2,23.78,27.275,88,22.0028,2011,27,2,8,406.64362
2011-04-27 09:00:00,2,0,1,2,24.6,27.275,88,27.9993,2011,27,2,9,162.44038
2011-04-27 10:00:00,2,0,1,2,25.42,28.79,83,19.0012,2011,27,2,10,84.55915
2011-04-27 11:00:00,2,0,1,2,26.24,29.545,78,19.0012,2011,27,2,11,111.93447
2011-04-27 12:00:00,2,0,1,1,27.06,30.305,78,22.0028,2011,27,2,12,164.59908
2011-04-27 13:00:00,2,0,1,1,26.24,29.545,78,19.9995,2011,27,2,13,163.45932
2011-04-27 14:00:00,2,0,1,1,27.88,31.82,74,19.0012,2011,27,2,14,165.03598
2011-04-27 15:00:00,2,0,1,1,28.7,32.575,65,32.9975,2011,27,2,15,143.93707
2011-04-27 16:00:00,2,0,1,1,28.7,32.575,70,26.0027,2011,27,2,16,265.58417
2011-04-27 17:00:00,2,0,1,3,27.06,30.305,83,26.0027,2011,27,2,17,266.31384
2011-04-27 18:00:00,2,0,1,3,27.06,30.305,83,26.0027,2011,27,2,18,240.14272
2011-04-27 19:00:00,2,0,1,1,25.42,29.545,78,19.0012,2011,27,2,19,294.9374
2011-04-27 20:00:00,2,0,1,1,26.24,28.79,83,22.0028,2011,27,2,20,177.24174
2011-04-27 21:00:00,2,0,1,1,25.42,28.03,88,19.0012,2011,27,2,21,127.812195
2011-04-27 22:00:00,2,0,1,2,25.42,28.03,88,22.0028,2011,27,2,22,60.273575
2011-04-27 23:00:00,2,0,1,2,25.42,28.03,88,23.9994,2011,27,2,23,10.286575
2011-04-28 00:00:00,2,0,1,1,26.24,29.545,78,23.9994,2011,28,3,0,41.46167
2011-04-28 01:00:00,2,0,1,2,25.42,28.79,83,26.0027,2011,28,3,1,9.359177
2011-04-28 02:00:00,2,0,1,2,25.42,28.79,83,30.0026,2011,28,3,2,-10.692688
2011-04-28 03:00:00,2,0,1,2,26.24,29.545,78,26.0027,2011,28,3,3,2.359085
2011-04-28 04:00:00,2,0,1,2,25.42,28.79,83,27.9993,2011,28,3,4,1.1573486
2011-04-28 05:00:00,2,0,1,2,25.42,28.79,83,26.0027,2011,28,3,5,15.679962
2011-04-28 06:00:00,2,0,1,2,26.24,29.545,78,31.0009,2011,28,3,6,86.45288
2011-04-28 07:00:00,2,0,1,2,26.24,29.545,78,30.0026,2011,28,3,7,265.69696
2011-04-28 08:00:00,2,0,1,2,27.06,30.305,78,30.0026,2011,28,3,8,408.49103
2011-04-28 09:00:00,2,0,1,3,25.42,28.03,88,22.0028,2011,28,3,9,100.80766
2011-04-28 10:00:00,2,0,1,2,25.42,28.03,88,19.0012,2011,28,3,10,67.030495
2011-04-28 11:00:00,2,0,1,2,25.42,28.79,83,19.0012,2011,28,3,11,88.99304
2011-04-28 12:00:00,2,0,1,2,25.42,29.545,78,16.9979,2011,28,3,12,153.61493
2011-04-28 13:00:00,2,0,1,2,25.42,28.79,83,19.9995,2011,28,3,13,119.50856
2011-04-28 14:00:00,2,0,1,1,25.42,28.79,83,19.9995,2011,28,3,14,126.99255
2011-04-28 15:00:00,2,0,1,1,27.06,31.06,69,22.0028,2011,28,3,15,174.14578
2011-04-28 16:00:00,2,0,1,1,25.42,29.545,78,16.9979,2011,28,3,16,238.40779
2011-04-28 17:00:00,2,0,1,1,26.24,31.06,47,23.9994,2011,28,3,17,483.44525
2011-04-28 18:00:00,2,0,1,1,26.24,31.06,47,23.9994,2011,28,3,18,455.8617
2011-04-28 19:00:00,2,0,1,1,25.42,31.06,43,19.9995,2011,28,3,19,349.9807
2011-04-28 20:00:00,2,0,1,1,23.78,27.275,43,15.0013,2011,28,3,20,276.65634
2011-04-28 21:00:00,2,0,1,1,22.96,26.515,46,8.9981,2011,28,3,21,207.1988
2011-04-28 22:00:00,2,0,1,1,22.14,25.76,45,11.0014,2011,28,3,22,142.3713
2011-04-28 23:00:00,2,0,1,1,22.14,25.76,39,6.0032,2011,28,3,23,77.83724
2011-04-29 00:00:00,2,0,1,1,21.32,25.0,39,19.0012,2011,29,4,0,52.628143
2011-04-29 01:00:00,2,0,1,1,20.5,24.24,45,6.0032,2011,29,4,1,22.053543
2011-04-29 02:00:00,2,0,1,1,18.86,22.725,63,7.0015,2011,29,4,2,14.162109
2011-04-29 03:00:00,2,0,1,1,18.86,22.725,59,6.0032,2011,29,4,3,10.202591
2011-04-29 04:00:00,2,0,1,1,18.86,22.725,51,8.9981,2011,29,4,4,10.0360565
2011-04-29 05:00:00,2,0,1,1,18.86,22.725,47,8.9981,2011,29,4,5,21.445862
2011-04-29 06:00:00,2,0,1,1,20.5,24.24,45,19.0012,2011,29,4,6,98.13871
2011-04-29 07:00:00,2,0,1,1,21.32,25.0,42,12.998,2011,29,4,7,247.71452
2011-04-29 08:00:00,2,0,1,1,22.14,25.76,39,19.9995,2011,29,4,8,391.75412
2011-04-29 09:00:00,2,0,1,1,22.14,25.76,39,22.0028,2011,29,4,9,237.4704
2011-04-29 10:00:00,2,0,1,1,22.96,26.515,40,19.0012,2011,29,4,10,180.86473
2011-04-29 11:00:00,2,0,1,1,24.6,31.06,38,15.0013,2011,29,4,11,193.12935
2011-04-29 12:00:00,2,0,1,1,22.96,26.515,37,19.0012,2011,29,4,12,236.53198
2011-04-29 13:00:00,2,0,1,1,22.96,26.515,37,19.9995,2011,29,4,13,236.827
2011-04-29 14:00:00,2,0,1,1,24.6,31.06,35,22.0028,2011,29,4,14,240.26624
2011-04-29 15:00:00,2,0,1,2,22.96,26.515,40,19.9995,2011,29,4,15,207.22467
2011-04-29 16:00:00,2,0,1,2,22.14,25.76,42,23.9994,2011,29,4,16,240.34354
2011-04-29 17:00:00,2,0,1,2,21.32,25.0,45,26.0027,2011,29,4,17,392.424
2011-04-29 18:00:00,2,0,1,1,21.32,25.0,48,23.9994,2011,29,4,18,362.53152
2011-04-29 19:00:00,2,0,1,1,18.86,22.725,55,22.0028,2011,29,4,19,220.39761
2011-04-29 20:00:00,2,0,1,1,19.68,23.485,48,15.0013,2011,29,4,20,187.72462
2011-04-29 21:00:00,2,0,1,1,18.86,22.725,51,12.998,2011,29,4,21,126.579445
2011-04-29 22:00:00,2,0,1,1,17.22,21.21,58,11.0014,2011,29,4,22,112.02756
2011-04-29 23:00:00,2,0,1,2,18.04,21.97,54,6.0032,2011,29,4,23,82.39808
2011-04-30 00:00:00,2,0,0,2,18.04,21.97,54,16.9979,2011,30,5,0,55.415848
2011-04-30 01:00:00,2,0,0,2,18.04,21.97,54,11.0014,2011,30,5,1,53.607147
2011-04-30 02:00:00,2,0,0,2,18.04,21.97,54,15.0013,2011,30,5,2,40.656265
2011-04-30 03:00:00,2,0,0,2,17.22,21.21,54,12.998,2011,30,5,3,14.753159
2011-04-30 04:00:00,2,0,0,2,17.22,21.21,54,15.0013,2011,30,5,4,8.190384
2011-04-30 05:00:00,2,0,0,1,17.22,21.21,54,26.0027,2011,30,5,5,11.846298
2011-04-30 06:00:00,2,0,0,1,16.4,20.455,58,19.0012,2011,30,5,6,19.419983
2011-04-30 07:00:00,2,0,0,1,16.4,20.455,54,26.0027,2011,30,5,7,35.423767
2011-04-30 08:00:00,2,0,0,1,16.4,20.455,54,19.9995,2011,30,5,8,62.89804
2011-04-30 09:00:00,2,0,0,1,18.04,21.97,51,23.9994,2011,30,5,9,178.50404
2011-04-30 10:00:00,2,0,0,1,19.68,23.485,44,26.0027,2011,30,5,10,240.38504
2011-04-30 11:00:00,2,0,0,1,20.5,24.24,42,23.9994,2011,30,5,11,310.598
2011-04-30 12:00:00,2,0,0,1,21.32,25.0,42,26.0027,2011,30,5,12,349.70395
2011-04-30 13:00:00,2,0,0,1,22.14,25.76,39,19.9995,2011,30,5,13,350.8609
2011-04-30 14:00:00,2,0,0,1,22.14,25.76,39,15.0013,2011,30,5,14,342.31805
2011-04-30 15:00:00,2,0,0,1,22.96,26.515,37,8.9981,2011,30,5,15,368.4302
2011-04-30 16:00:00,2,0,0,1,23.78,27.275,37,12.998,2011,30,5,16,382.7777
2011-04-30 17:00:00,2,0,0,1,22.96,26.515,43,8.9981,2011,30,5,17,370.36676
2011-04-30 18:00:00,2,0,0,1,22.14,25.76,43,8.9981,2011,30,5,18,291.8354
2011-04-30 19:00:00,2,0,0,1,22.14,25.76,43,8.9981,2011,30,5,19,253.75836
2011-04-30 20:00:00,2,0,0,1,18.04,21.97,62,8.9981,2011,30,5,20,141.1548
2011-04-30 21:00:00,2,0,0,1,18.04,21.97,62,8.9981,2011,30,5,21,122.92577
2011-04-30 22:00:00,2,0,0,1,18.04,21.97,67,7.0015,2011,30,5,22,105.54091
2011-04-30 23:00:00,2,0,0,1,18.04,21.97,67,7.0015,2011,30,5,23,92.66126
2011-05-20 00:00:00,2,0,1,1,18.86,22.725,94,6.0032,2011,20,4,0,42.676865
2011-05-20 01:00:00,2,0,1,1,18.86,22.725,100,0.0,2011,20,4,1,17.00267
2011-05-20 02:00:00,2,0,1,1,18.04,21.97,100,6.0032,2011,20,4,2,10.679123
2011-05-20 03:00:00,2,0,1,1,18.04,21.97,100,0.0,2011,20,4,3,8.010483
2011-05-20 04:00:00,2,0,1,1,18.04,21.97,94,6.0032,2011,20,4,4,6.309326
2011-05-20 05:00:00,2,0,1,1,18.04,21.97,94,7.0015,2011,20,4,5,18.698196
2011-05-20 06:00:00,2,0,1,1,18.86,22.725,88,7.0015,2011,20,4,6,95.26103
2011-05-20 07:00:00,2,0,1,1,20.5,24.24,77,11.0014,2011,20,4,7,248.76875
2011-05-20 08:00:00,2,0,1,1,22.14,25.76,68,0.0,2011,20,4,8,390.35846
2011-05-20 09:00:00,2,0,1,1,22.14,25.76,68,15.0013,2011,20,4,9,225.85623
2011-05-20 10:00:00,2,0,1,1,22.96,26.515,64,12.998,2011,20,4,10,173.57149
2011-05-20 11:00:00,2,0,1,2,23.78,27.275,60,12.998,2011,20,4,11,177.98398
2011-05-20 12:00:00,2,0,1,2,24.6,31.06,56,16.9979,2011,20,4,12,220.59135
2011-05-20 13:00:00,2,0,1,3,24.6,31.06,56,19.0012,2011,20,4,13,217.83846
2011-05-20 14:00:00,2,0,1,1,25.42,31.06,53,15.0013,2011,20,4,14,228.3873
2011-05-20 15:00:00,2,0,1,2,24.6,31.06,56,12.998,2011,20,4,15,228.41669
2011-05-20 16:00:00,2,0,1,2,24.6,31.06,53,11.0014,2011,20,4,16,308.9231
2011-05-20 17:00:00,2,0,1,1,25.42,31.06,53,0.0,2011,20,4,17,484.88867
2011-05-20 18:00:00,2,0,1,1,24.6,31.06,56,11.0014,2011,20,4,18,456.75296
2011-05-20 19:00:00,2,0,1,1,23.78,27.275,64,6.0032,2011,20,4,19,332.03717
2011-05-20 20:00:00,2,0,1,1,23.78,27.275,64,7.0015,2011,20,4,20,251.34283
2011-05-20 21:00:00,2,0,1,1,22.96,26.515,64,7.0015,2011,20,4,21,194.17616
2011-05-20 22:00:00,2,0,1,1,22.14,25.76,73,0.0,2011,20,4,22,141.5362
2011-05-20 23:00:00,2,0,1,1,21.32,25.0,72,11.0014,2011,20,4,23,114.594864
2011-05-21 00:00:00,2,0,0,1,21.32,25.0,77,7.0015,2011,21,5,0,80.26271
2011-05-21 01:00:00,2,0,0,1,21.32,25.0,72,0.0,2011,21,5,1,62.11902
2011-05-21 02:00:00,2,0,0,1,21.32,25.0,72,7.0015,2011,21,5,2,51.249115
2011-05-21 03:00:00,2,0,0,1,19.68,23.485,82,7.0015,2011,21,5,3,26.93016
2011-05-21 04:00:00,2,0,0,1,18.86,22.725,88,8.9981,2011,21,5,4,20.832764
2011-05-21 05:00:00,2,0,0,1,18.86,22.725,88,7.0015,2011,21,5,5,19.648758
2011-05-21 06:00:00,2,0,0,1,20.5,24.24,82,8.9981,2011,21,5,6,34.61374
2011-05-21 07:00:00,2,0,0,1,22.14,25.76,73,8.9981,2011,21,5,7,96.67888
2011-05-21 08:00:00,2,0,0,1,22.96,26.515,68,19.0012,2011,21,5,8,148.40096
2011-05-21 09:00:00,2,0,0,1,24.6,30.305,64,15.0013,2011,21,5,9,244.25381
2011-05-21 10:00:00,2,0,0,1,25.42,30.305,61,7.0015,2011,21,5,10,286.45923
2011-05-21 11:00:00,2,0,0,1,26.24,31.06,53,8.9981,2011,21,5,11,360.90512
2011-05-21 12:00:00,2,0,0,1,27.06,31.06,50,0.0,2011,21,5,12,398.96338
2011-05-21 13:00:00,2,0,0,1,28.7,31.82,45,0.0,2011,21,5,13,411.9062
2011-05-21 14:00:00,2,0,0,1,29.52,32.575,42,0.0,2011,21,5,14,427.1645
2011-05-21 15:00:00,2,0,0,1,29.52,32.575,45,16.9979,2011,21,5,15,395.60864
2011-05-21 16:00:00,2,0,0,2,29.52,32.575,39,16.9979,2011,21,5,16,415.24066
2011-05-21 17:00:00,2,0,0,2,29.52,32.575,42,11.0014,2011,21,5,17,421.44785
2011-05-21 18:00:00,2,0,0,2,28.7,31.82,45,11.0014,2011,21,5,18,361.5379
2011-05-21 19:00:00,2,0,0,1,27.88,31.82,47,11.0014,2011,21,5,19,309.77856
2011-05-21 20:00:00,2,0,0,1,25.42,30.305,61,0.0,2011,21,5,20,245.0257
2011-05-21 21:00:00,2,0,0,1,25.42,30.305,61,7.0015,2011,21,5,21,208.03638
2011-05-21 22:00:00,2,0,0,1,24.6,29.545,69,8.9981,2011,21,5,22,192.9885
2011-05-21 23:00:00,2,0,0,1,23.78,27.275,78,6.0032,2011,21,5,23,124.92229
2011-05-22 00:00:00,2,0,0,1,22.14,25.76,88,11.0014,2011,22,6,0,107.20302
2011-05-22 01:00:00,2,0,0,1,21.32,25.0,94,8.9981,2011,22,6,1,64.82551
2011-05-22 02:00:00,2,0,0,1,21.32,25.0,94,7.0015,2011,22,6,2,49.342392
2011-05-22 03:00:00,2,0,0,1,20.5,24.24,100,7.0015,2011,22,6,3,23.754745
2011-05-22 04:00:00,2,0,0,1,20.5,24.24,100,0.0,2011,22,6,4,10.727402
2011-05-22 05:00:00,2,0,0,1,20.5,24.24,100,7.0015,2011,22,6,5,11.482681
2011-05-22 06:00:00,2,0,0,1,21.32,25.0,94,7.0015,2011,22,6,6,18.356567
2011-05-22 07:00:00,2,0,0,1,22.14,25.76,88,7.0015,2011,22,6,7,60.552444
2011-05-22 08:00:00,2,0,0,1,24.6,29.545,73,6.0032,2011,22,6,8,102.39094
2011-05-22 09:00:00,2,0,0,1,25.42,30.305,69,7.0015,2011,22,6,9,219.83049
2011-05-22 10:00:00,2,0,0,1,26.24,30.305,65,8.9981,2011,22,6,10,282.2981
2011-05-22 11:00:00,2,0,0,1,28.7,32.575,54,12.998,2011,22,6,11,363.00824
2011-05-22 12:00:00,2,0,0,2,29.52,33.335,51,12.998,2011,22,6,12,388.70343
2011-05-22 13:00:00,2,0,0,2,27.06,31.06,54,15.0013,2011,22,6,13,381.28564
2011-05-22 14:00:00,2,0,0,3,25.42,30.305,69,12.998,2011,22,6,14,275.10022
2011-05-22 15:00:00,2,0,0,2,27.06,31.06,61,11.0014,2011,22,6,15,353.51733
2011-05-22 16:00:00,2,0,0,1,27.88,31.82,61,8.9981,2011,22,6,16,397.62036
2011-05-22 17:00:00,2,0,0,1,28.7,32.575,58,16.9979,2011,22,6,17,364.77087
2011-05-22 18:00:00,2,0,0,1,27.06,31.06,61,15.0013,2011,22,6,18,352.25232
2011-05-22 19:00:00,2,0,0,1,27.06,31.06,61,12.998,2011,22,6,19,296.85016
2011-05-22 20:00:00,2,0,0,1,26.24,30.305,65,11.0014,2011,22,6,20,225.59428
2011-05-22 21:00:00,2,0,0,1,25.42,29.545,73,12.998,2011,22,6,21,148.58194
2011-05-22 22:00:00,2,0,0,1,24.6,28.03,83,8.9981,2011,22,6,22,125.178986
2011-05-22 23:00:00,2,0,0,2,23.78,27.275,83,8.9981,2011,22,6,23,87.61887
2011-05-23 00:00:00,2,0,1,2,22.96,26.515,88,8.9981,2011,23,0,0,21.674576
2011-05-23 01:00:00,2,0,1,1,22.96,26.515,88,7.0015,2011,23,0,1,9.875534
2011-05-23 02:00:00,2,0,1,3,22.96,26.515,88,11.0014,2011,23,0,2,-2.8841705
2011-05-23 03:00:00,2,0,1,3,22.14,25.76,94,11.0014,2011,23,0,3,-9.050461
2011-05-23 04:00:00,2,0,1,2,22.14,25.76,94,0.0,2011,23,0,4,-21.173523
2011-05-23 05:00:00,2,0,1,2,22.14,25.76,94,0.0,2011,23,0,5,-6.2666473
2011-05-23 06:00:00,2,0,1,2,22.14,25.76,100,0.0,2011,23,0,6,65.23642
2011-05-23 07:00:00,2,0,1,2,22.96,26.515,94,7.0015,2011,23,0,7,224.21082
2011-05-23 08:00:00,2,0,1,1,24.6,27.275,88,12.998,2011,23,0,8,418.62054
2011-05-23 09:00:00,2,0,1,1,24.6,27.275,88,15.0013,2011,23,0,9,165.2763
2011-05-23 10:00:00,2,0,1,1,27.06,31.06,74,19.9995,2011,23,0,10,123.932014
2011-05-23 11:00:00,2,0,1,1,27.88,31.82,69,26.0027,2011,23,0,11,124.47537
2011-05-23 12:00:00,2,0,1,1,27.88,31.82,69,26.0027,2011,23,0,12,170.31956
2011-05-23 13:00:00,2,0,1,2,30.34,34.09,58,27.9993,2011,23,0,13,153.44328
2011-05-23 14:00:00,2,0,1,2,29.52,34.09,62,35.0008,2011,23,0,14,100.69805
2011-05-23 15:00:00,2,0,1,2,29.52,34.09,62,30.0026,2011,23,0,15,111.82857
2011-05-23 16:00:00,2,0,1,2,29.52,34.09,62,19.9995,2011,23,0,16,244.19919
2011-05-23 17:00:00,2,0,1,3,29.52,34.09,70,26.0027,2011,23,0,17,371.56937
2011-05-23 18:00:00,2,0,1,1,28.7,33.335,74,19.0012,2011,23,0,18,435.01395
2011-05-23 19:00:00,2,0,1,1,28.7,33.335,74,15.0013,2011,23,0,19,354.55444
2011-05-23 20:00:00,2,0,1,1,26.24,28.79,83,15.0013,2011,23,0,20,195.25749
2011-05-23 21:00:00,2,0,1,1,26.24,28.79,89,15.0013,2011,23,0,21,122.180145
2011-05-23 22:00:00,2,0,1,1,25.42,27.275,94,15.0013,2011,23,0,22,61.73137
2011-05-23 23:00:00,2,0,1,2,25.42,28.03,88,12.998,2011,23,0,23,22.03955
2011-05-24 00:00:00,2,0,1,2,24.6,25.76,94,12.998,2011,24,1,0,26.962433
2011-05-24 01:00:00,2,0,1,2,24.6,25.76,94,11.0014,2011,24,1,1,12.726074
2011-05-24 02:00:00,2,0,1,2,24.6,25.76,94,12.998,2011,24,1,2,6.894806
2011-05-24 03:00:00,2,0,1,2,23.78,27.275,94,7.0015,2011,24,1,3,0.9005127
2011-05-24 04:00:00,2,0,1,1,24.6,27.275,88,7.0015,2011,24,1,4,12.723831
2011-05-24 05:00:00,2,0,1,2,23.78,27.275,94,16.9979,2011,24,1,5,15.172623
2011-05-24 06:00:00,2,0,1,2,23.78,27.275,94,12.998,2011,24,1,6,97.84504
2011-05-24 07:00:00,2,0,1,3,26.24,29.545,78,12.998,2011,24,1,7,215.7857
2011-05-24 08:00:00,2,0,1,3,25.42,28.79,83,15.0013,2011,24,1,8,350.84335
2011-05-24 09:00:00,2,0,1,2,26.24,30.305,73,12.998,2011,24,1,9,209.84276
2011-05-24 10:00:00,2,0,1,1,28.7,32.575,61,22.0028,2011,24,1,10,129.51508
2011-05-24 11:00:00,2,0,1,1,30.34,33.335,51,15.0013,2011,24,1,11,136.08322
2011-05-24 12:00:00,2,0,1,1,31.16,34.09,45,26.0027,2011,24,1,12,173.7969
2011-05-24 13:00:00,2,0,1,1,31.98,34.85,46,16.9979,2011,24,1,13,173.4925
2011-05-24 14:00:00,2,0,1,1,31.98,34.85,46,19.0012,2011,24,1,14,160.09532
2011-05-24 15:00:00,2,0,1,3,30.34,34.09,55,27.9993,2011,24,1,15,121.93029
2011-05-24 16:00:00,2,0,1,1,27.06,31.06,69,12.998,2011,24,1,16,281.47205
2011-05-24 17:00:00,2,0,1,1,28.7,32.575,61,7.0015,2011,24,1,17,510.77698
2011-05-24 18:00:00,2,0,1,1,28.7,32.575,70,12.998,2011,24,1,18,495.20834
2011-05-24 19:00:00,2,0,1,1,27.06,31.06,74,12.998,2011,24,1,19,345.86884
2011-05-24 20:00:00,2,0,1,1,27.06,31.06,74,6.0032,2011,24,1,20,252.22882
2011-05-24 21:00:00,2,0,1,1,26.24,29.545,78,6.0032,2011,24,1,21,170.98857
2011-05-24 22:00:00,2,0,1,3,25.42,28.03,88,15.0013,2011,24,1,22,40.16046
2011-05-24 23:00:00,2,0,1,3,27.06,31.06,74,11.0014,2011,24,1,23,45.57524
2011-05-25 00:00:00,2,0,1,3,24.6,28.03,83,15.0013,2011,25,2,0,31.653152
2011-05-25 01:00:00,2,0,1,3,23.78,27.275,83,12.998,2011,25,2,1,15.666595
2011-05-25 02:00:00,2,0,1,2,22.96,26.515,94,0.0,2011,25,2,2,-8.227097
2011-05-25 03:00:00,2,0,1,1,22.14,25.76,100,8.9981,2011,25,2,3,8.8710785
2011-05-25 04:00:00,2,0,1,1,22.14,25.76,100,7.0015,2011,25,2,4,3.97966
2011-05-25 05:00:00,2,0,1,1,22.96,26.515,88,6.0032,2011,25,2,5,25.942886
2011-05-25 06:00:00,2,0,1,1,22.96,26.515,94,6.0032,2011,25,2,6,98.89453
2011-05-25 07:00:00,2,0,1,1,25.42,29.545,73,8.9981,2011,25,2,7,285.68695
2011-05-25 08:00:00,2,0,1,1,26.24,30.305,69,15.0013,2011,25,2,8,420.35516
2011-05-25 09:00:00,2,0,1,1,27.88,31.82,65,6.0032,2011,25,2,9,216.79483
2011-05-25 10:00:00,2,0,1,1,28.7,32.575,61,6.0032,2011,25,2,10,130.74136
2011-05-25 11:00:00,2,0,1,1,30.34,33.335,51,6.0032,2011,25,2,11,134.77782
2011-05-25 12:00:00,2,0,1,1,30.34,34.09,55,8.9981,2011,25,2,12,179.07071
2011-05-25 13:00:00,2,0,1,1,30.34,34.09,55,8.9981,2011,25,2,13,179.07071
2011-05-25 14:00:00,2,0,1,1,30.34,34.09,55,11.0014,2011,25,2,14,169.39368
2011-05-25 15:00:00,2,0,1,1,31.16,34.85,52,16.9979,2011,25,2,15,177.85385
2011-05-25 16:00:00,2,0,1,1,30.34,33.335,51,19.0012,2011,25,2,16,267.5136
2011-05-25 17:00:00,2,0,1,1,30.34,33.335,51,15.0013,2011,25,2,17,515.16406
2011-05-25 18:00:00,2,0,1,1,29.52,33.335,58,15.0013,2011,25,2,18,492.0196
2011-05-25 19:00:00,2,0,1,1,28.7,32.575,61,8.9981,2011,25,2,19,381.04468
2011-05-25 20:00:00,2,0,1,1,28.7,32.575,61,11.0014,2011,25,2,20,291.15463
2011-05-25 21:00:00,2,0,1,1,27.06,31.06,69,8.9981,2011,25,2,21,220.81932
2011-05-25 22:00:00,2,0,1,1,27.06,31.06,69,16.9979,2011,25,2,22,165.41098
2011-05-25 23:00:00,2,0,1,1,26.24,30.305,73,8.9981,2011,25,2,23,90.6789
2011-05-26 00:00:00,2,0,1,1,26.24,30.305,73,8.9981,2011,26,3,0,40.162918
2011-05-26 01:00:00,2,0,1,1,26.24,30.305,73,8.9981,2011,26,3,1,18.649872
2011-05-26 02:00:00,2,0,1,1,25.42,28.79,83,7.0015,2011,26,3,2,14.021362
2011-05-26 03:00:00,2,0,1,1,24.6,27.275,88,6.0032,2011,26,3,3,18.562408
2011-05-26 04:00:00,2,0,1,1,24.6,27.275,88,0.0,2011,26,3,4,17.807144
2011-05-26 05:00:00,2,0,1,2,24.6,27.275,88,6.0032,2011,26,3,5,31.750626
2011-05-26 06:00:00,2,0,1,2,24.6,25.0,100,6.0032,2011,26,3,6,102.82079
2011-05-26 07:00:00,2,0,1,2,25.42,27.275,94,16.9979,2011,26,3,7,220.27606
2011-05-26 08:00:00,2,0,1,2,27.06,30.305,83,11.0014,2011,26,3,8,434.23303
2011-05-26 09:00:00,2,0,1,1,29.52,34.09,70,11.0014,2011,26,3,9,220.80435
2011-05-26 10:00:00,2,0,1,1,28.7,33.335,74,19.0012,2011,26,3,10,134.57352
2011-05-26 11:00:00,2,0,1,1,30.34,34.85,66,15.0013,2011,26,3,11,135.27826
2011-05-26 12:00:00,2,0,1,1,31.98,37.12,59,22.0028,2011,26,3,12,174.2135
2011-05-26 13:00:00,2,0,1,1,33.62,38.635,52,19.0012,2011,26,3,13,177.51642
2011-05-26 14:00:00,2,0,1,1,33.62,38.635,52,19.0012,2011,26,3,14,162.46393
2011-05-26 15:00:00,2,0,1,2,33.62,37.88,46,19.0012,2011,26,3,15,152.88704
2011-05-26 16:00:00,2,0,1,2,32.8,37.12,49,23.9994,2011,26,3,16,238.30716
2011-05-26 17:00:00,2,0,1,1,32.8,36.365,46,19.0012,2011,26,3,17,497.32352
2011-05-26 18:00:00,2,0,1,1,32.8,36.365,46,22.0028,2011,26,3,18,474.1383
2011-05-26 19:00:00,2,0,1,1,31.98,34.85,46,22.0028,2011,26,3,19,357.63354
2011-05-26 20:00:00,2,0,1,1,29.52,33.335,58,11.0014,2011,26,3,20,291.16516
2011-05-26 21:00:00,2,0,1,1,29.52,34.09,62,6.0032,2011,26,3,21,228.821
2011-05-26 22:00:00,2,0,1,1,28.7,32.575,65,8.9981,2011,26,3,22,183.01663
2011-05-26 23:00:00,2,0,1,1,28.7,32.575,65,12.998,2011,26,3,23,124.80656
2011-05-27 00:00:00,2,0,1,1,27.88,31.82,69,16.9979,2011,27,4,0,56.648254
2011-05-27 01:00:00,2,0,1,1,28.7,32.575,58,19.9995,2011,27,4,1,20.431122
2011-05-27 02:00:00,2,0,1,1,27.88,31.82,61,15.0013,2011,27,4,2,18.807358
2011-05-27 03:00:00,2,0,1,1,27.06,31.06,65,6.0032,2011,27,4,3,16.506195
2011-05-27 04:00:00,2,0,1,1,26.24,30.305,69,8.9981,2011,27,4,4,9.577377
2011-05-27 05:00:00,2,0,1,1,26.24,30.305,65,19.0012,2011,27,4,5,23.300507
2011-05-27 06:00:00,2,0,1,1,26.24,30.305,69,6.0032,2011,27,4,6,102.1775
2011-05-27 07:00:00,2,0,1,1,26.24,30.305,73,11.0014,2011,27,4,7,263.89746
2011-05-27 08:00:00,2,0,1,1,27.06,31.06,74,19.0012,2011,27,4,8,413.09308
2011-05-27 09:00:00,2,0,1,1,28.7,32.575,65,19.0012,2011,27,4,9,220.33469
2011-05-27 10:00:00,2,0,1,1,29.52,33.335,54,26.0027,2011,27,4,10,161.9817
2011-05-27 11:00:00,2,0,1,2,30.34,34.09,55,22.0028,2011,27,4,11,162.059
2011-05-27 12:00:00,2,0,1,2,31.16,34.85,55,19.9995,2011,27,4,12,212.91583
2011-05-27 13:00:00,2,0,1,1,30.34,34.09,58,12.998,2011,27,4,13,229.77473
2011-05-27 14:00:00,2,0,1,1,31.16,34.85,55,16.9979,2011,27,4,14,221.37392
2011-05-27 15:00:00,2,0,1,1,31.98,35.605,49,19.0012,2011,27,4,15,217.77121
2011-05-27 16:00:00,2,0,1,2,31.16,34.85,55,26.0027,2011,27,4,16,277.38727
2011-05-27 17:00:00,2,0,1,1,30.34,34.09,58,26.0027,2011,27,4,17,466.7687
2011-05-27 18:00:00,2,0,1,2,29.52,34.09,62,19.9995,2011,27,4,18,405.3812
2011-05-27 19:00:00,2,0,1,3,24.6,28.79,78,16.9979,2011,27,4,19,245.23859
2011-05-27 20:00:00,2,0,1,2,25.42,29.545,73,15.0013,2011,27,4,20,207.52739
2011-05-27 21:00:00,2,0,1,1,24.6,28.03,83,7.0015,2011,27,4,21,172.25221
2011-05-27 22:00:00,2,0,1,1,24.6,28.79,78,8.9981,2011,27,4,22,155.6193
2011-05-27 23:00:00,2,0,1,1,23.78,27.275,88,8.9981,2011,27,4,23,117.20568
2011-05-28 00:00:00,2,0,0,1,23.78,27.275,88,8.9981,2011,28,5,0,107.904396
2011-05-28 01:00:00,2,0,0,1,23.78,27.275,88,12.998,2011,28,5,1,76.57266
2011-05-28 02:00:00,2,0,0,1,22.96,26.515,94,12.998,2011,28,5,2,51.100876
2011-05-28 03:00:00,2,0,0,1,22.96,26.515,88,15.0013,2011,28,5,3,27.902695
2011-05-28 04:00:00,2,0,0,1,22.96,26.515,88,16.9979,2011,28,5,4,26.068695
2011-05-28 05:00:00,2,0,0,1,22.96,26.515,88,15.0013,2011,28,5,5,21.189621
2011-05-28 06:00:00,2,0,0,1,23.78,27.275,83,16.9979,2011,28,5,6,41.62909
2011-05-28 07:00:00,2,0,0,1,24.6,28.03,83,16.9979,2011,28,5,7,72.746155
2011-05-28 08:00:00,2,0,0,1,25.42,29.545,78,12.998,2011,28,5,8,107.47593
2011-05-28 09:00:00,2,0,0,1,26.24,30.305,73,16.9979,2011,28,5,9,217.43907
2011-05-28 10:00:00,2,0,0,1,28.7,32.575,65,15.0013,2011,28,5,10,287.00482
2011-05-28 11:00:00,2,0,0,1,28.7,32.575,65,15.0013,2011,28,5,11,354.6098
2011-05-28 12:00:00,2,0,0,1,29.52,33.335,58,16.9979,2011,28,5,12,385.57288
2011-05-28 13:00:00,2,0,0,1,29.52,34.09,62,15.0013,2011,28,5,13,387.456
2011-05-28 14:00:00,2,0,0,1,30.34,34.09,58,15.0013,2011,28,5,14,365.59753
2011-05-28 15:00:00,2,0,0,1,30.34,34.09,55,15.0013,2011,28,5,15,379.14874
2011-05-28 16:00:00,2,0,0,1,31.16,34.85,55,19.0012,2011,28,5,16,396.82843
2011-05-28 17:00:00,2,0,0,1,30.34,34.09,55,19.9995,2011,28,5,17,376.6198
2011-05-28 18:00:00,2,0,0,1,29.52,34.09,62,16.9979,2011,28,5,18,344.61926
2011-05-28 19:00:00,2,0,0,1,28.7,32.575,65,12.998,2011,28,5,19,310.6101
2011-05-28 20:00:00,2,0,0,1,28.7,32.575,65,15.0013,2011,28,5,20,245.21527
2011-05-28 21:00:00,2,0,0,1,27.06,31.06,74,19.9995,2011,28,5,21,158.91788
2011-05-28 22:00:00,2,0,0,1,27.06,30.305,78,15.0013,2011,28,5,22,148.95659
2011-05-28 23:00:00,2,0,0,1,26.24,28.79,83,12.998,2011,28,5,23,138.81165
2011-05-29 00:00:00,2,0,0,1,26.24,28.79,83,15.0013,2011,29,6,0,102.143036
2011-05-29 01:00:00,2,0,0,1,25.42,28.03,88,11.0014,2011,29,6,1,77.475365
2011-05-29 02:00:00,2,0,0,1,25.42,28.03,88,7.0015,2011,29,6,2,59.90088
2011-05-29 03:00:00,2,0,0,1,25.42,28.03,88,7.0015,2011,29,6,3,32.49031
2011-05-29 04:00:00,2,0,0,1,24.6,27.275,88,6.0032,2011,29,6,4,21.361877
2011-05-29 05:00:00,2,0,0,1,24.6,25.76,94,11.0014,2011,29,6,5,17.28543
2011-05-29 06:00:00,2,0,0,2,25.42,28.03,88,12.998,2011,29,6,6,25.868027
2011-05-29 07:00:00,2,0,0,2,25.42,28.03,88,16.9979,2011,29,6,7,28.035065
2011-05-29 08:00:00,2,0,0,2,25.42,28.03,88,15.0013,2011,29,6,8,64.90425
2011-05-29 09:00:00,2,0,0,2,25.42,27.275,94,16.9979,2011,29,6,9,107.993996
2011-05-29 10:00:00,2,0,0,2,27.06,30.305,83,15.0013,2011,29,6,10,222.12418
2011-05-29 11:00:00,2,0,0,2,27.06,30.305,83,19.0012,2011,29,6,11,273.9032
2011-05-29 12:00:00,2,0,0,2,28.7,33.335,74,15.0013,2011,29,6,12,341.9876
2011-05-29 13:00:00,2,0,0,1,29.52,34.09,70,19.0012,2011,29,6,13,385.2953
2011-05-29 14:00:00,2,0,0,1,30.34,34.85,70,19.0012,2011,29,6,14,354.31717
2011-05-29 15:00:00,2,0,0,1,30.34,34.85,70,19.9995,2011,29,6,15,356.0671
2011-05-29 16:00:00,2,0,0,1,30.34,34.85,70,19.0012,2011,29,6,16,383.99414
2011-05-29 17:00:00,2,0,0,1,30.34,34.85,70,19.0012,2011,29,6,17,342.12097
2011-05-29 18:00:00,2,0,0,1,29.52,34.85,74,19.0012,2011,29,6,18,281.67236
2011-05-29 19:00:00,2,0,0,1,29.52,34.85,74,16.9979,2011,29,6,19,249.55708
2011-05-29 20:00:00,2,0,0,1,28.7,33.335,79,12.998,2011,29,6,20,187.06648
2011-05-29 21:00:00,2,0,0,1,27.88,31.82,83,11.0014,2011,29,6,21,139.40427
2011-05-29 22:00:00,2,0,0,1,27.06,29.545,89,8.9981,2011,29,6,22,104.1268
2011-05-29 23:00:00,2,0,0,1,27.06,29.545,89,11.0014,2011,29,6,23,96.74286
2011-05-30 00:00:00,2,1,0,1,26.24,28.03,94,12.998,2011,30,0,0,24.584167
2011-05-30 01:00:00,2,1,0,1,26.24,28.03,94,8.9981,2011,30,0,1,15.056229
2011-05-30 02:00:00,2,1,0,1,26.24,28.03,94,12.998,2011,30,0,2,6.2660522
2011-05-30 03:00:00,2,1,0,1,26.24,28.03,94,12.998,2011,30,0,3,-4.182373
2011-05-30 04:00:00,2,1,0,1,25.42,27.275,94,11.0014,2011,30,0,4,-1.0539856
2011-05-30 05:00:00,2,1,0,2,25.42,27.275,94,7.0015,2011,30,0,5,24.73854
2011-05-30 06:00:00,2,1,0,2,26.24,28.03,94,6.0032,2011,30,0,6,41.73079
2011-05-30 07:00:00,2,1,0,2,26.24,28.03,94,0.0,2011,30,0,7,73.88619
2011-05-30 08:00:00,2,1,0,2,27.06,29.545,89,7.0015,2011,30,0,8,281.1561
2011-05-30 09:00:00,2,1,0,1,29.52,34.85,74,6.0032,2011,30,0,9,216.24469
2011-05-30 10:00:00,2,1,0,1,32.8,37.88,55,16.9979,2011,30,0,10,265.92502
2011-05-30 11:00:00,2,1,0,1,33.62,38.635,52,0.0,2011,30,0,11,298.08524
2011-05-30 12:00:00,2,1,0,1,35.26,40.15,47,7.0015,2011,30,0,12,347.1627
2011-05-30 13:00:00,2,1,0,1,35.26,39.395,44,6.0032,2011,30,0,13,342.61975
2011-05-30 14:00:00,2,1,0,1,36.08,40.15,39,0.0,2011,30,0,14,353.60907
2011-05-30 15:00:00,2,1,0,1,36.08,40.15,39,16.9979,2011,30,0,15,374.90833
2011-05-30 16:00:00,2,1,0,1,36.08,39.395,37,19.0012,2011,30,0,16,396.742
2011-05-30 17:00:00,2,1,0,1,35.26,39.395,41,15.0013,2011,30,0,17,525.64575
2011-05-30 18:00:00,2,1,0,1,35.26,39.395,41,11.0014,2011,30,0,18,532.3617
2011-05-30 19:00:00,2,1,0,2,21.32,25.0,48,7.0015,2011,30,0,19,303.78473
2011-05-30 20:00:00,2,1,0,1,31.16,35.605,58,0.0,2011,30,0,20,299.96686
2011-05-30 21:00:00,2,1,0,1,30.34,34.85,70,8.9981,2011,30,0,21,243.00565
2011-05-30 22:00:00,2,1,0,1,29.52,34.85,74,11.0014,2011,30,0,22,137.35747
2011-05-30 23:00:00,2,1,0,1,28.7,33.335,84,7.0015,2011,30,0,23,45.560944
2011-05-31 00:00:00,2,0,1,1,28.7,33.335,79,6.0032,2011,31,1,0,41.231064
2011-05-31 01:00:00,2,0,1,1,27.88,31.82,89,6.0032,2011,31,1,1,21.873306
2011-05-31 02:00:00,2,0,1,2,27.06,29.545,94,8.9981,2011,31,1,2,7.154175
2011-05-31 03:00:00,2,0,1,2,26.24,28.03,94,0.0,2011,31,1,3,-7.7237854
2011-05-31 04:00:00,2,0,1,1,27.06,30.305,83,6.0032,2011,31,1,4,14.588348
2011-05-31 05:00:00,2,0,1,1,27.06,30.305,83,6.0032,2011,31,1,5,29.495209
2011-05-31 06:00:00,2,0,1,1,27.88,31.82,79,6.0032,2011,31,1,6,112.123856
2011-05-31 07:00:00,2,0,1,1,30.34,34.85,66,7.0015,2011,31,1,7,268.19135
2011-05-31 08:00:00,2,0,1,1,31.98,37.12,59,8.9981,2011,31,1,8,396.2685
2011-05-31 09:00:00,2,0,1,1,32.8,37.88,55,8.9981,2011,31,1,9,193.63829
2011-05-31 10:00:00,2,0,1,1,33.62,39.395,56,8.9981,2011,31,1,10,110.04392
2011-05-31 11:00:00,2,0,1,1,35.26,40.15,47,0.0,2011,31,1,11,89.766594
2011-05-31 12:00:00,2,0,1,1,35.26,40.15,47,8.9981,2011,31,1,12,147.20071
2011-05-31 13:00:00,2,0,1,1,36.9,41.665,39,11.0014,2011,31,1,13,141.87575
2011-05-31 14:00:00,2,0,1,1,36.9,40.91,37,0.0,2011,31,1,14,121.935326
2011-05-31 15:00:00,2,0,1,1,36.9,40.91,37,11.0014,2011,31,1,15,143.90056
2011-05-31 16:00:00,2,0,1,1,36.9,41.665,39,8.9981,2011,31,1,16,236.45544
2011-05-31 17:00:00,2,0,1,1,34.44,40.15,53,15.0013,2011,31,1,17,516.02795
2011-05-31 18:00:00,2,0,1,1,34.44,40.15,53,12.998,2011,31,1,18,498.25653
2011-05-31 19:00:00,2,0,1,1,31.98,37.12,62,7.0015,2011,31,1,19,383.90076
2011-05-31 20:00:00,2,0,1,1,31.98,37.12,62,7.0015,2011,31,1,20,294.0107
2011-05-31 21:00:00,2,0,1,1,31.16,36.365,66,7.0015,2011,31,1,21,227.46338
2011-05-31 22:00:00,2,0,1,1,30.34,34.85,70,11.0014,2011,31,1,22,175.97208
2011-05-31 23:00:00,2,0,1,1,29.52,34.85,79,6.0032,2011,31,1,23,74.07625
2011-06-20 00:00:00,2,0,1,1,27.06,30.305,83,11.0014,2011,20,0,0,33.638474
2011-06-20 01:00:00,2,0,1,1,26.24,28.79,89,6.0032,2011,20,0,1,9.085693
2011-06-20 02:00:00,2,0,1,1,26.24,28.79,89,6.0032,2011,20,0,2,2.8597412
2011-06-20 03:00:00,2,0,1,3,26.24,28.79,89,0.0,2011,20,0,3,-7.156494
2011-06-20 04:00:00,2,0,1,3,25.42,28.03,88,11.0014,2011,20,0,4,-0.27618408
2011-06-20 05:00:00,2,0,1,3,25.42,28.79,83,8.9981,2011,20,0,5,12.181885
2011-06-20 06:00:00,2,0,1,3,24.6,28.79,78,8.9981,2011,20,0,6,73.02805
2011-06-20 07:00:00,2,0,1,3,22.96,26.515,88,12.998,2011,20,0,7,155.83647
2011-06-20 08:00:00,2,0,1,3,22.96,26.515,83,12.998,2011,20,0,8,326.7434
2011-06-20 09:00:00,2,0,1,2,24.6,28.79,78,16.9979,2011,20,0,9,193.77751
2011-06-20 10:00:00,2,0,1,2,24.6,28.79,78,16.9979,2011,20,0,10,105.803024
2011-06-20 11:00:00,2,0,1,2,24.6,28.79,78,7.0015,2011,20,0,11,119.84761
2011-06-20 12:00:00,2,0,1,2,25.42,30.305,69,7.0015,2011,20,0,12,165.29376
2011-06-20 13:00:00,2,0,1,1,26.24,30.305,65,7.0015,2011,20,0,13,171.2911
2011-06-20 14:00:00,2,0,1,1,27.06,31.06,61,7.0015,2011,20,0,14,166.91257
2011-06-20 15:00:00,2,0,1,1,27.06,31.06,61,8.9981,2011,20,0,15,177.20158
2011-06-20 16:00:00,2,0,1,1,28.7,32.575,58,11.0014,2011,20,0,16,275.79257
2011-06-20 17:00:00,2,0,1,1,28.7,32.575,54,0.0,2011,20,0,17,514.9937
2011-06-20 18:00:00,2,0,1,1,28.7,32.575,61,16.9979,2011,20,0,18,482.97733
2011-06-20 19:00:00,2,0,1,1,27.06,31.06,65,15.0013,2011,20,0,19,368.79416
2011-06-20 20:00:00,2,0,1,1,27.06,31.06,69,15.0013,2011,20,0,20,265.50018
2011-06-20 21:00:00,2,0,1,1,26.24,30.305,73,11.0014,2011,20,0,21,169.10873
2011-06-20 22:00:00,2,0,1,2,26.24,30.305,73,15.0013,2011,20,0,22,108.84122
2011-06-20 23:00:00,2,0,1,1,25.42,29.545,78,16.9979,2011,20,0,23,27.250092
2011-06-21 00:00:00,3,0,1,1,25.42,29.545,78,11.0014,2011,21,1,0,35.065292
2011-06-21 01:00:00,3,0,1,3,25.42,29.545,78,11.0014,2011,21,1,1,11.498352
2011-06-21 02:00:00,3,0,1,3,25.42,28.79,83,11.0014,2011,21,1,2,3.9367065
2011-06-21 03:00:00,3,0,1,3,25.42,28.79,83,11.0014,2011,21,1,3,2.8056793
2011-06-21 04:00:00,3,0,1,2,24.6,27.275,88,7.0015,2011,21,1,4,5.1138916
2011-06-21 05:00:00,3,0,1,2,24.6,27.275,88,8.9981,2011,21,1,5,22.05188
2011-06-21 06:00:00,3,0,1,2,24.6,27.275,88,8.9981,2011,21,1,6,107.127815
2011-06-21 07:00:00,3,0,1,2,24.6,25.76,94,0.0,2011,21,1,7,235.67612
2011-06-21 08:00:00,3,0,1,2,25.42,28.03,88,7.0015,2011,21,1,8,416.9317
2011-06-21 09:00:00,3,0,1,2,25.42,28.03,88,16.9979,2011,21,1,9,167.68843
2011-06-21 10:00:00,3,0,1,2,26.24,28.79,83,12.998,2011,21,1,10,94.443924
2011-06-21 11:00:00,3,0,1,1,27.06,30.305,83,11.0014,2011,21,1,11,115.79997
2011-06-21 12:00:00,3,0,1,1,28.7,33.335,74,11.0014,2011,21,1,12,183.33456
2011-06-21 13:00:00,3,0,1,1,30.34,34.85,66,11.0014,2011,21,1,13,178.7521
2011-06-21 14:00:00,3,0,1,1,31.16,35.605,62,15.0013,2011,21,1,14,166.03307
2011-06-21 15:00:00,3,0,1,1,31.98,37.12,59,16.9979,2011,21,1,15,168.93646
2011-06-21 16:00:00,3,0,1,1,32.8,38.635,59,15.0013,2011,21,1,16,281.93323
2011-06-21 17:00:00,3,0,1,1,31.98,37.88,66,15.0013,2011,21,1,17,523.6504
2011-06-21 18:00:00,3,0,1,2,31.16,36.365,70,16.9979,2011,21,1,18,468.49252
2011-06-21 19:00:00,3,0,1,2,30.34,35.605,74,15.0013,2011,21,1,19,332.73474
2011-06-21 20:00:00,3,0,1,3,30.34,34.85,70,15.0013,2011,21,1,20,212.73447
2011-06-21 21:00:00,3,0,1,1,29.52,34.85,74,12.998,2011,21,1,21,203.46127
2011-06-21 22:00:00,3,0,1,1,28.7,33.335,79,7.0015,2011,21,1,22,144.9536
2011-06-21 23:00:00,3,0,1,1,28.7,33.335,74,7.0015,2011,21,1,23,91.52502
2011-06-22 00:00:00,3,0,1,1,27.06,30.305,78,12.998,2011,22,2,0,34.4982
2011-06-22 01:00:00,3,0,1,1,27.06,30.305,78,8.9981,2011,22,2,1,15.988632
2011-06-22 02:00:00,3,0,1,1,27.06,30.305,78,0.0,2011,22,2,2,9.845703
2011-06-22 03:00:00,3,0,1,1,27.06,30.305,78,8.9981,2011,22,2,3,8.011276
2011-06-22 04:00:00,3,0,1,1,26.24,28.79,83,0.0,2011,22,2,4,5.7627716
2011-06-22 05:00:00,3,0,1,1,26.24,28.79,89,0.0,2011,22,2,5,22.788498
2011-06-22 06:00:00,3,0,1,1,27.06,30.305,83,0.0,2011,22,2,6,112.336395
2011-06-22 07:00:00,3,0,1,1,28.7,33.335,79,0.0,2011,22,2,7,312.3238
2011-06-22 08:00:00,3,0,1,1,29.52,34.85,74,7.0015,2011,22,2,8,446.21124
2011-06-22 09:00:00,3,0,1,1,29.52,34.85,79,11.0014,2011,22,2,9,217.89949
2011-06-22 10:00:00,3,0,1,1,30.34,34.85,70,16.9979,2011,22,2,10,128.2456
2011-06-22 11:00:00,3,0,1,1,30.34,34.85,70,11.0014,2011,22,2,11,133.16377
2011-06-22 12:00:00,3,0,1,2,32.8,38.635,59,15.0013,2011,22,2,12,167.96489
2011-06-22 13:00:00,3,0,1,2,33.62,39.395,56,16.9979,2011,22,2,13,160.80502
2011-06-22 14:00:00,3,0,1,2,33.62,38.635,52,19.0012,2011,22,2,14,143.49437
2011-06-22 15:00:00,3,0,1,2,33.62,39.395,56,19.0012,2011,22,2,15,150.15233
2011-06-22 16:00:00,3,0,1,2,33.62,40.15,59,22.0028,2011,22,2,16,255.74359
2011-06-22 17:00:00,3,0,1,2,32.8,37.88,55,26.0027,2011,22,2,17,492.33914
2011-06-22 18:00:00,3,0,1,2,32.8,38.635,59,16.9979,2011,22,2,18,476.7924
2011-06-22 19:00:00,3,0,1,2,32.8,37.12,52,16.9979,2011,22,2,19,356.53952
2011-06-22 20:00:00,3,0,1,1,30.34,35.605,74,8.9981,2011,22,2,20,265.37994
2011-06-22 21:00:00,3,0,1,1,30.34,35.605,79,11.0014,2011,22,2,21,193.42986
2011-06-22 22:00:00,3,0,1,2,29.52,34.85,79,12.998,2011,22,2,22,140.41101
2011-06-22 23:00:00,3,0,1,2,29.52,34.85,79,15.0013,2011,22,2,23,69.934166
2011-06-23 00:00:00,3,0,1,1,29.52,34.85,79,15.0013,2011,23,3,0,38.223907
2011-06-23 01:00:00,3,0,1,1,29.52,34.85,74,15.0013,2011,23,3,1,16.685104
2011-06-23 02:00:00,3,0,1,1,29.52,34.85,74,15.0013,2011,23,3,2,10.459152
2011-06-23 03:00:00,3,0,1,2,29.52,34.85,74,11.0014,2011,23,3,3,11.324493
2011-06-23 04:00:00,3,0,1,2,28.7,33.335,79,8.9981,2011,23,3,4,11.324493
2011-06-23 05:00:00,3,0,1,1,29.52,34.85,74,11.0014,2011,23,3,5,26.020935
2011-06-23 06:00:00,3,0,1,1,29.52,34.85,74,11.0014,2011,23,3,6,114.33731
2011-06-23 07:00:00,3,0,1,2,29.52,34.85,74,8.9981,2011,23,3,7,308.20584
2011-06-23 08:00:00,3,0,1,2,30.34,34.85,70,12.998,2011,23,3,8,409.8667
2011-06-23 09:00:00,3,0,1,2,30.34,34.85,70,8.9981,2011,23,3,9,210.78232
2011-06-23 10:00:00,3,0,1,2,31.16,36.365,66,8.9981,2011,23,3,10,129.48277
2011-06-23 11:00:00,3,0,1,3,31.16,36.365,66,16.9979,2011,23,3,11,91.97925
2011-06-23 12:00:00,3,0,1,2,31.16,36.365,66,19.0012,2011,23,3,12,171.35196
2011-06-23 13:00:00,3,0,1,2,31.16,35.605,62,19.0012,2011,23,3,13,167.00842
2011-06-23 14:00:00,3,0,1,2,31.16,36.365,66,19.9995,2011,23,3,14,151.64436
2011-06-23 15:00:00,3,0,1,2,31.16,34.85,52,23.9994,2011,23,3,15,150.75343
2011-06-23 16:00:00,3,0,1,2,30.34,34.09,62,19.9995,2011,23,3,16,266.80783
2011-06-23 17:00:00,3,0,1,2,29.52,34.09,70,23.9994,2011,23,3,17,445.35452
2011-06-23 18:00:00,3,0,1,1,29.52,34.09,70,27.9993,2011,23,3,18,473.78928
2011-06-23 19:00:00,3,0,1,1,29.52,34.09,70,23.9994,2011,23,3,19,346.26788
2011-06-23 20:00:00,3,0,1,1,28.7,33.335,74,15.0013,2011,23,3,20,261.0112
2011-06-23 21:00:00,3,0,1,1,28.7,33.335,74,12.998,2011,23,3,21,204.04712
2011-06-23 22:00:00,3,0,1,2,28.7,33.335,74,15.0013,2011,23,3,22,148.17918
2011-06-23 23:00:00,3,0,1,1,28.7,33.335,74,19.0012,2011,23,3,23,80.90061
2011-06-24 00:00:00,3,0,1,1,27.88,31.82,79,12.998,2011,24,4,0,58.629257
2011-06-24 01:00:00,3,0,1,1,27.06,30.305,83,22.0028,2011,24,4,1,19.624664
2011-06-24 02:00:00,3,0,1,1,27.06,30.305,83,22.0028,2011,24,4,2,13.398712
2011-06-24 03:00:00,3,0,1,1,27.06,30.305,83,11.0014,2011,24,4,3,7.814499
2011-06-24 04:00:00,3,0,1,1,27.06,30.305,83,6.0032,2011,24,4,4,6.424591
2011-06-24 05:00:00,3,0,1,1,26.24,28.79,89,6.0032,2011,24,4,5,16.92421
2011-06-24 06:00:00,3,0,1,1,27.06,30.305,83,8.9981,2011,24,4,6,103.08219
2011-06-24 07:00:00,3,0,1,2,27.06,30.305,83,15.0013,2011,24,4,7,264.48257
2011-06-24 08:00:00,3,0,1,1,28.7,33.335,74,15.0013,2011,24,4,8,406.04733
2011-06-24 09:00:00,3,0,1,1,30.34,34.09,62,8.9981,2011,24,4,9,214.97977
2011-06-24 10:00:00,3,0,1,1,32.8,36.365,43,19.0012,2011,24,4,10,138.94928
2011-06-24 11:00:00,3,0,1,1,32.8,35.605,38,22.0028,2011,24,4,11,164.14565
2011-06-24 12:00:00,3,0,1,1,32.8,35.605,41,19.0012,2011,24,4,12,229.24525
2011-06-24 13:00:00,3,0,1,1,32.8,35.605,36,15.0013,2011,24,4,13,228.86095
2011-06-24 14:00:00,3,0,1,1,31.98,34.85,43,19.0012,2011,24,4,14,213.06973
2011-06-24 15:00:00,3,0,1,1,33.62,36.365,34,26.0027,2011,24,4,15,225.22882
2011-06-24 16:00:00,3,0,1,1,32.8,34.85,33,27.9993,2011,24,4,16,326.45123
2011-06-24 17:00:00,3,0,1,1,31.16,33.335,37,16.9979,2011,24,4,17,517.91626
2011-06-24 18:00:00,3,0,1,1,31.16,33.335,37,19.9995,2011,24,4,18,468.56296
2011-06-24 19:00:00,3,0,1,1,30.34,32.575,40,15.0013,2011,24,4,19,367.34634
2011-06-24 20:00:00,3,0,1,1,29.52,32.575,45,11.0014,2011,24,4,20,276.17053
2011-06-24 21:00:00,3,0,1,1,28.7,32.575,48,8.9981,2011,24,4,21,218.3848
2011-06-24 22:00:00,3,0,1,1,28.7,32.575,48,0.0,2011,24,4,22,177.35243
2011-06-24 23:00:00,3,0,1,1,27.88,31.82,51,8.9981,2011,24,4,23,145.18091
2011-06-25 00:00:00,3,0,0,1,27.88,31.82,47,11.0014,2011,25,5,0,108.213104
2011-06-25 01:00:00,3,0,0,1,27.06,31.06,50,11.0014,2011,25,5,1,72.85739
2011-06-25 02:00:00,3,0,0,2,27.06,31.06,50,12.998,2011,25,5,2,57.364014
2011-06-25 03:00:00,3,0,0,1,26.24,31.06,57,12.998,2011,25,5,3,23.399277
2011-06-25 04:00:00,3,0,0,1,26.24,31.06,57,12.998,2011,25,5,4,15.588135
2011-06-25 05:00:00,3,0,0,1,25.42,30.305,61,8.9981,2011,25,5,5,14.094574
2011-06-25 06:00:00,3,0,0,1,26.24,31.06,57,15.0013,2011,25,5,6,27.697968
2011-06-25 07:00:00,3,0,0,1,26.24,31.06,57,19.0012,2011,25,5,7,119.79026
2011-06-25 08:00:00,3,0,0,1,28.7,32.575,48,16.9979,2011,25,5,8,142.63513
2011-06-25 09:00:00,3,0,0,1,29.52,32.575,45,16.9979,2011,25,5,9,263.8911
2011-06-25 10:00:00,3,0,0,1,29.52,32.575,45,12.998,2011,25,5,10,313.25778
2011-06-25 11:00:00,3,0,0,1,30.34,33.335,42,0.0,2011,25,5,11,396.99158
2011-06-25 12:00:00,3,0,0,1,30.34,32.575,40,19.0012,2011,25,5,12,430.1571
2011-06-25 13:00:00,3,0,0,1,30.34,32.575,40,19.0012,2011,25,5,13,428.52362
2011-06-25 14:00:00,3,0,0,1,30.34,33.335,45,19.9995,2011,25,5,14,399.37082
2011-06-25 15:00:00,3,0,0,1,30.34,33.335,45,0.0,2011,25,5,15,389.00464
2011-06-25 16:00:00,3,0,0,1,31.16,34.09,43,19.9995,2011,25,5,16,417.3474
2011-06-25 17:00:00,3,0,0,1,30.34,33.335,42,15.0013,2011,25,5,17,419.291
2011-06-25 18:00:00,3,0,0,1,29.52,32.575,45,16.9979,2011,25,5,18,355.05792
2011-06-25 19:00:00,3,0,0,1,29.52,33.335,48,19.0012,2011,25,5,19,289.89175
2011-06-25 20:00:00,3,0,0,1,28.7,32.575,48,12.998,2011,25,5,20,242.50424
2011-06-25 21:00:00,3,0,0,1,27.88,31.82,51,11.0014,2011,25,5,21,205.97403
2011-06-25 22:00:00,3,0,0,1,27.88,31.82,47,12.998,2011,25,5,22,181.94264
2011-06-25 23:00:00,3,0,0,2,27.06,31.06,50,19.9995,2011,25,5,23,124.605774
2011-06-26 00:00:00,3,0,0,1,26.24,31.06,53,0.0,2011,26,6,0,108.64288
2011-06-26 01:00:00,3,0,0,1,26.24,31.06,53,7.0015,2011,26,6,1,76.79622
2011-06-26 02:00:00,3,0,0,1,25.42,31.06,57,7.0015,2011,26,6,2,63.435577
2011-06-26 03:00:00,3,0,0,1,24.6,30.305,64,7.0015,2011,26,6,3,32.25128
2011-06-26 04:00:00,3,0,0,1,24.6,30.305,64,6.0032,2011,26,6,4,13.10701
2011-06-26 05:00:00,3,0,0,1,24.6,30.305,64,0.0,2011,26,6,5,12.137283
2011-06-26 06:00:00,3,0,0,1,24.6,30.305,64,0.0,2011,26,6,6,23.026077
2011-06-26 07:00:00,3,0,0,1,25.42,30.305,61,0.0,2011,26,6,7,101.21028
2011-06-26 08:00:00,3,0,0,1,26.24,31.06,61,12.998,2011,26,6,8,115.18492
2011-06-26 09:00:00,3,0,0,1,27.06,31.06,54,6.0032,2011,26,6,9,223.65712
2011-06-26 10:00:00,3,0,0,1,29.52,33.335,48,7.0015,2011,26,6,10,290.60104
2011-06-26 11:00:00,3,0,0,1,29.52,32.575,45,8.9981,2011,26,6,11,384.55115
2011-06-26 12:00:00,3,0,0,1,30.34,32.575,40,11.0014,2011,26,6,12,432.09256
2011-06-26 13:00:00,3,0,0,1,30.34,32.575,40,0.0,2011,26,6,13,426.11554
2011-06-26 14:00:00,3,0,0,1,30.34,32.575,40,8.9981,2011,26,6,14,412.16547
2011-06-26 15:00:00,3,0,0,1,30.34,32.575,40,0.0,2011,26,6,15,398.3288
2011-06-26 16:00:00,3,0,0,1,30.34,33.335,42,12.998,2011,26,6,16,426.09055
2011-06-26 17:00:00,3,0,0,2,29.52,32.575,42,11.0014,2011,26,6,17,409.51126
2011-06-26 18:00:00,3,0,0,2,29.52,32.575,45,16.9979,2011,26,6,18,334.65704
2011-06-26 19:00:00,3,0,0,2,29.52,33.335,48,8.9981,2011,26,6,19,270.27072
2011-06-26 20:00:00,3,0,0,2,28.7,32.575,48,7.0015,2011,26,6,20,208.05803
2011-06-26 21:00:00,3,0,0,2,28.7,32.575,54,7.0015,2011,26,6,21,167.44908
2011-06-26 22:00:00,3,0,0,1,28.7,32.575,51,0.0,2011,26,6,22,153.4341
2011-06-26 23:00:00,3,0,0,1,28.7,32.575,54,6.0032,2011,26,6,23,109.19217
2011-06-27 00:00:00,3,0,1,3,26.24,30.305,73,19.0012,2011,27,0,0,21.211517
2011-06-27 01:00:00,3,0,1,2,25.42,29.545,78,8.9981,2011,27,0,1,14.590866
2011-06-27 02:00:00,3,0,1,3,25.42,29.545,78,8.9981,2011,27,0,2,4.7162476
2011-06-27 03:00:00,3,0,1,3,25.42,29.545,78,8.9981,2011,27,0,3,3.5851898
2011-06-27 04:00:00,3,0,1,2,24.6,28.03,83,11.0014,2011,27,0,4,5.1987457
2011-06-27 05:00:00,3,0,1,2,25.42,28.79,83,11.0014,2011,27,0,5,19.50241
2011-06-27 06:00:00,3,0,1,2,25.42,29.545,78,11.0014,2011,27,0,6,107.99139
2011-06-27 07:00:00,3,0,1,2,26.24,30.305,73,15.0013,2011,27,0,7,298.95514
2011-06-27 08:00:00,3,0,1,1,27.06,31.06,74,12.998,2011,27,0,8,440.5298
2011-06-27 09:00:00,3,0,1,2,29.52,33.335,54,0.0,2011,27,0,9,210.0472
2011-06-27 10:00:00,3,0,1,2,29.52,33.335,54,8.9981,2011,27,0,10,125.90808
2011-06-27 11:00:00,3,0,1,2,28.7,32.575,58,0.0,2011,27,0,11,131.11569
2011-06-27 12:00:00,3,0,1,2,29.52,33.335,54,0.0,2011,27,0,12,178.2976
2011-06-27 13:00:00,3,0,1,2,29.52,33.335,58,15.0013,2011,27,0,13,173.86072
2011-06-27 14:00:00,3,0,1,2,29.52,33.335,58,6.0032,2011,27,0,14,162.79807
2011-06-27 15:00:00,3,0,1,2,30.34,34.09,55,0.0,2011,27,0,15,167.53217
2011-06-27 16:00:00,3,0,1,1,30.34,34.09,55,7.0015,2011,27,0,16,290.47162
2011-06-27 17:00:00,3,0,1,1,30.34,34.09,55,8.9981,2011,27,0,17,537.4171
2011-06-27 18:00:00,3,0,1,1,30.34,33.335,51,0.0,2011,27,0,18,516.34576
2011-06-27 19:00:00,3,0,1,1,29.52,34.09,62,12.998,2011,27,0,19,391.21918
2011-06-27 20:00:00,3,0,1,1,28.7,32.575,65,7.0015,2011,27,0,20,288.46356
2011-06-27 21:00:00,3,0,1,1,28.7,32.575,65,0.0,2011,27,0,21,223.1067
2011-06-27 22:00:00,3,0,1,1,27.88,31.82,69,0.0,2011,27,0,22,163.0857
2011-06-27 23:00:00,3,0,1,1,27.88,31.82,69,0.0,2011,27,0,23,98.79338
2011-06-28 00:00:00,3,0,1,2,27.06,30.305,78,8.9981,2011,28,1,0,34.15515
2011-06-28 01:00:00,3,0,1,1,27.06,31.06,74,0.0,2011,28,1,1,15.126801
2011-06-28 02:00:00,3,0,1,2,27.06,31.06,74,0.0,2011,28,1,2,3.8385162
2011-06-28 03:00:00,3,0,1,2,27.06,31.06,74,0.0,2011,28,1,3,2.0871277
2011-06-28 04:00:00,3,0,1,1,27.06,31.06,74,0.0,2011,28,1,4,7.14946
2011-06-28 05:00:00,3,0,1,1,27.06,30.305,78,0.0,2011,28,1,5,24.14296
2011-06-28 06:00:00,3,0,1,1,27.06,30.305,83,11.0014,2011,28,1,6,112.81016
2011-06-28 07:00:00,3,0,1,1,27.88,31.82,83,12.998,2011,28,1,7,297.25262
2011-06-28 08:00:00,3,0,1,1,28.7,33.335,79,11.0014,2011,28,1,8,458.64078
2011-06-28 09:00:00,3,0,1,1,30.34,34.85,70,0.0,2011,28,1,9,211.45084
2011-06-28 10:00:00,3,0,1,1,32.8,37.12,49,11.0014,2011,28,1,10,107.62588
2011-06-28 11:00:00,3,0,1,1,33.62,37.88,46,0.0,2011,28,1,11,114.46784
2011-06-28 12:00:00,3,0,1,1,34.44,38.635,47,15.0013,2011,28,1,12,154.66478
2011-06-28 13:00:00,3,0,1,1,34.44,37.88,44,0.0,2011,28,1,13,148.44586
2011-06-28 14:00:00,3,0,1,1,35.26,39.395,44,15.0013,2011,28,1,14,137.85635
2011-06-28 15:00:00,3,0,1,1,35.26,39.395,41,0.0,2011,28,1,15,142.36006
2011-06-28 16:00:00,3,0,1,1,35.26,40.15,47,19.0012,2011,28,1,16,253.31427
2011-06-28 17:00:00,3,0,1,3,33.62,39.395,56,19.0012,2011,28,1,17,438.81894
2011-06-28 18:00:00,3,0,1,3,32.8,37.88,55,19.9995,2011,28,1,18,416.078
2011-06-28 19:00:00,3,0,1,2,30.34,34.09,58,31.0009,2011,28,1,19,305.94833
2011-06-28 20:00:00,3,0,1,1,30.34,34.09,62,0.0,2011,28,1,20,292.39758
2011-06-28 21:00:00,3,0,1,1,30.34,34.85,66,19.0012,2011,28,1,21,205.50076
2011-06-28 22:00:00,3,0,1,1,28.7,32.575,70,19.9995,2011,28,1,22,150.19225
2011-06-28 23:00:00,3,0,1,1,28.7,32.575,70,19.0012,2011,28,1,23,93.46938
2011-06-29 00:00:00,3,0,1,2,27.88,31.82,79,19.0012,2011,29,2,0,28.147995
2011-06-29 01:00:00,3,0,1,1,27.88,31.82,79,19.9995,2011,29,2,1,16.094803
2011-06-29 02:00:00,3,0,1,1,27.06,30.305,83,15.0013,2011,29,2,2,8.421219
2011-06-29 03:00:00,3,0,1,2,27.06,30.305,83,7.0015,2011,29,2,3,5.1555176
2011-06-29 04:00:00,3,0,1,1,27.06,30.305,83,7.0015,2011,29,2,4,6.943512
2011-06-29 05:00:00,3,0,1,1,26.24,28.79,83,12.998,2011,29,2,5,23.403671
2011-06-29 06:00:00,3,0,1,1,27.06,31.06,69,19.9995,2011,29,2,6,107.85994
2011-06-29 07:00:00,3,0,1,1,28.7,32.575,54,15.0013,2011,29,2,7,284.5021
2011-06-29 08:00:00,3,0,1,1,28.7,32.575,48,19.0012,2011,29,2,8,420.83463
2011-06-29 09:00:00,3,0,1,1,29.52,32.575,45,26.0027,2011,29,2,9,217.29991
2011-06-29 10:00:00,3,0,1,1,30.34,33.335,42,19.0012,2011,29,2,10,139.24548
2011-06-29 11:00:00,3,0,1,1,31.16,33.335,35,15.0013,2011,29,2,11,135.10553
2011-06-29 12:00:00,3,0,1,1,31.16,33.335,35,16.9979,2011,29,2,12,180.52376
2011-06-29 13:00:00,3,0,1,1,32.8,34.85,31,22.0028,2011,29,2,13,182.07439
2011-06-29 14:00:00,3,0,1,1,32.8,34.85,31,12.998,2011,29,2,14,171.6211
2011-06-29 15:00:00,3,0,1,1,33.62,35.605,30,11.0014,2011,29,2,15,183.4981
2011-06-29 16:00:00,3,0,1,1,33.62,35.605,30,27.9993,2011,29,2,16,285.9607
2011-06-29 17:00:00,3,0,1,1,33.62,35.605,26,27.9993,2011,29,2,17,538.9988
2011-06-29 18:00:00,3,0,1,1,32.8,34.85,29,19.9995,2011,29,2,18,519.572
2011-06-29 19:00:00,3,0,1,1,31.16,33.335,35,26.0027,2011,29,2,19,376.3437
2011-06-29 20:00:00,3,0,1,1,30.34,32.575,37,19.9995,2011,29,2,20,295.4496
2011-06-29 21:00:00,3,0,1,1,29.52,32.575,39,15.0013,2011,29,2,21,253.61777
2011-06-29 22:00:00,3,0,1,1,28.7,31.82,42,12.998,2011,29,2,22,201.43742
2011-06-29 23:00:00,3,0,1,1,27.88,31.82,47,12.998,2011,29,2,23,116.84943
2011-06-30 00:00:00,3,0,1,1,27.06,31.06,50,11.0014,2011,30,3,0,36.253647
2011-06-30 01:00:00,3,0,1,1,26.24,31.06,53,8.9981,2011,30,3,1,14.554947
2011-06-30 02:00:00,3,0,1,1,25.42,31.06,57,8.9981,2011,30,3,2,12.555527
2011-06-30 03:00:00,3,0,1,1,24.6,30.305,60,11.0014,2011,30,3,3,22.903
2011-06-30 04:00:00,3,0,1,1,23.78,27.275,64,8.9981,2011,30,3,4,23.032455
2011-06-30 05:00:00,3,0,1,1,23.78,27.275,64,16.9979,2011,30,3,5,38.84723
2011-06-30 06:00:00,3,0,1,1,24.6,30.305,64,16.9979,2011,30,3,6,122.88982
2011-06-30 07:00:00,3,0,1,1,25.42,30.305,61,15.0013,2011,30,3,7,289.0099
2011-06-30 08:00:00,3,0,1,1,27.88,31.82,47,15.0013,2011,30,3,8,423.17236
2011-06-30 09:00:00,3,0,1,1,28.7,31.82,42,15.0013,2011,30,3,9,236.22978
2011-06-30 10:00:00,3,0,1,1,29.52,32.575,42,12.998,2011,30,3,10,149.66376
2011-06-30 11:00:00,3,0,1,1,30.34,32.575,37,8.9981,2011,30,3,11,141.13965
2011-06-30 12:00:00,3,0,1,1,31.16,33.335,35,11.0014,2011,30,3,12,188.16019
2011-06-30 13:00:00,3,0,1,1,31.16,33.335,33,12.998,2011,30,3,13,196.80177
2011-06-30 14:00:00,3,0,1,1,31.98,34.09,31,12.998,2011,30,3,14,176.33827
2011-06-30 15:00:00,3,0,1,1,31.98,33.335,25,16.9979,2011,30,3,15,190.52205
2011-06-30 16:00:00,3,0,1,1,32.8,34.85,26,8.9981,2011,30,3,16,306.2366
2011-06-30 17:00:00,3,0,1,1,31.98,34.09,27,23.9994,2011,30,3,17,532.088
2011-06-30 18:00:00,3,0,1,1,31.16,33.335,29,16.9979,2011,30,3,18,524.3251
2011-06-30 19:00:00,3,0,1,1,30.34,32.575,33,12.998,2011,30,3,19,412.04498
2011-06-30 20:00:00,3,0,1,1,30.34,32.575,33,12.998,2011,30,3,20,322.15494
2011-06-30 21:00:00,3,0,1,1,29.52,32.575,37,7.0015,2011,30,3,21,252.90103
2011-06-30 22:00:00,3,0,1,1,28.7,31.82,42,11.0014,2011,30,3,22,205.24567
2011-06-30 23:00:00,3,0,1,1,27.06,31.06,50,0.0,2011,30,3,23,121.89354
2011-07-20 00:00:00,3,0,1,1,28.7,33.335,84,7.0015,2011,20,2,0,34.146835
2011-07-20 01:00:00,3,0,1,1,28.7,33.335,84,0.0,2011,20,2,1,15.297562
2011-07-20 02:00:00,3,0,1,1,28.7,33.335,84,0.0,2011,20,2,2,9.0716095
2011-07-20 03:00:00,3,0,1,1,28.7,33.335,84,7.0015,2011,20,2,3,7.2371826
2011-07-20 04:00:00,3,0,1,1,27.88,31.82,83,0.0,2011,20,2,4,7.791687
2011-07-20 05:00:00,3,0,1,1,27.88,31.82,83,7.0015,2011,20,2,5,24.702164
2011-07-20 06:00:00,3,0,1,2,27.88,31.82,89,7.0015,2011,20,2,6,112.81696
2011-07-20 07:00:00,3,0,1,2,28.7,33.335,84,7.0015,2011,20,2,7,285.77017
2011-07-20 08:00:00,3,0,1,1,30.34,35.605,74,0.0,2011,20,2,8,443.2937
2011-07-20 09:00:00,3,0,1,1,30.34,34.85,70,6.0032,2011,20,2,9,212.23283
2011-07-20 10:00:00,3,0,1,1,31.16,36.365,70,0.0,2011,20,2,10,129.40527
2011-07-20 11:00:00,3,0,1,1,32.8,39.395,63,6.0032,2011,20,2,11,114.403305
2011-07-20 12:00:00,3,0,1,1,33.62,40.15,59,0.0,2011,20,2,12,173.1911
2011-07-20 13:00:00,3,0,1,1,34.44,40.91,56,12.998,2011,20,2,13,151.03525
2011-07-20 14:00:00,3,0,1,1,35.26,41.665,53,15.0013,2011,20,2,14,136.61246
2011-07-20 15:00:00,3,0,1,1,35.26,40.91,50,11.0014,2011,20,2,15,149.13977
2011-07-20 16:00:00,3,0,1,1,34.44,40.91,56,0.0,2011,20,2,16,262.3095
2011-07-20 17:00:00,3,0,1,1,34.44,41.665,59,12.998,2011,20,2,17,524.272
2011-07-20 18:00:00,3,0,1,1,34.44,41.665,59,15.0013,2011,20,2,18,503.45938
2011-07-20 19:00:00,3,0,1,1,33.62,42.425,67,11.0014,2011,20,2,19,384.57993
2011-07-20 20:00:00,3,0,1,1,32.8,41.665,75,15.0013,2011,20,2,20,261.88644
2011-07-20 21:00:00,3,0,1,1,32.8,40.15,66,11.0014,2011,20,2,21,231.40308
2011-07-20 22:00:00,3,0,1,1,31.98,38.635,70,15.0013,2011,20,2,22,175.30765
2011-07-20 23:00:00,3,0,1,1,31.16,37.12,75,16.9979,2011,20,2,23,59.79344
2011-07-21 00:00:00,3,0,1,2,31.16,37.12,75,12.998,2011,21,3,0,35.238342
2011-07-21 01:00:00,3,0,1,2,30.34,36.365,84,15.0013,2011,21,3,1,10.679962
2011-07-21 02:00:00,3,0,1,2,30.34,36.365,84,15.0013,2011,21,3,2,4.45401
2011-07-21 03:00:00,3,0,1,2,30.34,35.605,79,8.9981,2011,21,3,3,6.019455
2011-07-21 04:00:00,3,0,1,2,29.52,35.605,84,7.0015,2011,21,3,4,7.945236
2011-07-21 05:00:00,3,0,1,2,29.52,35.605,84,7.0015,2011,21,3,5,24.938675
2011-07-21 06:00:00,3,0,1,2,29.52,35.605,84,7.0015,2011,21,3,6,113.03576
2011-07-21 07:00:00,3,0,1,2,30.34,36.365,84,8.9981,2011,21,3,7,281.18762
2011-07-21 08:00:00,3,0,1,2,31.16,37.88,79,11.0014,2011,21,3,8,440.55737
2011-07-21 09:00:00,3,0,1,2,32.8,40.91,75,16.9979,2011,21,3,9,194.95993
2011-07-21 10:00:00,3,0,1,2,33.62,43.18,71,15.0013,2011,21,3,10,118.36688
2011-07-21 11:00:00,3,0,1,2,35.26,44.695,63,19.9995,2011,21,3,11,100.486595
2011-07-21 12:00:00,3,0,1,1,36.08,44.695,56,22.0028,2011,21,3,12,140.68513
2011-07-21 13:00:00,3,0,1,1,36.08,44.695,56,19.9995,2011,21,3,13,140.22684
2011-07-21 14:00:00,3,0,1,1,36.9,44.695,50,23.9994,2011,21,3,14,124.09122
2011-07-21 15:00:00,3,0,1,1,36.9,46.21,53,16.9979,2011,21,3,15,138.32124
2011-07-21 16:00:00,3,0,1,1,37.72,46.21,48,19.0012,2011,21,3,16,226.3097
2011-07-21 17:00:00,3,0,1,1,37.72,45.455,45,19.9995,2011,21,3,17,499.60562
2011-07-21 18:00:00,3,0,1,1,36.9,44.695,50,19.0012,2011,21,3,18,466.07132
2011-07-21 19:00:00,3,0,1,1,35.26,46.21,67,19.0012,2011,21,3,19,343.3755
2011-07-21 20:00:00,3,0,1,1,34.44,44.695,71,15.0013,2011,21,3,20,261.59277
2011-07-21 21:00:00,3,0,1,1,33.62,44.695,75,15.0013,2011,21,3,21,202.65593
2011-07-21 22:00:00,3,0,1,1,33.62,43.18,71,11.0014,2011,21,3,22,169.00229
2011-07-21 23:00:00,3,0,1,1,32.8,40.91,71,11.0014,2011,21,3,23,85.771805
2011-07-22 00:00:00,3,0,1,1,33.62,41.665,63,8.9981,2011,22,4,0,51.324585
2011-07-22 01:00:00,3,0,1,1,32.8,39.395,63,0.0,2011,22,4,1,9.278519
2011-07-22 02:00:00,3,0,1,1,31.98,40.15,79,8.9981,2011,22,4,2,4.748291
2011-07-22 03:00:00,3,0,1,1,31.98,39.395,75,7.0015,2011,22,4,3,-2.0952759
2011-07-22 04:00:00,3,0,1,1,31.16,37.12,75,7.0015,2011,22,4,4,-1.2509918
2011-07-22 05:00:00,3,0,1,1,30.34,35.605,79,7.0015,2011,22,4,5,12.23941
2011-07-22 06:00:00,3,0,1,1,31.16,37.12,75,6.0032,2011,22,4,6,95.40666
2011-07-22 07:00:00,3,0,1,2,32.8,40.15,66,7.0015,2011,22,4,7,250.79514
2011-07-22 08:00:00,3,0,1,2,34.44,42.425,63,11.0014,2011,22,4,8,331.60596
2011-07-22 09:00:00,3,0,1,1,35.26,44.695,63,6.0032,2011,22,4,9,155.95224
2011-07-22 10:00:00,3,0,1,1,36.9,46.21,53,6.0032,2011,22,4,10,88.27135
2011-07-22 11:00:00,3,0,1,1,36.9,44.695,50,7.0015,2011,22,4,11,114.30704
2011-07-22 12:00:00,3,0,1,1,38.54,47.725,48,11.0014,2011,22,4,12,138.4978
2011-07-22 13:00:00,3,0,1,1,38.54,49.24,51,11.0014,2011,22,4,13,138.4978
2011-07-22 14:00:00,3,0,1,1,39.36,50.0,48,19.9995,2011,22,4,14,125.02346
2011-07-22 15:00:00,3,0,1,1,38.54,49.24,51,19.9995,2011,22,4,15,137.51517
2011-07-22 16:00:00,3,0,1,3,36.9,41.665,39,19.9995,2011,22,4,16,217.19296
2011-07-22 17:00:00,3,0,1,1,36.08,42.425,47,7.0015,2011,22,4,17,476.4405
2011-07-22 18:00:00,3,0,1,1,36.9,40.91,37,11.0014,2011,22,4,18,419.03668
2011-07-22 19:00:00,3,0,1,2,35.26,39.395,41,7.0015,2011,22,4,19,322.63007
2011-07-22 20:00:00,3,0,1,1,34.44,40.91,56,0.0,2011,22,4,20,261.52377
2011-07-22 21:00:00,3,0,1,1,33.62,40.15,59,6.0032,2011,22,4,21,219.10947
2011-07-22 22:00:00,3,0,1,2,34.44,39.395,49,6.0032,2011,22,4,22,169.54237
2011-07-22 23:00:00,3,0,1,1,32.8,39.395,63,12.998,2011,22,4,23,132.85999
2011-07-23 00:00:00,3,0,0,1,33.62,39.395,56,0.0,2011,23,5,0,104.340866
2011-07-23 01:00:00,3,0,0,1,33.62,38.635,52,7.0015,2011,23,5,1,66.91538
2011-07-23 02:00:00,3,0,0,1,33.62,38.635,52,0.0,2011,23,5,2,47.441208
2011-07-23 03:00:00,3,0,0,1,31.98,37.88,66,6.0032,2011,23,5,3,18.211746
2011-07-23 04:00:00,3,0,0,1,31.16,36.365,66,7.0015,2011,23,5,4,3.7017365
2011-07-23 05:00:00,3,0,0,1,31.16,35.605,62,8.9981,2011,23,5,5,4.8845367
2011-07-23 06:00:00,3,0,0,1,32.8,37.12,52,8.9981,2011,23,5,6,9.863968
2011-07-23 07:00:00,3,0,0,1,32.8,37.12,52,7.0015,2011,23,5,7,93.65175
2011-07-23 08:00:00,3,0,0,1,34.44,39.395,49,16.9979,2011,23,5,8,89.110794
2011-07-23 09:00:00,3,0,0,1,34.44,39.395,49,11.0014,2011,23,5,9,187.11142
2011-07-23 10:00:00,3,0,0,1,35.26,39.395,41,15.0013,2011,23,5,10,222.47093
2011-07-23 11:00:00,3,0,0,1,36.9,40.91,37,12.998,2011,23,5,11,290.4643
2011-07-23 12:00:00,3,0,0,1,37.72,43.18,37,7.0015,2011,23,5,12,290.93204
2011-07-23 13:00:00,3,0,0,1,38.54,43.94,38,11.0014,2011,23,5,13,272.74292
2011-07-23 14:00:00,3,0,0,1,37.72,44.695,42,0.0,2011,23,5,14,277.91275
2011-07-23 15:00:00,3,0,0,1,38.54,43.94,38,0.0,2011,23,5,15,232.95062
2011-07-23 16:00:00,3,0,0,1,38.54,43.94,38,8.9981,2011,23,5,16,253.81152
2011-07-23 17:00:00,3,0,0,1,38.54,43.94,38,8.9981,2011,23,5,17,258.90887
2011-07-23 18:00:00,3,0,0,1,37.72,43.94,40,15.0013,2011,23,5,18,288.5944
2011-07-23 19:00:00,3,0,0,2,33.62,40.15,59,8.9981,2011,23,5,19,285.2511
2011-07-23 20:00:00,3,0,0,1,33.62,40.15,59,15.0013,2011,23,5,20,232.9761
2011-07-23 21:00:00,3,0,0,1,33.62,40.15,59,15.0013,2011,23,5,21,191.88672
2011-07-23 22:00:00,3,0,0,1,32.8,38.635,59,12.998,2011,23,5,22,168.96342
2011-07-23 23:00:00,3,0,0,1,32.8,38.635,59,7.0015,2011,23,5,23,121.76347
2011-07-24 00:00:00,3,0,0,1,32.8,38.635,59,7.0015,2011,24,6,0,107.57953
2011-07-24 01:00:00,3,0,0,1,31.98,37.88,66,7.0015,2011,24,6,1,78.24982
2011-07-24 02:00:00,3,0,0,1,32.8,39.395,63,6.0032,2011,24,6,2,54.14151
2011-07-24 03:00:00,3,0,0,1,32.8,39.395,63,6.0032,2011,24,6,3,25.268341
2011-07-24 04:00:00,3,0,0,1,31.98,37.88,66,7.0015,2011,24,6,4,-5.1622925
2011-07-24 05:00:00,3,0,0,1,31.98,37.88,66,6.0032,2011,24,6,5,-7.613678
2011-07-24 06:00:00,3,0,0,2,32.8,39.395,63,6.0032,2011,24,6,6,8.318665
2011-07-24 07:00:00,3,0,0,1,32.8,38.635,59,8.9981,2011,24,6,7,78.241776
2011-07-24 08:00:00,3,0,0,1,33.62,39.395,56,19.0012,2011,24,6,8,101.04983
2011-07-24 09:00:00,3,0,0,1,33.62,39.395,56,26.0027,2011,24,6,9,202.34778
2011-07-24 10:00:00,3,0,0,1,35.26,40.91,50,22.0028,2011,24,6,10,228.77068
2011-07-24 11:00:00,3,0,0,1,34.44,40.15,53,16.9979,2011,24,6,11,303.9269
2011-07-24 12:00:00,3,0,0,1,36.9,43.18,45,11.0014,2011,24,6,12,322.2732
2011-07-24 13:00:00,3,0,0,1,35.26,40.15,47,15.0013,2011,24,6,13,333.49716
2011-07-24 14:00:00,3,0,0,1,35.26,40.91,50,19.0012,2011,24,6,14,326.9265
2011-07-24 15:00:00,3,0,0,1,36.9,42.425,42,16.9979,2011,24,6,15,281.67804
2011-07-24 16:00:00,3,0,0,1,36.9,42.425,42,16.9979,2011,24,6,16,317.23926
2011-07-24 17:00:00,3,0,0,1,36.9,41.665,39,7.0015,2011,24,6,17,312.06628
2011-07-24 18:00:00,3,0,0,1,36.08,40.91,42,11.0014,2011,24,6,18,316.67587
2011-07-24 19:00:00,3,0,0,1,35.26,40.15,47,11.0014,2011,24,6,19,262.96902
2011-07-24 20:00:00,3,0,0,1,34.44,39.395,49,11.0014,2011,24,6,20,201.89655
2011-07-24 21:00:00,3,0,0,1,32.8,39.395,63,8.9981,2011,24,6,21,135.66597
2011-07-24 22:00:00,3,0,0,1,31.98,37.88,66,0.0,2011,24,6,22,102.51477
2011-07-24 23:00:00,3,0,0,2,31.16,36.365,70,6.0032,2011,24,6,23,86.365616
2011-07-25 00:00:00,3,0,1,2,31.16,36.365,70,0.0,2011,25,0,0,25.929993
2011-07-25 01:00:00,3,0,1,2,31.16,37.12,75,6.0032,2011,25,0,1,16.049011
2011-07-25 02:00:00,3,0,1,2,30.34,35.605,79,6.0032,2011,25,0,2,9.823059
2011-07-25 03:00:00,3,0,1,1,30.34,35.605,79,0.0,2011,25,0,3,2.2868958
2011-07-25 04:00:00,3,0,1,1,29.52,35.605,84,6.0032,2011,25,0,4,4.0166473
2011-07-25 05:00:00,3,0,1,1,29.52,35.605,84,6.0032,2011,25,0,5,21.010132
2011-07-25 06:00:00,3,0,1,2,29.52,35.605,84,6.0032,2011,25,0,6,110.03755
2011-07-25 07:00:00,3,0,1,2,30.34,35.605,79,0.0,2011,25,0,7,308.37463
2011-07-25 08:00:00,3,0,1,2,31.16,37.12,75,0.0,2011,25,0,8,426.48645
2011-07-25 09:00:00,3,0,1,1,32.8,40.15,66,0.0,2011,25,0,9,184.17389
2011-07-25 10:00:00,3,0,1,1,33.62,40.15,59,0.0,2011,25,0,10,98.861946
2011-07-25 11:00:00,3,0,1,2,34.44,41.665,59,12.998,2011,25,0,11,107.195496
2011-07-25 12:00:00,3,0,1,2,34.44,41.665,59,12.998,2011,25,0,12,151.65402
2011-07-25 13:00:00,3,0,1,2,30.34,35.605,74,8.9981,2011,25,0,13,171.09637
2011-07-25 14:00:00,3,0,1,2,29.52,34.85,79,12.998,2011,25,0,14,149.71083
2011-07-25 15:00:00,3,0,1,1,28.7,33.335,84,26.0027,2011,25,0,15,107.24486
2011-07-25 16:00:00,3,0,1,1,28.7,33.335,84,15.0013,2011,25,0,16,196.04205
2011-07-25 17:00:00,3,0,1,1,29.52,34.85,74,0.0,2011,25,0,17,481.45352
2011-07-25 18:00:00,3,0,1,1,30.34,35.605,74,6.0032,2011,25,0,18,468.08206
2011-07-25 19:00:00,3,0,1,1,30.34,34.85,70,6.0032,2011,25,0,19,388.4002
2011-07-25 20:00:00,3,0,1,1,29.52,34.85,74,8.9981,2011,25,0,20,260.4214
2011-07-25 21:00:00,3,0,1,1,28.7,33.335,84,0.0,2011,25,0,21,166.54153
2011-07-25 22:00:00,3,0,1,1,28.7,33.335,84,0.0,2011,25,0,22,116.27886
2011-07-25 23:00:00,3,0,1,1,28.7,33.335,84,6.0032,2011,25,0,23,53.48503
2011-07-26 00:00:00,3,0,1,1,28.7,33.335,79,7.0015,2011,26,1,0,35.771378
2011-07-26 01:00:00,3,0,1,1,28.7,33.335,79,7.0015,2011,26,1,1,16.839096
2011-07-26 02:00:00,3,0,1,1,27.88,31.82,89,7.0015,2011,26,1,2,10.049072
2011-07-26 03:00:00,3,0,1,1,27.88,31.82,89,8.9981,2011,26,1,3,8.297668
2011-07-26 04:00:00,3,0,1,1,27.88,31.82,88,11.0014,2011,26,1,4,8.297668
2011-07-26 05:00:00,3,0,1,1,27.06,29.545,89,6.0032,2011,26,1,5,24.526001
2011-07-26 06:00:00,3,0,1,1,27.88,31.82,83,15.0013,2011,26,1,6,113.2556
2011-07-26 07:00:00,3,0,1,1,29.52,34.09,66,19.0012,2011,26,1,7,287.2403
2011-07-26 08:00:00,3,0,1,1,30.34,34.09,55,12.998,2011,26,1,8,418.70697
2011-07-26 09:00:00,3,0,1,1,31.16,34.09,40,15.0013,2011,26,1,9,217.86873
2011-07-26 10:00:00,3,0,1,1,32.8,34.85,31,15.0013,2011,26,1,10,117.85562
2011-07-26 11:00:00,3,0,1,1,33.62,35.605,30,0.0,2011,26,1,11,125.251945
2011-07-26 12:00:00,3,0,1,1,34.44,36.365,28,0.0,2011,26,1,12,170.25246
2011-07-26 13:00:00,3,0,1,1,34.44,36.365,32,19.9995,2011,26,1,13,173.3373
2011-07-26 14:00:00,3,0,1,1,35.26,37.12,30,19.0012,2011,26,1,14,149.46474
2011-07-26 15:00:00,3,0,1,1,36.08,37.88,28,22.0028,2011,26,1,15,148.48824
2011-07-26 16:00:00,3,0,1,1,35.26,37.88,36,19.0012,2011,26,1,16,258.2462
2011-07-26 17:00:00,3,0,1,1,35.26,37.88,36,23.9994,2011,26,1,17,523.0576
2011-07-26 18:00:00,3,0,1,1,34.44,37.12,39,26.0027,2011,26,1,18,501.36874
2011-07-26 19:00:00,3,0,1,1,33.62,37.12,43,19.9995,2011,26,1,19,372.4236
2011-07-26 20:00:00,3,0,1,1,32.8,36.365,46,16.9979,2011,26,1,20,285.32614
2011-07-26 21:00:00,3,0,1,1,31.98,35.605,49,15.0013,2011,26,1,21,230.99141
2011-07-26 22:00:00,3,0,1,1,31.16,34.85,55,8.9981,2011,26,1,22,180.34837
2011-07-26 23:00:00,3,0,1,1,31.16,35.605,58,7.0015,2011,26,1,23,90.3999
2011-07-27 00:00:00,3,0,1,2,31.98,35.605,52,11.0014,2011,27,2,0,31.401505
2011-07-27 01:00:00,3,0,1,1,31.98,35.605,49,12.998,2011,27,2,1,5.70343
2011-07-27 02:00:00,3,0,1,1,31.16,34.85,52,19.9995,2011,27,2,2,5.120285
2011-07-27 03:00:00,3,0,1,1,29.52,33.335,58,11.0014,2011,27,2,3,4.9646606
2011-07-27 04:00:00,3,0,1,1,29.52,33.335,51,12.998,2011,27,2,4,5.74823
2011-07-27 05:00:00,3,0,1,1,28.7,32.575,54,19.0012,2011,27,2,5,20.971786
2011-07-27 06:00:00,3,0,1,1,28.7,32.575,54,15.0013,2011,27,2,6,104.51703
2011-07-27 07:00:00,3,0,1,1,29.52,33.335,48,16.9979,2011,27,2,7,282.48492
2011-07-27 08:00:00,3,0,1,1,30.34,33.335,42,16.9979,2011,27,2,8,417.8167
2011-07-27 09:00:00,3,0,1,1,31.16,33.335,35,16.9979,2011,27,2,9,215.49442
2011-07-27 10:00:00,3,0,1,1,31.98,34.09,33,0.0,2011,27,2,10,115.714096
2011-07-27 11:00:00,3,0,1,1,32.8,34.85,31,0.0,2011,27,2,11,123.97466
2011-07-27 12:00:00,3,0,1,1,33.62,35.605,30,19.0012,2011,27,2,12,184.86874
2011-07-27 13:00:00,3,0,1,1,34.44,36.365,30,23.9994,2011,27,2,13,171.8403
2011-07-27 14:00:00,3,0,1,1,34.44,36.365,28,15.0013,2011,27,2,14,158.69128
2011-07-27 15:00:00,3,0,1,1,35.26,37.12,26,16.9979,2011,27,2,15,178.84837
2011-07-27 16:00:00,3,0,1,1,35.26,36.365,25,11.0014,2011,27,2,16,296.87103
2011-07-27 17:00:00,3,0,1,1,34.44,35.605,26,15.0013,2011,27,2,17,546.3656
2011-07-27 18:00:00,3,0,1,1,33.62,35.605,28,7.0015,2011,27,2,18,538.8937
2011-07-27 19:00:00,3,0,1,1,32.8,34.85,29,6.0032,2011,27,2,19,408.92413
2011-07-27 20:00:00,3,0,1,1,31.16,34.09,45,15.0013,2011,27,2,20,302.79938
2011-07-27 21:00:00,3,0,1,1,30.34,33.335,48,7.0015,2011,27,2,21,228.31549
2011-07-27 22:00:00,3,0,1,1,29.52,33.335,48,0.0,2011,27,2,22,175.4124
2011-07-27 23:00:00,3,0,1,1,30.34,33.335,45,6.0032,2011,27,2,23,120.11528
2011-07-28 00:00:00,3,0,1,1,28.7,32.575,51,8.9981,2011,28,3,0,39.57521
2011-07-28 01:00:00,3,0,1,1,29.52,33.335,51,0.0,2011,28,3,1,17.23285
2011-07-28 02:00:00,3,0,1,1,29.52,33.335,54,7.0015,2011,28,3,2,10.946396
2011-07-28 03:00:00,3,0,1,1,29.52,33.335,54,0.0,2011,28,3,3,9.063599
2011-07-28 04:00:00,3,0,1,1,28.7,32.575,61,7.0015,2011,28,3,4,7.621628
2011-07-28 05:00:00,3,0,1,1,28.7,32.575,65,7.0015,2011,28,3,5,23.114655
2011-07-28 06:00:00,3,0,1,1,28.7,32.575,70,6.0032,2011,28,3,6,111.244576
2011-07-28 07:00:00,3,0,1,1,29.52,34.09,70,11.0014,2011,28,3,7,292.5855
2011-07-28 08:00:00,3,0,1,1,30.34,34.85,66,11.0014,2011,28,3,8,422.85144
2011-07-28 09:00:00,3,0,1,1,31.98,37.12,59,12.998,2011,28,3,9,194.50815
2011-07-28 10:00:00,3,0,1,1,32.8,37.88,55,19.0012,2011,28,3,10,112.8182
2011-07-28 11:00:00,3,0,1,1,34.44,40.91,56,19.0012,2011,28,3,11,100.08169
2011-07-28 12:00:00,3,0,1,1,34.44,40.15,53,16.9979,2011,28,3,12,154.63135
2011-07-28 13:00:00,3,0,1,1,35.26,40.15,47,16.9979,2011,28,3,13,148.64597
2011-07-28 14:00:00,3,0,1,2,34.44,39.395,49,16.9979,2011,28,3,14,136.85854
2011-07-28 15:00:00,3,0,1,1,35.26,40.91,50,12.998,2011,28,3,15,151.73947
2011-07-28 16:00:00,3,0,1,1,35.26,40.15,47,11.0014,2011,28,3,16,266.64496
2011-07-28 17:00:00,3,0,1,1,34.44,40.15,53,12.998,2011,28,3,17,526.89954
2011-07-28 18:00:00,3,0,1,1,34.44,40.91,56,15.0013,2011,28,3,18,506.087
2011-07-28 19:00:00,3,0,1,1,33.62,40.15,59,12.998,2011,28,3,19,386.25195
2011-07-28 20:00:00,3,0,1,1,32.8,39.395,63,12.998,2011,28,3,20,297.46313
2011-07-28 21:00:00,3,0,1,1,31.98,37.88,66,19.0012,2011,28,3,21,209.58447
2011-07-28 22:00:00,3,0,1,1,31.16,36.365,70,16.9979,2011,28,3,22,165.59123
2011-07-28 23:00:00,3,0,1,1,31.16,37.12,75,12.998,2011,28,3,23,75.98583
2011-07-29 00:00:00,3,0,1,1,30.34,35.605,79,11.0014,2011,29,4,0,49.589478
2011-07-29 01:00:00,3,0,1,1,30.34,35.605,79,8.9981,2011,29,4,1,13.340134
2011-07-29 02:00:00,3,0,1,1,30.34,35.605,79,0.0,2011,29,4,2,7.1972046
2011-07-29 03:00:00,3,0,1,1,30.34,35.605,79,0.0,2011,29,4,3,0.22193909
2011-07-29 04:00:00,3,0,1,1,29.52,35.605,84,8.9981,2011,29,4,4,6.718277
2011-07-29 05:00:00,3,0,1,1,29.52,35.605,84,0.0,2011,29,4,5,20.291702
2011-07-29 06:00:00,3,0,1,2,29.52,35.605,84,0.0,2011,29,4,6,104.82277
2011-07-29 07:00:00,3,0,1,2,30.34,35.605,79,6.0032,2011,29,4,7,278.7909
2011-07-29 08:00:00,3,0,1,2,31.16,38.635,77,0.0,2011,29,4,8,385.43564
2011-07-29 09:00:00,3,0,1,1,35.26,40.15,47,16.9979,2011,29,4,9,160.39198
2011-07-29 10:00:00,3,0,1,1,36.9,42.425,42,19.0012,2011,29,4,10,96.19085
2011-07-29 11:00:00,3,0,1,1,37.72,43.94,40,19.9995,2011,29,4,11,108.942055
2011-07-29 12:00:00,3,0,1,1,39.36,43.18,31,19.0012,2011,29,4,12,154.0511
2011-07-29 13:00:00,3,0,1,1,38.54,41.665,31,0.0,2011,29,4,13,162.96033
2011-07-29 14:00:00,3,0,1,1,39.36,43.18,30,15.0013,2011,29,4,14,142.33017
2011-07-29 15:00:00,3,0,1,1,39.36,43.18,30,16.9979,2011,29,4,15,138.50595
2011-07-29 16:00:00,3,0,1,1,39.36,43.18,30,26.0027,2011,29,4,16,234.93901
2011-07-29 17:00:00,3,0,1,1,39.36,43.18,30,19.9995,2011,29,4,17,428.96478
2011-07-29 18:00:00,3,0,1,1,37.72,43.18,37,22.0028,2011,29,4,18,413.78992
2011-07-29 19:00:00,3,0,1,1,36.9,42.425,42,15.0013,2011,29,4,19,308.29724
2011-07-29 20:00:00,3,0,1,1,35.26,39.395,41,22.0028,2011,29,4,20,239.3589
2011-07-29 21:00:00,3,0,1,1,33.62,37.88,46,11.0014,2011,29,4,21,218.3035
2011-07-29 22:00:00,3,0,1,1,32.8,37.12,49,15.0013,2011,29,4,22,178.21745
2011-07-29 23:00:00,3,0,1,1,31.98,35.605,52,7.0015,2011,29,4,23,125.591156
2011-07-30 00:00:00,3,0,0,1,31.16,34.85,55,12.998,2011,30,5,0,101.69202
2011-07-30 01:00:00,3,0,0,1,31.16,34.85,55,6.0032,2011,30,5,1,66.16555
2011-07-30 02:00:00,3,0,0,1,31.16,34.85,55,7.0015,2011,30,5,2,46.82277
2011-07-30 03:00:00,3,0,0,1,30.34,34.09,62,11.0014,2011,30,5,3,14.788528
2011-07-30 04:00:00,3,0,0,1,29.52,34.09,66,11.0014,2011,30,5,4,11.670929
2011-07-30 05:00:00,3,0,0,1,29.52,34.09,70,19.0012,2011,30,5,5,9.687866
2011-07-30 06:00:00,3,0,0,1,29.52,34.09,70,19.9995,2011,30,5,6,24.008682
2011-07-30 07:00:00,3,0,0,1,31.16,36.365,66,12.998,2011,30,5,7,106.58392
2011-07-30 08:00:00,3,0,0,1,31.98,37.12,59,15.0013,2011,30,5,8,109.047386
2011-07-30 09:00:00,3,0,0,1,33.62,37.88,46,19.9995,2011,30,5,9,218.29059
2011-07-30 10:00:00,3,0,0,1,33.62,37.12,41,19.9995,2011,30,5,10,286.64688
2011-07-30 11:00:00,3,0,0,1,34.44,37.12,36,12.998,2011,30,5,11,329.11926
2011-07-30 12:00:00,3,0,0,1,34.44,36.365,32,11.0014,2011,30,5,12,388.43536
2011-07-30 13:00:00,3,0,0,1,36.08,37.88,29,0.0,2011,30,5,13,350.89783
2011-07-30 14:00:00,3,0,0,1,36.9,39.395,29,0.0,2011,30,5,14,340.93268
2011-07-30 15:00:00,3,0,0,1,36.9,40.15,31,8.9981,2011,30,5,15,305.25024
2011-07-30 16:00:00,3,0,0,1,36.9,39.395,27,15.0013,2011,30,5,16,334.97922
2011-07-30 17:00:00,3,0,0,1,36.9,39.395,29,7.0015,2011,30,5,17,348.7716
2011-07-30 18:00:00,3,0,0,1,36.08,37.88,28,12.998,2011,30,5,18,338.6607
2011-07-30 19:00:00,3,0,0,1,30.34,32.575,33,15.0013,2011,30,5,19,321.2588
2011-07-30 20:00:00,3,0,0,1,33.62,37.12,43,8.9981,2011,30,5,20,238.55121
2011-07-30 21:00:00,3,0,0,1,32.8,37.12,49,11.0014,2011,30,5,21,196.75974
2011-07-30 22:00:00,3,0,0,1,31.98,35.605,52,7.0015,2011,30,5,22,172.40727
2011-07-30 23:00:00,3,0,0,1,31.16,34.85,55,6.0032,2011,30,5,23,148.10037
2011-07-31 00:00:00,3,0,0,1,31.16,34.85,55,6.0032,2011,31,6,0,107.86052
2011-07-31 01:00:00,3,0,0,1,30.34,34.09,62,6.0032,2011,31,6,1,72.36292
2011-07-31 02:00:00,3,0,0,1,30.34,34.85,66,6.0032,2011,31,6,2,56.82219
2011-07-31 03:00:00,3,0,0,1,30.34,34.85,66,0.0,2011,31,6,3,22.285583
2011-07-31 04:00:00,3,0,0,1,29.52,34.09,70,0.0,2011,31,6,4,9.856186
2011-07-31 05:00:00,3,0,0,1,29.52,34.09,69,0.0,2011,31,6,5,9.856186
2011-07-31 06:00:00,3,0,0,1,30.34,34.85,70,0.0,2011,31,6,6,12.103226
2011-07-31 07:00:00,3,0,0,1,30.34,34.09,58,8.9981,2011,31,6,7,98.547615
2011-07-31 08:00:00,3,0,0,1,31.16,34.85,55,15.0013,2011,31,6,8,117.1609
2011-07-31 09:00:00,3,0,0,1,32.8,37.12,49,0.0,2011,31,6,9,201.32109
2011-07-31 10:00:00,3,0,0,1,34.44,37.12,36,11.0014,2011,31,6,10,246.86716
2011-07-31 11:00:00,3,0,0,1,35.26,37.12,28,11.0014,2011,31,6,11,300.77975
2011-07-31 12:00:00,3,0,0,1,36.9,38.635,25,12.998,2011,31,6,12,325.5801
2011-07-31 13:00:00,3,0,0,1,36.9,38.635,24,8.9981,2011,31,6,13,347.40576
2011-07-31 14:00:00,3,0,0,1,36.9,38.635,24,11.0014,2011,31,6,14,342.98438
2011-07-31 15:00:00,3,0,0,1,37.72,38.635,18,19.9995,2011,31,6,15,267.93982
2011-07-31 16:00:00,3,0,0,1,37.72,38.635,17,19.0012,2011,31,6,16,250.8233
2011-07-31 17:00:00,3,0,0,1,37.72,38.635,16,11.0014,2011,31,6,17,266.74673
2011-07-31 18:00:00,3,0,0,1,35.26,39.395,41,19.0012,2011,31,6,18,318.44586
2011-07-31 19:00:00,3,0,0,1,32.8,37.88,55,22.0028,2011,31,6,19,262.7477
2011-07-31 20:00:00,3,0,0,1,32.8,37.88,55,22.0028,2011,31,6,20,198.33615
2011-07-31 21:00:00,3,0,0,1,31.98,37.12,59,19.9995,2011,31,6,21,114.13247
2011-07-31 22:00:00,3,0,0,1,30.34,34.85,70,19.9995,2011,31,6,22,127.22653
2011-07-31 23:00:00,3,0,0,1,30.34,34.85,66,15.0013,2011,31,6,23,94.90216
2011-08-20 00:00:00,3,0,0,1,24.6,27.275,88,0.0,2011,20,5,0,112.63175
2011-08-20 01:00:00,3,0,0,1,25.42,28.79,83,0.0,2011,20,5,1,76.75191
2011-08-20 02:00:00,3,0,0,1,25.42,29.545,78,0.0,2011,20,5,2,58.320007
2011-08-20 03:00:00,3,0,0,1,25.42,29.545,78,0.0,2011,20,5,3,23.361923
2011-08-20 04:00:00,3,0,0,2,24.6,27.275,88,0.0,2011,20,5,4,2.2445374
2011-08-20 05:00:00,3,0,0,1,24.6,28.03,83,0.0,2011,20,5,5,13.517426
2011-08-20 06:00:00,3,0,0,2,24.6,28.03,83,8.9981,2011,20,5,6,20.494354
2011-08-20 07:00:00,3,0,0,1,25.42,28.79,83,0.0,2011,20,5,7,61.51848
2011-08-20 08:00:00,3,0,0,1,27.06,31.06,69,0.0,2011,20,5,8,138.39035
2011-08-20 09:00:00,3,0,0,1,28.7,32.575,65,0.0,2011,20,5,9,238.92944
2011-08-20 10:00:00,3,0,0,1,29.52,34.09,62,7.0015,2011,20,5,10,286.44116
2011-08-20 11:00:00,3,0,0,1,29.52,33.335,58,0.0,2011,20,5,11,358.05756
2011-08-20 12:00:00,3,0,0,1,30.34,34.09,58,8.9981,2011,20,5,12,386.1007
2011-08-20 13:00:00,3,0,0,1,31.16,34.85,55,8.9981,2011,20,5,13,392.23145
2011-08-20 14:00:00,3,0,0,1,32.8,37.12,49,12.998,2011,20,5,14,375.39612
2011-08-20 15:00:00,3,0,0,1,32.8,36.365,43,12.998,2011,20,5,15,382.41144
2011-08-20 16:00:00,3,0,0,1,32.8,36.365,46,12.998,2011,20,5,16,384.1222
2011-08-20 17:00:00,3,0,0,1,32.8,37.12,49,12.998,2011,20,5,17,379.30118
2011-08-20 18:00:00,3,0,0,1,31.16,35.605,58,16.9979,2011,20,5,18,345.10263
2011-08-20 19:00:00,3,0,0,1,30.34,34.09,62,12.998,2011,20,5,19,309.2669
2011-08-20 20:00:00,3,0,0,1,30.34,34.09,62,15.0013,2011,20,5,20,243.27075
2011-08-20 21:00:00,3,0,0,1,29.52,34.09,70,15.0013,2011,20,5,21,196.8796
2011-08-20 22:00:00,3,0,0,2,28.7,33.335,74,12.998,2011,20,5,22,142.36609
2011-08-20 23:00:00,3,0,0,1,28.7,33.335,74,8.9981,2011,20,5,23,120.07105
2011-08-21 00:00:00,3,0,0,1,28.7,33.335,74,12.998,2011,21,6,0,120.78195
2011-08-21 01:00:00,3,0,0,1,27.88,31.82,79,15.0013,2011,21,6,1,87.56659
2011-08-21 02:00:00,3,0,0,1,27.88,31.82,79,12.998,2011,21,6,2,68.34193
2011-08-21 03:00:00,3,0,0,1,27.06,30.305,83,15.0013,2011,21,6,3,32.03163
2011-08-21 04:00:00,3,0,0,1,27.88,31.82,83,15.0013,2011,21,6,4,11.284912
2011-08-21 05:00:00,3,0,0,1,27.06,29.545,89,19.9995,2011,21,6,5,9.629837
2011-08-21 06:00:00,3,0,0,1,27.06,29.545,89,19.0012,2011,21,6,6,21.797012
2011-08-21 07:00:00,3,0,0,1,27.88,31.82,83,19.9995,2011,21,6,7,48.289932
2011-08-21 08:00:00,3,0,0,1,28.7,33.335,79,15.0013,2011,21,6,8,78.40305
2011-08-21 09:00:00,3,0,0,1,29.52,34.85,74,15.0013,2011,21,6,9,190.45047
2011-08-21 10:00:00,3,0,0,1,30.34,35.605,74,16.9979,2011,21,6,10,244.80936
2011-08-21 11:00:00,3,0,0,1,32.8,39.395,63,19.0012,2011,21,6,11,314.70352
2011-08-21 12:00:00,3,0,0,1,33.62,40.15,59,19.0012,2011,21,6,12,361.19427
2011-08-21 13:00:00,3,0,0,1,32.8,38.635,59,27.9993,2011,21,6,13,358.7502
2011-08-21 14:00:00,3,0,0,3,28.7,33.335,79,26.0027,2011,21,6,14,196.75877
2011-08-21 15:00:00,3,0,0,1,28.7,33.335,84,19.0012,2011,21,6,15,278.41516
2011-08-21 16:00:00,3,0,0,1,29.52,34.85,79,11.0014,2011,21,6,16,335.33667
2011-08-21 17:00:00,3,0,0,1,29.52,34.85,79,8.9981,2011,21,6,17,302.2352
2011-08-21 18:00:00,3,0,0,1,29.52,34.85,79,16.9979,2011,21,6,18,265.0717
2011-08-21 19:00:00,3,0,0,1,29.52,34.09,70,16.9979,2011,21,6,19,271.6036
2011-08-21 20:00:00,3,0,0,1,28.7,33.335,79,16.9979,2011,21,6,20,166.058
2011-08-21 21:00:00,3,0,0,1,28.7,33.335,79,16.9979,2011,21,6,21,121.9477
2011-08-21 22:00:00,3,0,0,2,28.7,33.335,79,12.998,2011,21,6,22,99.75758
2011-08-21 23:00:00,3,0,0,1,28.7,33.335,74,11.0014,2011,21,6,23,72.582085
2011-08-22 00:00:00,3,0,1,1,27.88,31.82,79,11.0014,2011,22,0,0,31.91867
2011-08-22 01:00:00,3,0,1,1,27.88,31.82,79,6.0032,2011,22,0,1,13.533264
2011-08-22 02:00:00,3,0,1,2,28.7,32.575,65,7.0015,2011,22,0,2,8.899078
2011-08-22 03:00:00,3,0,1,3,28.7,32.575,65,8.9981,2011,22,0,3,14.721222
2011-08-22 04:00:00,3,0,1,1,27.88,31.82,65,12.998,2011,22,0,4,2.65419
2011-08-22 05:00:00,3,0,1,1,27.06,31.06,65,23.9994,2011,22,0,5,16.506073
2011-08-22 06:00:00,3,0,1,1,27.06,31.06,61,19.9995,2011,22,0,6,99.884094
2011-08-22 07:00:00,3,0,1,1,27.06,31.06,61,22.0028,2011,22,0,7,277.78418
2011-08-22 08:00:00,3,0,1,1,27.06,31.06,61,22.0028,2011,22,0,8,406.64087
2011-08-22 09:00:00,3,0,1,1,27.88,31.82,54,16.9979,2011,22,0,9,211.25531
2011-08-22 10:00:00,3,0,1,1,28.7,32.575,48,19.0012,2011,22,0,10,124.89713
2011-08-22 11:00:00,3,0,1,1,29.52,32.575,34,22.0028,2011,22,0,11,138.41463
2011-08-22 12:00:00,3,0,1,1,30.34,32.575,35,26.0027,2011,22,0,12,181.02849
2011-08-22 13:00:00,3,0,1,1,30.34,32.575,30,31.0009,2011,22,0,13,212.34528
2011-08-22 14:00:00,3,0,1,1,30.34,32.575,30,26.0027,2011,22,0,14,173.6799
2011-08-22 15:00:00,3,0,1,1,30.34,32.575,30,19.9995,2011,22,0,15,182.56564
2011-08-22 16:00:00,3,0,1,1,30.34,32.575,30,26.0027,2011,22,0,16,295.5872
2011-08-22 17:00:00,3,0,1,1,30.34,32.575,27,22.0028,2011,22,0,17,542.5016
2011-08-22 18:00:00,3,0,1,1,29.52,32.575,28,19.9995,2011,22,0,18,527.70715
2011-08-22 19:00:00,3,0,1,1,28.7,31.82,30,19.0012,2011,22,0,19,398.09918
2011-08-22 20:00:00,3,0,1,1,27.06,31.06,34,12.998,2011,22,0,20,306.10767
2011-08-22 21:00:00,3,0,1,1,26.24,31.06,38,12.998,2011,22,0,21,234.43573
2011-08-22 22:00:00,3,0,1,1,26.24,31.06,38,19.9995,2011,22,0,22,149.82898
2011-08-22 23:00:00,3,0,1,1,25.42,31.06,41,16.9979,2011,22,0,23,86.61764
2011-08-23 00:00:00,3,0,1,1,24.6,31.06,43,12.998,2011,23,1,0,36.99402
2011-08-23 01:00:00,3,0,1,1,23.78,27.275,49,12.998,2011,23,1,1,17.171173
2011-08-23 02:00:00,3,0,1,1,22.96,26.515,52,12.998,2011,23,1,2,11.206909
2011-08-23 03:00:00,3,0,1,1,22.96,26.515,52,19.0012,2011,23,1,3,11.401825
2011-08-23 04:00:00,3,0,1,1,22.14,25.76,56,11.0014,2011,23,1,4,8.56665
2011-08-23 05:00:00,3,0,1,1,22.14,25.76,56,12.998,2011,23,1,5,24.170456
2011-08-23 06:00:00,3,0,1,1,22.14,25.76,60,12.998,2011,23,1,6,102.45627
2011-08-23 07:00:00,3,0,1,1,24.6,31.06,49,12.998,2011,23,1,7,287.69327
2011-08-23 08:00:00,3,0,1,2,25.42,31.06,50,0.0,2011,23,1,8,392.3562
2011-08-23 09:00:00,3,0,1,2,27.06,31.06,44,0.0,2011,23,1,9,214.78854
2011-08-23 10:00:00,3,0,1,1,28.7,31.82,37,0.0,2011,23,1,10,140.13994
2011-08-23 11:00:00,3,0,1,1,28.7,31.82,34,7.0015,2011,23,1,11,148.28772
2011-08-23 12:00:00,3,0,1,1,28.7,31.82,39,6.0032,2011,23,1,12,193.88165
2011-08-23 13:00:00,3,0,1,1,29.52,32.575,30,7.0015,2011,23,1,13,201.71184
2011-08-23 14:00:00,3,0,1,1,29.52,32.575,30,6.0032,2011,23,1,14,191.4406
2011-08-23 15:00:00,3,0,1,1,29.52,32.575,34,15.0013,2011,23,1,15,191.99608
2011-08-23 16:00:00,3,0,1,1,29.52,32.575,32,8.9981,2011,23,1,16,315.7739
2011-08-23 17:00:00,3,0,1,1,29.52,32.575,34,15.0013,2011,23,1,17,554.7428
2011-08-23 18:00:00,3,0,1,1,29.52,32.575,34,12.998,2011,23,1,18,538.1879
2011-08-23 19:00:00,3,0,1,1,27.06,31.06,50,15.0013,2011,23,1,19,371.07327
2011-08-23 20:00:00,3,0,1,1,26.24,31.06,53,16.9979,2011,23,1,20,267.31516
2011-08-23 21:00:00,3,0,1,1,25.42,31.06,57,0.0,2011,23,1,21,216.9614
2011-08-23 22:00:00,3,0,1,1,25.42,31.06,57,8.9981,2011,23,1,22,178.45262
2011-08-23 23:00:00,3,0,1,1,25.42,30.305,61,8.9981,2011,23,1,23,115.58986
2011-08-24 00:00:00,3,0,1,1,25.42,31.06,57,8.9981,2011,24,2,0,32.190735
2011-08-24 01:00:00,3,0,1,1,24.6,30.305,60,7.0015,2011,24,2,1,18.155716
2011-08-24 02:00:00,3,0,1,1,23.78,27.275,68,8.9981,2011,24,2,2,9.255386
2011-08-24 03:00:00,3,0,1,1,23.78,27.275,68,8.9981,2011,24,2,3,7.5039825
2011-08-24 04:00:00,3,0,1,1,22.96,26.515,73,7.0015,2011,24,2,4,10.849213
2011-08-24 05:00:00,3,0,1,1,22.96,26.515,73,7.0015,2011,24,2,5,27.842712
2011-08-24 06:00:00,3,0,1,1,22.96,26.515,73,0.0,2011,24,2,6,108.012535
2011-08-24 07:00:00,3,0,1,1,24.6,30.305,64,6.0032,2011,24,2,7,288.33978
2011-08-24 08:00:00,3,0,1,1,25.42,30.305,69,8.9981,2011,24,2,8,425.8672
2011-08-24 09:00:00,3,0,1,1,26.24,30.305,69,16.9979,2011,24,2,9,215.48962
2011-08-24 10:00:00,3,0,1,1,28.7,32.575,58,19.0012,2011,24,2,10,130.81503
2011-08-24 11:00:00,3,0,1,1,29.52,33.335,54,19.9995,2011,24,2,11,138.55219
2011-08-24 12:00:00,3,0,1,1,30.34,34.09,55,22.0028,2011,24,2,12,179.68141
2011-08-24 13:00:00,3,0,1,1,31.16,34.09,48,27.9993,2011,24,2,13,169.5846
2011-08-24 14:00:00,3,0,1,1,31.16,34.09,48,27.9993,2011,24,2,14,154.19766
2011-08-24 15:00:00,3,0,1,1,31.16,34.09,48,30.0026,2011,24,2,15,153.94463
2011-08-24 16:00:00,3,0,1,1,31.16,34.85,52,27.9993,2011,24,2,16,273.16553
2011-08-24 17:00:00,3,0,1,1,31.16,34.85,52,23.9994,2011,24,2,17,506.99704
2011-08-24 18:00:00,3,0,1,1,30.34,34.09,55,19.9995,2011,24,2,18,490.98602
2011-08-24 19:00:00,3,0,1,1,30.34,34.09,55,19.9995,2011,24,2,19,362.8368
2011-08-24 20:00:00,3,0,1,1,29.52,33.335,58,19.9995,2011,24,2,20,270.5254
2011-08-24 21:00:00,3,0,1,1,28.7,32.575,61,23.9994,2011,24,2,21,211.30128
2011-08-24 22:00:00,3,0,1,1,28.7,32.575,65,23.9994,2011,24,2,22,153.98875
2011-08-24 23:00:00,3,0,1,1,27.88,31.82,69,19.9995,2011,24,2,23,95.61068
2011-08-25 00:00:00,3,0,1,1,27.88,31.82,74,19.9995,2011,25,3,0,38.139313
2011-08-25 01:00:00,3,0,1,1,27.88,31.82,69,26.0027,2011,25,3,1,12.791916
2011-08-25 02:00:00,3,0,1,1,27.88,31.82,69,26.0027,2011,25,3,2,6.5659637
2011-08-25 03:00:00,3,0,1,1,27.06,31.06,74,22.0028,2011,25,3,3,8.143555
2011-08-25 04:00:00,3,0,1,1,27.06,30.305,78,26.0027,2011,25,3,4,8.145218
2011-08-25 05:00:00,3,0,1,1,27.06,30.305,83,27.9993,2011,25,3,5,22.408325
2011-08-25 06:00:00,3,0,1,1,27.06,30.305,83,22.0028,2011,25,3,6,110.51106
2011-08-25 07:00:00,3,0,1,2,27.88,31.82,79,22.0028,2011,25,3,7,302.28436
2011-08-25 08:00:00,3,0,1,2,28.7,33.335,74,19.9995,2011,25,3,8,422.7575
2011-08-25 09:00:00,3,0,1,2,29.52,34.09,70,19.9995,2011,25,3,9,206.93697
2011-08-25 10:00:00,3,0,1,2,30.34,34.85,66,19.9995,2011,25,3,10,124.48138
2011-08-25 11:00:00,3,0,1,3,28.7,33.335,79,0.0,2011,25,3,11,108.61897
2011-08-25 12:00:00,3,0,1,3,28.7,33.335,79,0.0,2011,25,3,12,135.34782
2011-08-25 13:00:00,3,0,1,1,28.7,33.335,79,7.0015,2011,25,3,13,174.82944
2011-08-25 14:00:00,3,0,1,2,29.52,34.85,74,0.0,2011,25,3,14,156.33102
2011-08-25 15:00:00,3,0,1,2,30.34,34.85,70,0.0,2011,25,3,15,166.08699
2011-08-25 16:00:00,3,0,1,1,29.52,35.605,84,0.0,2011,25,3,16,207.22362
2011-08-25 17:00:00,3,0,1,1,29.52,35.605,84,0.0,2011,25,3,17,395.962
2011-08-25 18:00:00,3,0,1,2,29.52,35.605,84,8.9981,2011,25,3,18,351.09564
2011-08-25 19:00:00,3,0,1,2,27.06,30.305,78,22.0028,2011,25,3,19,264.8074
2011-08-25 20:00:00,3,0,1,1,26.24,29.545,78,23.9994,2011,25,3,20,197.20816
2011-08-25 21:00:00,3,0,1,1,26.24,29.545,78,19.0012,2011,25,3,21,152.02391
2011-08-25 22:00:00,3,0,1,1,25.42,28.79,83,0.0,2011,25,3,22,140.89772
2011-08-25 23:00:00,3,0,1,1,25.42,28.79,83,6.0032,2011,25,3,23,85.81959
2011-08-26 00:00:00,3,0,1,1,25.42,28.79,83,8.9981,2011,26,4,0,56.293976
2011-08-26 01:00:00,3,0,1,1,25.42,28.79,83,0.0,2011,26,4,1,20.23555
2011-08-26 02:00:00,3,0,1,1,25.42,28.03,88,8.9981,2011,26,4,2,14.315613
2011-08-26 03:00:00,3,0,1,1,24.6,27.275,88,7.0015,2011,26,4,3,10.1349945
2011-08-26 04:00:00,3,0,1,1,25.42,28.03,88,0.0,2011,26,4,4,5.6766663
2011-08-26 05:00:00,3,0,1,2,25.42,28.03,88,0.0,2011,26,4,5,9.89328
2011-08-26 06:00:00,3,0,1,1,25.42,28.03,88,0.0,2011,26,4,6,102.33428
2011-08-26 07:00:00,3,0,1,1,26.24,28.79,83,0.0,2011,26,4,7,266.1404
2011-08-26 08:00:00,3,0,1,1,27.06,30.305,83,7.0015,2011,26,4,8,406.56006
2011-08-26 09:00:00,3,0,1,1,28.7,33.335,74,0.0,2011,26,4,9,219.2877
2011-08-26 10:00:00,3,0,1,1,30.34,34.85,66,6.0032,2011,26,4,10,151.5404
2011-08-26 11:00:00,3,0,1,2,31.16,35.605,62,0.0,2011,26,4,11,164.7436
2011-08-26 12:00:00,3,0,1,2,31.16,36.365,66,7.0015,2011,26,4,12,215.71355
2011-08-26 13:00:00,3,0,1,2,31.98,37.12,59,7.0015,2011,26,4,13,209.74559
2011-08-26 14:00:00,3,0,1,1,32.8,38.635,59,0.0,2011,26,4,14,208.59737
2011-08-26 15:00:00,3,0,1,2,32.8,38.635,59,12.998,2011,26,4,15,207.92982
2011-08-26 16:00:00,3,0,1,1,31.98,37.12,62,7.0015,2011,26,4,16,314.63736
2011-08-26 17:00:00,3,0,1,1,30.34,35.605,74,16.9979,2011,26,4,17,436.43735
2011-08-26 18:00:00,3,0,1,2,30.34,35.605,74,8.9981,2011,26,4,18,398.67468
2011-08-26 19:00:00,3,0,1,1,29.52,34.85,79,7.0015,2011,26,4,19,315.117
2011-08-26 20:00:00,3,0,1,1,29.52,34.85,79,6.0032,2011,26,4,20,230.3473
2011-08-26 21:00:00,3,0,1,1,29.52,34.85,79,11.0014,2011,26,4,21,185.17178
2011-08-26 22:00:00,3,0,1,1,29.52,34.85,79,7.0015,2011,26,4,22,146.0458
2011-08-26 23:00:00,3,0,1,1,28.7,33.335,84,6.0032,2011,26,4,23,120.25129
2011-08-27 00:00:00,3,0,0,1,28.7,33.335,84,7.0015,2011,27,5,0,113.57526
2011-08-27 01:00:00,3,0,0,1,28.7,33.335,84,11.0014,2011,27,5,1,77.82571
2011-08-27 02:00:00,3,0,0,1,28.7,33.335,84,12.998,2011,27,5,2,58.281372
2011-08-27 03:00:00,3,0,0,2,28.7,33.335,84,15.0013,2011,27,5,3,24.393158
2011-08-27 04:00:00,3,0,0,2,28.7,33.335,84,15.0013,2011,27,5,4,14.904587
2011-08-27 05:00:00,3,0,0,2,28.7,33.335,84,19.9995,2011,27,5,5,4.928833
2011-08-27 06:00:00,3,0,0,2,28.7,33.335,84,19.9995,2011,27,5,6,16.009186
2011-08-27 07:00:00,3,0,0,2,28.7,33.335,84,23.9994,2011,27,5,7,40.613907
2011-08-27 08:00:00,3,0,0,2,28.7,33.335,84,16.9979,2011,27,5,8,78.78811
2011-08-27 09:00:00,3,0,0,2,28.7,33.335,84,27.9993,2011,27,5,9,155.34868
2011-08-27 10:00:00,3,0,0,2,28.7,33.335,79,31.0009,2011,27,5,10,256.03665
2011-08-27 11:00:00,3,0,0,3,27.06,29.545,89,27.9993,2011,27,5,11,171.74707
2011-08-27 12:00:00,3,0,0,3,27.06,30.305,83,32.9975,2011,27,5,12,227.69348
2011-08-27 13:00:00,3,0,0,3,27.06,30.305,83,26.0027,2011,27,5,13,199.31781
2011-08-27 14:00:00,3,0,0,3,26.24,28.79,89,36.9974,2011,27,5,14,158.70601
2011-08-27 15:00:00,3,0,0,3,26.24,28.79,89,36.9974,2011,27,5,15,107.26595
2011-08-27 16:00:00,3,0,0,3,26.24,28.79,89,35.0008,2011,27,5,16,119.611244
2011-08-27 17:00:00,3,0,0,3,26.24,28.79,89,55.9986,2011,27,5,17,43.53244
2011-08-28 07:00:00,3,0,0,3,25.42,28.79,83,23.9994,2011,28,6,7,-0.32014465
2011-08-28 08:00:00,3,0,0,3,25.42,28.79,83,27.9993,2011,28,6,8,14.756058
2011-08-28 09:00:00,3,0,0,1,27.06,31.06,74,27.9993,2011,28,6,9,192.16568
2011-08-28 10:00:00,3,0,0,1,28.7,32.575,61,40.9973,2011,28,6,10,292.67194
2011-08-28 11:00:00,3,0,0,1,28.7,32.575,58,26.0027,2011,28,6,11,352.83716
2011-08-28 12:00:00,3,0,0,1,30.34,33.335,51,26.0027,2011,28,6,12,387.95978
2011-08-28 13:00:00,3,0,0,1,31.16,34.09,45,23.9994,2011,28,6,13,404.91797
2011-08-28 14:00:00,3,0,0,1,31.98,34.85,43,27.9993,2011,28,6,14,377.7019
2011-08-28 15:00:00,3,0,0,1,31.98,34.85,43,23.9994,2011,28,6,15,355.7331
2011-08-28 16:00:00,3,0,0,1,32.8,35.605,36,26.0027,2011,28,6,16,384.4358
2011-08-28 17:00:00,3,0,0,1,31.16,34.09,40,19.9995,2011,28,6,17,394.36017
2011-08-28 18:00:00,3,0,0,1,30.34,33.335,42,15.0013,2011,28,6,18,376.03162
2011-08-28 19:00:00,3,0,0,1,29.52,33.335,48,7.0015,2011,28,6,19,286.47772
2011-08-28 20:00:00,3,0,0,1,29.52,32.575,45,7.0015,2011,28,6,20,229.6155
2011-08-28 21:00:00,3,0,0,1,27.06,31.06,61,8.9981,2011,28,6,21,174.66974
2011-08-28 22:00:00,3,0,0,1,26.24,30.305,69,7.0015,2011,28,6,22,143.16241
2011-08-28 23:00:00,3,0,0,1,25.42,29.545,73,7.0015,2011,28,6,23,70.6361
2011-08-29 00:00:00,3,0,1,1,25.42,29.545,73,7.0015,2011,29,0,0,31.565384
2011-08-29 01:00:00,3,0,1,1,24.6,29.545,69,7.0015,2011,29,0,1,12.104645
2011-08-29 02:00:00,3,0,1,1,24.6,29.545,69,12.998,2011,29,0,2,6.8368225
2011-08-29 03:00:00,3,0,1,1,24.6,29.545,69,7.0015,2011,29,0,3,4.1272736
2011-08-29 04:00:00,3,0,1,1,22.96,26.515,68,8.9981,2011,29,0,4,2.8679047
2011-08-29 05:00:00,3,0,1,1,22.96,26.515,73,8.9981,2011,29,0,5,25.294739
2011-08-29 06:00:00,3,0,1,1,22.96,26.515,73,8.9981,2011,29,0,6,111.997345
2011-08-29 07:00:00,3,0,1,1,24.6,30.305,60,15.0013,2011,29,0,7,287.4057
2011-08-29 08:00:00,3,0,1,1,25.42,31.06,57,16.9979,2011,29,0,8,417.625
2011-08-29 09:00:00,3,0,1,1,25.42,31.06,53,16.9979,2011,29,0,9,213.92
2011-08-29 10:00:00,3,0,1,1,27.06,31.06,47,15.0013,2011,29,0,10,124.48314
2011-08-29 11:00:00,3,0,1,1,27.06,31.06,47,11.0014,2011,29,0,11,134.18887
2011-08-29 12:00:00,3,0,1,2,27.88,31.82,44,11.0014,2011,29,0,12,187.54114
2011-08-29 13:00:00,3,0,1,2,28.7,31.82,39,0.0,2011,29,0,13,188.82811
2011-08-29 14:00:00,3,0,1,1,28.7,31.82,42,0.0,2011,29,0,14,182.15878
2011-08-29 15:00:00,3,0,1,1,28.7,31.82,42,11.0014,2011,29,0,15,195.25569
2011-08-29 16:00:00,3,0,1,1,29.52,32.575,42,11.0014,2011,29,0,16,312.2964
2011-08-29 17:00:00,3,0,1,2,28.7,31.82,47,15.0013,2011,29,0,17,527.13245
2011-08-29 18:00:00,3,0,1,1,27.06,31.06,47,16.9979,2011,29,0,18,504.4534
2011-08-29 19:00:00,3,0,1,1,27.06,31.06,47,16.9979,2011,29,0,19,367.3871
2011-08-29 20:00:00,3,0,1,1,26.24,31.06,53,11.0014,2011,29,0,20,278.6722
2011-08-29 21:00:00,3,0,1,1,26.24,31.06,53,12.998,2011,29,0,21,210.5717
2011-08-29 22:00:00,3,0,1,1,25.42,31.06,57,8.9981,2011,29,0,22,167.51294
2011-08-29 23:00:00,3,0,1,1,24.6,30.305,60,6.0032,2011,29,0,23,105.25628
2011-08-30 00:00:00,3,0,1,1,22.96,26.515,73,8.9981,2011,30,1,0,35.617447
2011-08-30 01:00:00,3,0,1,1,22.96,26.515,68,7.0015,2011,30,1,1,12.516739
2011-08-30 02:00:00,3,0,1,1,22.14,25.76,73,7.0015,2011,30,1,2,12.221344
2011-08-30 03:00:00,3,0,1,1,22.14,25.76,73,12.998,2011,30,1,3,11.111465
2011-08-30 04:00:00,3,0,1,1,21.32,25.0,77,11.0014,2011,30,1,4,10.792755
2011-08-30 05:00:00,3,0,1,1,21.32,25.0,77,6.0032,2011,30,1,5,27.84172
2011-08-30 06:00:00,3,0,1,1,22.14,25.76,73,7.0015,2011,30,1,6,108.9016
2011-08-30 07:00:00,3,0,1,1,22.96,26.515,68,8.9981,2011,30,1,7,297.04413
2011-08-30 08:00:00,3,0,1,1,25.42,31.06,57,8.9981,2011,30,1,8,423.17456
2011-08-30 09:00:00,3,0,1,1,27.06,31.06,50,15.0013,2011,30,1,9,217.47124
2011-08-30 10:00:00,3,0,1,1,28.7,31.82,39,15.0013,2011,30,1,10,141.23883
2011-08-30 11:00:00,3,0,1,1,29.52,32.575,37,12.998,2011,30,1,11,144.56702
2011-08-30 12:00:00,3,0,1,1,29.52,32.575,37,0.0,2011,30,1,12,190.4453
2011-08-30 13:00:00,3,0,1,1,30.34,32.575,35,7.0015,2011,30,1,13,185.96124
2011-08-30 14:00:00,3,0,1,1,30.34,32.575,33,11.0014,2011,30,1,14,182.95184
2011-08-30 15:00:00,3,0,1,1,30.34,32.575,35,15.0013,2011,30,1,15,184.12532
2011-08-30 16:00:00,3,0,1,1,30.34,32.575,37,11.0014,2011,30,1,16,297.02374
2011-08-30 17:00:00,3,0,1,1,29.52,32.575,42,12.998,2011,30,1,17,557.21063
2011-08-30 18:00:00,3,0,1,1,28.7,31.82,45,11.0014,2011,30,1,18,521.94885
2011-08-30 19:00:00,3,0,1,1,27.06,31.06,50,6.0032,2011,30,1,19,371.48926
2011-08-30 20:00:00,3,0,1,1,27.06,31.06,50,0.0,2011,30,1,20,281.59915
2011-08-30 21:00:00,3,0,1,1,26.24,30.305,65,6.0032,2011,30,1,21,214.7616
2011-08-30 22:00:00,3,0,1,1,25.42,30.305,61,0.0,2011,30,1,22,170.5484
2011-08-30 23:00:00,3,0,1,1,25.42,30.305,61,0.0,2011,30,1,23,110.75906
2011-08-31 00:00:00,3,0,1,1,24.6,29.545,69,0.0,2011,31,2,0,24.694382
2011-08-31 01:00:00,3,0,1,1,24.6,29.545,69,0.0,2011,31,2,1,8.064316
2011-08-31 02:00:00,3,0,1,1,22.96,26.515,73,0.0,2011,31,2,2,6.06781
2011-08-31 03:00:00,3,0,1,1,22.96,26.515,78,0.0,2011,31,2,3,4.694687
2011-08-31 04:00:00,3,0,1,1,22.96,26.515,73,0.0,2011,31,2,4,4.3164215
2011-08-31 05:00:00,3,0,1,1,22.14,25.76,83,6.0032,2011,31,2,5,27.445816
2011-08-31 06:00:00,3,0,1,1,22.14,25.76,77,0.0,2011,31,2,6,103.1263
2011-08-31 07:00:00,3,0,1,1,24.6,28.79,78,0.0,2011,31,2,7,309.68323
2011-08-31 08:00:00,3,0,1,1,25.42,30.305,69,0.0,2011,31,2,8,425.59338
2011-08-31 09:00:00,3,0,1,1,26.24,30.305,69,6.0032,2011,31,2,9,215.55754
2011-08-31 10:00:00,3,0,1,1,28.7,31.82,45,7.0015,2011,31,2,10,135.0191
2011-08-31 11:00:00,3,0,1,1,29.52,32.575,42,8.9981,2011,31,2,11,150.41019
2011-08-31 12:00:00,3,0,1,1,30.34,33.335,43,8.9981,2011,31,2,12,190.62785
2011-08-31 13:00:00,3,0,1,1,30.34,32.575,37,7.0015,2011,31,2,13,183.95894
2011-08-31 14:00:00,3,0,1,1,30.34,32.575,40,8.9981,2011,31,2,14,169.83237
2011-08-31 15:00:00,3,0,1,1,30.34,32.575,40,8.9981,2011,31,2,15,180.35403
2011-08-31 16:00:00,3,0,1,1,30.34,33.335,42,8.9981,2011,31,2,16,300.98218
2011-08-31 17:00:00,3,0,1,1,29.52,32.575,45,8.9981,2011,31,2,17,538.82495
2011-08-31 18:00:00,3,0,1,1,28.7,32.575,51,15.0013,2011,31,2,18,510.06168
2011-08-31 19:00:00,3,0,1,1,34.44,38.635,47,16.9979,2011,31,2,19,366.63306
2011-08-31 20:00:00,3,0,1,1,27.06,31.06,57,8.9981,2011,31,2,20,286.3284
2011-08-31 21:00:00,3,0,1,1,27.06,31.06,61,6.0032,2011,31,2,21,220.21146
2011-08-31 22:00:00,3,0,1,1,26.24,30.305,69,0.0,2011,31,2,22,170.05682
2011-08-31 23:00:00,3,0,1,1,24.6,28.79,78,7.0015,2011,31,2,23,89.10812
2011-09-20 00:00:00,3,0,1,2,22.96,26.515,73,11.0014,2011,20,1,0,31.504807
2011-09-20 01:00:00,3,0,1,2,22.14,25.76,88,11.0014,2011,20,1,1,12.118774
2011-09-20 02:00:00,3,0,1,2,22.14,25.76,88,11.0014,2011,20,1,2,5.8928223
2011-09-20 03:00:00,3,0,1,2,22.14,25.76,83,15.0013,2011,20,1,3,4.7602386
2011-09-20 04:00:00,3,0,1,1,22.14,25.76,88,12.998,2011,20,1,4,10.746796
2011-09-20 05:00:00,3,0,1,2,22.14,25.76,88,12.998,2011,20,1,5,21.78592
2011-09-20 06:00:00,3,0,1,2,22.14,25.76,88,12.998,2011,20,1,6,99.98361
2011-09-20 07:00:00,3,0,1,2,22.14,25.76,88,11.0014,2011,20,1,7,273.51096
2011-09-20 08:00:00,3,0,1,3,22.14,25.76,94,16.9979,2011,20,1,8,274.55957
2011-09-20 09:00:00,3,0,1,3,22.14,25.76,94,15.0013,2011,20,1,9,99.61032
2011-09-20 10:00:00,3,0,1,3,22.96,26.515,88,11.0014,2011,20,1,10,50.75641
2011-09-20 11:00:00,3,0,1,3,22.96,26.515,88,11.0014,2011,20,1,11,55.03557
2011-09-20 12:00:00,3,0,1,2,22.96,26.515,94,11.0014,2011,20,1,12,101.752205
2011-09-20 13:00:00,3,0,1,2,22.96,26.515,94,8.9981,2011,20,1,13,99.15364
2011-09-20 14:00:00,3,0,1,2,23.78,27.275,88,12.998,2011,20,1,14,107.97151
2011-09-20 15:00:00,3,0,1,2,25.42,29.545,78,7.0015,2011,20,1,15,151.74689
2011-09-20 16:00:00,3,0,1,2,24.6,28.03,83,11.0014,2011,20,1,16,197.48062
2011-09-20 17:00:00,3,0,1,1,24.6,28.03,83,7.0015,2011,20,1,17,412.75757
2011-09-20 18:00:00,3,0,1,1,24.6,28.03,83,7.0015,2011,20,1,18,395.64316
2011-09-20 19:00:00,3,0,1,1,23.78,27.275,88,0.0,2011,20,1,19,287.679
2011-09-20 20:00:00,3,0,1,1,22.96,26.515,94,0.0,2011,20,1,20,193.215
2011-09-20 21:00:00,3,0,1,1,22.96,26.515,94,0.0,2011,20,1,21,139.18776
2011-09-20 22:00:00,3,0,1,1,22.96,26.515,94,0.0,2011,20,1,22,109.44605
2011-09-20 23:00:00,3,0,1,1,22.96,26.515,94,0.0,2011,20,1,23,52.589386
2011-09-21 00:00:00,3,0,1,1,22.14,25.76,100,0.0,2011,21,2,0,21.360489
2011-09-21 01:00:00,3,0,1,1,22.14,25.76,94,0.0,2011,21,2,1,4.137375
2011-09-21 02:00:00,3,0,1,1,22.14,25.76,94,0.0,2011,21,2,2,-1.4202118
2011-09-21 03:00:00,3,0,1,2,22.14,25.76,94,6.0032,2011,21,2,3,-2.1524963
2011-09-21 04:00:00,3,0,1,2,22.14,25.76,100,8.9981,2011,21,2,4,2.7389374
2011-09-21 05:00:00,3,0,1,2,22.14,25.76,100,11.0014,2011,21,2,5,19.732376
2011-09-21 06:00:00,3,0,1,2,22.14,25.76,100,12.998,2011,21,2,6,97.77882
2011-09-21 07:00:00,3,0,1,2,22.14,25.76,100,12.998,2011,21,2,7,248.64418
2011-09-21 08:00:00,3,0,1,2,22.14,25.76,100,7.0015,2011,21,2,8,388.0462
2011-09-21 09:00:00,3,0,1,2,22.96,26.515,100,6.0032,2011,21,2,9,169.23863
2011-09-21 10:00:00,3,0,1,2,24.6,27.275,88,0.0,2011,21,2,10,65.49894
2011-09-21 11:00:00,3,0,1,2,25.42,28.79,83,11.0014,2011,21,2,11,97.74009
2011-09-21 12:00:00,3,0,1,2,26.24,29.545,78,6.0032,2011,21,2,12,157.70517
2011-09-21 13:00:00,3,0,1,2,27.06,31.06,74,11.0014,2011,21,2,13,165.12875
2011-09-21 14:00:00,3,0,1,2,27.06,31.06,74,12.998,2011,21,2,14,153.11935
2011-09-21 15:00:00,3,0,1,2,27.06,31.06,74,7.0015,2011,21,2,15,161.14151
2011-09-21 16:00:00,3,0,1,2,27.06,31.06,74,7.0015,2011,21,2,16,236.11069
2011-09-21 17:00:00,3,0,1,3,27.06,31.06,74,11.0014,2011,21,2,17,374.1842
2011-09-21 18:00:00,3,0,1,3,26.24,28.79,83,11.0014,2011,21,2,18,271.83945
2011-09-21 19:00:00,3,0,1,3,25.42,27.275,94,0.0,2011,21,2,19,142.65567
2011-09-21 20:00:00,3,0,1,3,25.42,27.275,94,0.0,2011,21,2,20,74.015884
2011-09-21 21:00:00,3,0,1,2,24.6,25.0,100,6.0032,2011,21,2,21,107.70049
2011-09-21 22:00:00,3,0,1,2,25.42,27.275,94,0.0,2011,21,2,22,78.7242
2011-09-21 23:00:00,3,0,1,1,24.6,25.76,94,7.0015,2011,21,2,23,59.251602
2011-09-22 00:00:00,3,0,1,1,24.6,25.76,94,7.0015,2011,22,3,0,37.35312
2011-09-22 01:00:00,3,0,1,2,24.6,25.76,94,6.0032,2011,22,3,1,10.526382
2011-09-22 02:00:00,3,0,1,2,24.6,25.76,94,7.0015,2011,22,3,2,4.968796
2011-09-22 03:00:00,3,0,1,2,24.6,25.76,94,6.0032,2011,22,3,3,3.2174072
2011-09-22 04:00:00,3,0,1,2,24.6,25.76,94,6.0032,2011,22,3,4,3.2174072
2011-09-22 05:00:00,3,0,1,2,24.6,25.76,94,7.0015,2011,22,3,5,20.210861
2011-09-22 06:00:00,3,0,1,2,24.6,25.0,100,8.9981,2011,22,3,6,114.51802
2011-09-22 07:00:00,3,0,1,2,24.6,25.0,100,7.0015,2011,22,3,7,255.44577
2011-09-22 08:00:00,3,0,1,2,24.6,25.0,100,11.0014,2011,22,3,8,396.68674
2011-09-22 09:00:00,3,0,1,2,25.42,27.275,94,12.998,2011,22,3,9,143.5471
2011-09-22 10:00:00,3,0,1,2,26.24,28.79,89,15.0013,2011,22,3,10,76.67248
2011-09-22 11:00:00,3,0,1,2,26.24,28.79,89,12.998,2011,22,3,11,80.63215
2011-09-22 12:00:00,3,0,1,2,27.06,30.305,83,11.0014,2011,22,3,12,134.44644
2011-09-22 13:00:00,3,0,1,2,27.06,30.305,83,12.998,2011,22,3,13,131.6463
2011-09-22 14:00:00,3,0,1,2,27.06,30.305,83,15.0013,2011,22,3,14,116.20656
2011-09-22 15:00:00,3,0,1,2,27.88,31.82,79,11.0014,2011,22,3,15,162.41028
2011-09-22 16:00:00,3,0,1,2,27.88,31.82,74,8.9981,2011,22,3,16,244.87634
2011-09-22 17:00:00,3,0,1,2,27.06,30.305,78,6.0032,2011,22,3,17,435.29526
2011-09-22 18:00:00,3,0,1,2,26.24,28.79,83,7.0015,2011,22,3,18,348.0642
2011-09-22 19:00:00,3,0,1,2,26.24,28.79,89,6.0032,2011,22,3,19,240.57385
2011-09-22 20:00:00,3,0,1,2,25.42,27.275,94,8.9981,2011,22,3,20,136.38423
2011-09-22 21:00:00,3,0,1,2,26.24,28.79,89,6.0032,2011,22,3,21,122.426636
2011-09-22 22:00:00,3,0,1,2,25.42,25.76,100,6.0032,2011,22,3,22,88.67987
2011-09-22 23:00:00,3,0,1,2,25.42,27.275,94,0.0,2011,22,3,23,33.570618
2011-09-23 00:00:00,4,0,1,2,25.42,27.275,94,6.0032,2011,23,4,0,46.295105
2011-09-23 01:00:00,4,0,1,2,24.6,25.0,100,0.0,2011,23,4,1,8.250931
2011-09-23 02:00:00,4,0,1,2,24.6,25.0,100,7.0015,2011,23,4,2,9.26712
2011-09-23 03:00:00,4,0,1,2,24.6,25.0,100,0.0,2011,23,4,3,-4.062439
2011-09-23 04:00:00,4,0,1,3,24.6,25.0,100,0.0,2011,23,4,4,-8.823456
2011-09-23 05:00:00,4,0,1,2,25.42,27.275,94,0.0,2011,23,4,5,6.979492
2011-09-23 06:00:00,4,0,1,2,25.42,27.275,94,6.0032,2011,23,4,6,92.19645
2011-09-23 07:00:00,4,0,1,3,25.42,27.275,94,8.9981,2011,23,4,7,136.4525
2011-09-23 08:00:00,4,0,1,3,25.42,27.275,94,8.9981,2011,23,4,8,273.67505
2011-09-23 09:00:00,4,0,1,3,25.42,25.76,100,8.9981,2011,23,4,9,92.7687
2011-09-23 10:00:00,4,0,1,3,25.42,25.76,100,7.0015,2011,23,4,10,44.96028
2011-09-23 11:00:00,4,0,1,3,25.42,25.76,100,7.0015,2011,23,4,11,58.46231
2011-09-23 12:00:00,4,0,1,3,25.42,27.275,94,7.0015,2011,23,4,12,93.54533
2011-09-23 13:00:00,4,0,1,3,24.6,25.0,100,6.0032,2011,23,4,13,113.71179
2011-09-23 14:00:00,4,0,1,3,24.6,25.0,100,6.0032,2011,23,4,14,101.556465
2011-09-23 15:00:00,4,0,1,3,25.42,27.275,94,7.0015,2011,23,4,15,97.202484
2011-09-23 16:00:00,4,0,1,3,25.42,27.275,94,0.0,2011,23,4,16,138.46074
2011-09-23 17:00:00,4,0,1,2,24.6,25.0,100,0.0,2011,23,4,17,321.17825
2011-09-23 18:00:00,4,0,1,1,24.6,25.0,100,0.0,2011,23,4,18,323.9118
2011-09-23 19:00:00,4,0,1,1,25.42,27.275,94,8.9981,2011,23,4,19,237.83372
2011-09-23 20:00:00,4,0,1,1,24.6,25.76,94,0.0,2011,23,4,20,182.29222
2011-09-23 21:00:00,4,0,1,1,24.6,25.0,100,11.0014,2011,23,4,21,136.52878
2011-09-23 22:00:00,4,0,1,1,24.6,25.76,94,11.0014,2011,23,4,22,113.63434
2011-09-23 23:00:00,4,0,1,2,23.78,27.275,100,8.9981,2011,23,4,23,69.213455
2011-09-24 00:00:00,4,0,0,1,23.78,27.275,100,6.0032,2011,24,5,0,106.269646
2011-09-24 01:00:00,4,0,0,2,23.78,27.275,94,6.0032,2011,24,5,1,64.14274
2011-09-24 02:00:00,4,0,0,2,23.78,27.275,94,6.0032,2011,24,5,2,45.468307
2011-09-24 03:00:00,4,0,0,1,23.78,27.275,94,0.0,2011,24,5,3,17.502914
2011-09-24 04:00:00,4,0,0,1,22.96,26.515,94,7.0015,2011,24,5,4,7.723175
2011-09-24 05:00:00,4,0,0,2,22.96,26.515,94,7.0015,2011,24,5,5,-0.083358765
2011-09-24 06:00:00,4,0,0,2,22.96,26.515,94,7.0015,2011,24,5,6,9.756393
2011-09-24 07:00:00,4,0,0,2,22.96,26.515,88,7.0015,2011,24,5,7,60.433838
2011-09-24 08:00:00,4,0,0,2,23.78,27.275,90,6.0032,2011,24,5,8,87.44169
2011-09-24 09:00:00,4,0,0,2,24.6,27.275,88,6.0032,2011,24,5,9,167.05125
2011-09-24 10:00:00,4,0,0,2,24.6,27.275,88,6.0032,2011,24,5,10,199.00371
2011-09-24 11:00:00,4,0,0,2,25.42,28.79,83,6.0032,2011,24,5,11,279.63702
2011-09-24 12:00:00,4,0,0,2,25.42,28.79,83,6.0032,2011,24,5,12,301.9743
2011-09-24 13:00:00,4,0,0,1,26.24,29.545,78,0.0,2011,24,5,13,353.87552
2011-09-24 14:00:00,4,0,0,2,27.06,31.06,74,8.9981,2011,24,5,14,319.1828
2011-09-24 15:00:00,4,0,0,2,27.06,31.06,74,8.9981,2011,24,5,15,323.86026
2011-09-24 16:00:00,4,0,0,2,26.24,29.545,78,6.0032,2011,24,5,16,342.65536
2011-09-24 17:00:00,4,0,0,1,27.06,31.06,74,7.0015,2011,24,5,17,343.17126
2011-09-24 18:00:00,4,0,0,1,26.24,29.545,78,7.0015,2011,24,5,18,305.33936
2011-09-24 19:00:00,4,0,0,1,25.42,28.03,88,0.0,2011,24,5,19,232.02356
2011-09-24 20:00:00,4,0,0,1,25.42,28.79,83,0.0,2011,24,5,20,196.96979
2011-09-24 21:00:00,4,0,0,1,25.42,28.79,83,6.0032,2011,24,5,21,169.78337
2011-09-24 22:00:00,4,0,0,2,25.42,28.03,88,0.0,2011,24,5,22,107.09979
2011-09-24 23:00:00,4,0,0,2,24.6,27.275,88,6.0032,2011,24,5,23,97.75666
2011-09-25 00:00:00,4,0,0,2,24.6,27.275,88,0.0,2011,25,6,0,103.00053
2011-09-25 01:00:00,4,0,0,2,24.6,27.275,88,7.0015,2011,25,6,1,81.679
2011-09-25 02:00:00,4,0,0,3,24.6,25.76,94,0.0,2011,25,6,2,47.623367
2011-09-25 03:00:00,4,0,0,3,24.6,25.76,94,0.0,2011,25,6,3,13.437637
2011-09-25 04:00:00,4,0,0,3,24.6,25.76,94,8.9981,2011,25,6,4,4.319687
2011-09-25 05:00:00,4,0,0,1,24.6,27.275,88,6.0032,2011,25,6,5,20.449387
2011-09-25 06:00:00,4,0,0,2,24.6,27.275,88,7.0015,2011,25,6,6,15.198975
2011-09-25 07:00:00,4,0,0,2,24.6,25.76,94,8.9981,2011,25,6,7,2.2178955
2011-09-25 08:00:00,4,0,0,2,25.42,28.03,88,0.0,2011,25,6,8,49.775192
2011-09-25 09:00:00,4,0,0,2,26.24,28.79,83,0.0,2011,25,6,9,143.90997
2011-09-25 10:00:00,4,0,0,2,26.24,28.79,83,0.0,2011,25,6,10,196.11499
2011-09-25 11:00:00,4,0,0,2,27.06,30.305,78,8.9981,2011,25,6,11,297.6457
2011-09-25 12:00:00,4,0,0,2,27.06,30.305,78,0.0,2011,25,6,12,314.24744
2011-09-25 13:00:00,4,0,0,2,27.88,31.82,74,0.0,2011,25,6,13,326.9004
2011-09-25 14:00:00,4,0,0,2,27.06,30.305,78,0.0,2011,25,6,14,284.17917
2011-09-25 15:00:00,4,0,0,2,27.06,30.305,78,0.0,2011,25,6,15,292.7461
2011-09-25 16:00:00,4,0,0,1,28.7,32.575,70,0.0,2011,25,6,16,400.7834
2011-09-25 17:00:00,4,0,0,1,27.88,31.82,74,0.0,2011,25,6,17,334.3266
2011-09-25 18:00:00,4,0,0,1,27.88,31.82,74,0.0,2011,25,6,18,309.5681
2011-09-25 19:00:00,4,0,0,1,26.24,28.79,83,8.9981,2011,25,6,19,218.9421
2011-09-25 20:00:00,4,0,0,1,26.24,28.79,83,6.0032,2011,25,6,20,171.43259
2011-09-25 21:00:00,4,0,0,1,25.42,27.275,94,6.0032,2011,25,6,21,116.31122
2011-09-25 22:00:00,4,0,0,1,25.42,28.03,88,6.0032,2011,25,6,22,105.446335
2011-09-25 23:00:00,4,0,0,2,25.42,27.275,94,7.0015,2011,25,6,23,65.09465
2011-09-26 00:00:00,4,0,1,2,25.42,27.275,94,0.0,2011,26,0,0,15.787735
2011-09-26 01:00:00,4,0,1,2,25.42,28.03,88,7.0015,2011,26,0,1,14.705399
2011-09-26 02:00:00,4,0,1,2,25.42,28.03,88,7.0015,2011,26,0,2,8.479446
2011-09-26 03:00:00,4,0,1,2,25.42,27.275,94,0.0,2011,26,0,3,-7.2295685
2011-09-26 04:00:00,4,0,1,2,25.42,27.275,94,6.0032,2011,26,0,4,0.14772034
2011-09-26 05:00:00,4,0,1,2,25.42,28.03,88,0.0,2011,26,0,5,16.56369
2011-09-26 06:00:00,4,0,1,2,25.42,27.275,94,6.0032,2011,26,0,6,100.72332
2011-09-26 07:00:00,4,0,1,2,25.42,27.275,94,0.0,2011,26,0,7,248.8542
2011-09-26 08:00:00,4,0,1,2,25.42,27.275,94,0.0,2011,26,0,8,383.14362
2011-09-26 09:00:00,4,0,1,2,26.24,28.79,89,12.998,2011,26,0,9,169.73833
2011-09-26 10:00:00,4,0,1,2,26.24,28.79,89,12.998,2011,26,0,10,78.23546
2011-09-26 11:00:00,4,0,1,1,27.88,31.82,79,15.0013,2011,26,0,11,144.62758
2011-09-26 12:00:00,4,0,1,2,27.88,31.82,79,11.0014,2011,26,0,12,173.8678
2011-09-26 13:00:00,4,0,1,2,28.7,33.335,74,11.0014,2011,26,0,13,178.50357
2011-09-26 14:00:00,4,0,1,1,28.7,32.575,70,11.0014,2011,26,0,14,176.79898
2011-09-26 15:00:00,4,0,1,1,29.52,34.09,62,8.9981,2011,26,0,15,186.20108
2011-09-26 16:00:00,4,0,1,1,28.7,32.575,65,11.0014,2011,26,0,16,301.91425
2011-09-26 17:00:00,4,0,1,1,28.7,32.575,70,8.9981,2011,26,0,17,511.5028
2011-09-26 18:00:00,4,0,1,1,27.06,30.305,83,7.0015,2011,26,0,18,391.3415
2011-09-26 19:00:00,4,0,1,1,27.06,30.305,82,6.0032,2011,26,0,19,342.9958
2011-09-26 20:00:00,4,0,1,1,26.24,28.79,89,8.9981,2011,26,0,20,196.50801
2011-09-26 21:00:00,4,0,1,1,26.24,28.79,89,8.9981,2011,26,0,21,146.02724
2011-09-26 22:00:00,4,0,1,1,25.42,27.275,94,8.9981,2011,26,0,22,90.44294
2011-09-26 23:00:00,4,0,1,1,25.42,27.275,94,8.9981,2011,26,0,23,36.414932
2011-09-27 00:00:00,4,0,1,1,25.42,27.275,94,8.9981,2011,27,1,0,35.761337
2011-09-27 01:00:00,4,0,1,1,25.42,27.275,94,11.0014,2011,27,1,1,18.767838
2011-09-27 02:00:00,4,0,1,1,25.42,27.275,94,7.0015,2011,27,1,2,9.701981
2011-09-27 03:00:00,4,0,1,2,25.42,27.275,94,0.0,2011,27,1,3,-6.8900604
2011-09-27 04:00:00,4,0,1,3,25.42,27.275,94,6.0032,2011,27,1,4,1.4936066
2011-09-27 05:00:00,4,0,1,3,25.42,27.275,94,6.0032,2011,27,1,5,14.580002
2011-09-27 06:00:00,4,0,1,2,25.42,27.275,94,7.0015,2011,27,1,6,101.97104
2011-09-27 07:00:00,4,0,1,2,25.42,27.275,94,7.0015,2011,27,1,7,257.71695
2011-09-27 08:00:00,4,0,1,2,26.24,28.79,89,7.0015,2011,27,1,8,417.62958
2011-09-27 09:00:00,4,0,1,3,26.24,28.79,89,12.998,2011,27,1,9,109.24469
2011-09-27 10:00:00,4,0,1,3,26.24,28.03,94,11.0014,2011,27,1,10,-0.14405823
2011-09-27 11:00:00,4,0,1,2,27.06,29.545,89,7.0015,2011,27,1,11,85.31825
2011-09-27 12:00:00,4,0,1,2,27.06,29.545,89,8.9981,2011,27,1,12,119.23185
2011-09-27 13:00:00,4,0,1,2,28.7,33.335,74,15.0013,2011,27,1,13,175.4669
2011-09-27 14:00:00,4,0,1,2,27.88,31.82,79,7.0015,2011,27,1,14,152.81604
2011-09-27 15:00:00,4,0,1,2,27.88,31.82,83,6.0032,2011,27,1,15,143.906
2011-09-27 16:00:00,4,0,1,2,27.06,30.305,83,12.998,2011,27,1,16,197.57742
2011-09-27 17:00:00,4,0,1,2,27.06,29.545,89,12.998,2011,27,1,17,348.33417
2011-09-27 18:00:00,4,0,1,2,26.24,28.79,89,15.0013,2011,27,1,18,317.94324
2011-09-27 19:00:00,4,0,1,2,26.24,28.79,89,8.9981,2011,27,1,19,246.32292
2011-09-27 20:00:00,4,0,1,1,25.42,29.545,78,0.0,2011,27,1,20,247.91463
2011-09-27 21:00:00,4,0,1,1,24.6,28.03,83,0.0,2011,27,1,21,174.69427
2011-09-27 22:00:00,4,0,1,1,24.6,27.275,88,6.0032,2011,27,1,22,129.58643
2011-09-27 23:00:00,4,0,1,1,24.6,27.275,88,6.0032,2011,27,1,23,71.512276
2011-09-28 00:00:00,4,0,1,1,24.6,27.275,88,0.0,2011,28,2,0,34.65193
2011-09-28 01:00:00,4,0,1,1,24.6,27.275,88,0.0,2011,28,2,1,17.24228
2011-09-28 02:00:00,4,0,1,1,24.6,27.275,88,16.9979,2011,28,2,2,19.363007
2011-09-28 03:00:00,4,0,1,2,24.6,25.76,94,6.0032,2011,28,2,3,2.7005768
2011-09-28 04:00:00,4,0,1,1,24.6,27.275,88,0.0,2011,28,2,4,9.4844055
2011-09-28 05:00:00,4,0,1,2,24.6,25.76,94,0.0,2011,28,2,5,7.342758
2011-09-28 06:00:00,4,0,1,3,24.6,25.76,94,11.0014,2011,28,2,6,83.46338
2011-09-28 07:00:00,4,0,1,3,24.6,25.76,94,11.0014,2011,28,2,7,154.25949
2011-09-28 08:00:00,4,0,1,3,25.42,27.275,94,15.0013,2011,28,2,8,312.5625
2011-09-28 09:00:00,4,0,1,3,25.42,27.275,94,15.0013,2011,28,2,9,93.128456
2011-09-28 10:00:00,4,0,1,2,25.42,27.275,94,0.0,2011,28,2,10,60.778793
2011-09-28 11:00:00,4,0,1,2,27.06,30.305,83,7.0015,2011,28,2,11,103.622116
2011-09-28 12:00:00,4,0,1,2,27.88,31.82,79,0.0,2011,28,2,12,171.1121
2011-09-28 13:00:00,4,0,1,1,28.7,33.335,74,16.9979,2011,28,2,13,186.05685
2011-09-28 14:00:00,4,0,1,1,29.52,34.09,62,16.9979,2011,28,2,14,174.26602
2011-09-28 15:00:00,4,0,1,1,28.7,32.575,70,8.9981,2011,28,2,15,189.50247
2011-09-28 16:00:00,4,0,1,1,28.7,32.575,70,12.998,2011,28,2,16,293.3482
2011-09-28 17:00:00,4,0,1,1,28.7,32.575,70,15.0013,2011,28,2,17,503.0358
2011-09-28 18:00:00,4,0,1,3,27.06,30.305,83,16.9979,2011,28,2,18,269.2099
2011-09-28 19:00:00,4,0,1,3,27.06,30.305,83,16.9979,2011,28,2,19,188.76195
2011-09-28 20:00:00,4,0,1,3,24.6,28.03,83,19.9995,2011,28,2,20,139.5674
2011-09-28 21:00:00,4,0,1,3,24.6,27.275,88,16.9979,2011,28,2,21,100.37304
2011-09-28 22:00:00,4,0,1,1,24.6,27.275,88,6.0032,2011,28,2,22,133.28435
2011-09-28 23:00:00,4,0,1,1,24.6,25.76,94,8.9981,2011,28,2,23,61.988464
2011-09-29 00:00:00,4,0,1,1,24.6,25.76,94,12.998,2011,29,3,0,53.30928
2011-09-29 01:00:00,4,0,1,2,24.6,25.0,100,12.998,2011,29,3,1,24.927475
2011-09-29 02:00:00,4,0,1,2,24.6,25.0,100,12.998,2011,29,3,2,19.369888
2011-09-29 03:00:00,4,0,1,2,24.6,25.76,94,12.998,2011,29,3,3,17.837982
2011-09-29 04:00:00,4,0,1,2,24.6,27.275,88,12.998,2011,29,3,4,20.878326
2011-09-29 05:00:00,4,0,1,2,24.6,27.275,88,7.0015,2011,29,3,5,30.695633
2011-09-29 06:00:00,4,0,1,2,24.6,27.275,88,6.0032,2011,29,3,6,115.77152
2011-09-29 07:00:00,4,0,1,1,24.6,27.275,88,8.9981,2011,29,3,7,301.71304
2011-09-29 08:00:00,4,0,1,1,24.6,28.03,83,0.0,2011,29,3,8,457.29913
2011-09-29 09:00:00,4,0,1,1,25.42,29.545,78,16.9979,2011,29,3,9,229.18726
2011-09-29 10:00:00,4,0,1,1,26.24,30.305,65,12.998,2011,29,3,10,142.91844
2011-09-29 11:00:00,4,0,1,1,25.42,30.305,61,12.998,2011,29,3,11,148.09021
2011-09-29 12:00:00,4,0,1,1,27.06,31.06,61,11.0014,2011,29,3,12,192.95665
2011-09-29 13:00:00,4,0,1,1,26.24,31.06,61,12.998,2011,29,3,13,189.85927
2011-09-29 14:00:00,4,0,1,1,27.88,31.82,51,19.9995,2011,29,3,14,177.37436
2011-09-29 15:00:00,4,0,1,1,27.88,31.82,45,26.0027,2011,29,3,15,182.7969
2011-09-29 16:00:00,4,0,1,1,27.88,31.82,41,23.9994,2011,29,3,16,311.73364
2011-09-29 17:00:00,4,0,1,1,27.06,31.06,47,19.9995,2011,29,3,17,513.6998
2011-09-29 18:00:00,4,0,1,1,26.24,31.06,41,15.0013,2011,29,3,18,526.2892
2011-09-29 19:00:00,4,0,1,1,25.42,31.06,50,6.0032,2011,29,3,19,376.83423
2011-09-29 20:00:00,4,0,1,1,24.6,31.06,53,6.0032,2011,29,3,20,292.64474
2011-09-29 21:00:00,4,0,1,1,23.78,27.275,56,0.0,2011,29,3,21,210.75143
2011-09-29 22:00:00,4,0,1,1,22.96,26.515,68,0.0,2011,29,3,22,173.20816
2011-09-29 23:00:00,4,0,1,1,21.32,25.0,77,7.0015,2011,29,3,23,94.00294
2011-09-30 00:00:00,4,0,1,1,21.32,25.0,83,7.0015,2011,30,4,0,52.842606
2011-09-30 01:00:00,4,0,1,1,21.32,25.0,77,6.0032,2011,30,4,1,24.750519
2011-09-30 02:00:00,4,0,1,1,21.32,25.0,83,7.0015,2011,30,4,2,17.89708
2011-09-30 03:00:00,4,0,1,1,21.32,25.0,83,7.0015,2011,30,4,3,11.837357
2011-09-30 04:00:00,4,0,1,1,21.32,25.0,83,12.998,2011,30,4,4,11.976212
2011-09-30 05:00:00,4,0,1,1,21.32,25.0,83,12.998,2011,30,4,5,25.466629
2011-09-30 06:00:00,4,0,1,1,21.32,25.0,83,15.0013,2011,30,4,6,101.75565
2011-09-30 07:00:00,4,0,1,1,21.32,25.0,83,15.0013,2011,30,4,7,262.7041
2011-09-30 08:00:00,4,0,1,1,22.14,25.76,77,8.9981,2011,30,4,8,396.67215
2011-09-30 09:00:00,4,0,1,1,22.96,26.515,73,12.998,2011,30,4,9,236.29056
2011-09-30 10:00:00,4,0,1,1,24.6,30.305,64,0.0,2011,30,4,10,169.46532
2011-09-30 11:00:00,4,0,1,1,26.24,31.06,57,6.0032,2011,30,4,11,187.53697
2011-09-30 12:00:00,4,0,1,2,26.24,31.06,57,12.998,2011,30,4,12,222.54749
2011-09-30 13:00:00,4,0,1,2,27.06,31.06,47,22.0028,2011,30,4,13,221.12198
2011-09-30 14:00:00,4,0,1,2,26.24,31.06,47,19.9995,2011,30,4,14,204.36339
2011-09-30 15:00:00,4,0,1,1,26.24,31.06,50,19.0012,2011,30,4,15,231.07071
2011-09-30 16:00:00,4,0,1,1,25.42,31.06,53,15.0013,2011,30,4,16,338.2462
2011-09-30 17:00:00,4,0,1,1,25.42,31.06,53,12.998,2011,30,4,17,515.48676
2011-09-30 18:00:00,4,0,1,1,23.78,27.275,49,23.9994,2011,30,4,18,446.2608
2011-09-30 19:00:00,4,0,1,1,22.14,25.76,52,19.0012,2011,30,4,19,285.42035
2011-09-30 20:00:00,4,0,1,1,22.14,25.76,52,19.0012,2011,30,4,20,211.08276
2011-09-30 21:00:00,4,0,1,1,21.32,25.0,55,12.998,2011,30,4,21,173.44145
2011-09-30 22:00:00,4,0,1,1,21.32,25.0,55,22.0028,2011,30,4,22,128.01894
2011-09-30 23:00:00,4,0,1,1,21.32,25.0,55,22.0028,2011,30,4,23,99.098015
2011-10-20 00:00:00,4,0,1,1,22.96,26.515,94,19.9995,2011,20,3,0,58.171875
2011-10-20 01:00:00,4,0,1,1,22.96,26.515,88,23.9994,2011,20,3,1,39.632416
2011-10-20 02:00:00,4,0,1,1,22.96,26.515,88,30.0026,2011,20,3,2,52.145035
2011-10-20 03:00:00,4,0,1,1,20.5,24.24,82,31.0009,2011,20,3,3,17.860764
2011-10-20 04:00:00,4,0,1,1,20.5,24.24,82,31.0009,2011,20,3,4,17.860764
2011-10-20 05:00:00,4,0,1,1,19.68,23.485,82,23.9994,2011,20,3,5,40.47821
2011-10-20 06:00:00,4,0,1,1,18.04,21.97,82,27.9993,2011,20,3,6,115.9382
2011-10-20 07:00:00,4,0,1,1,17.22,21.21,77,30.0026,2011,20,3,7,305.1338
2011-10-20 08:00:00,4,0,1,1,18.04,21.97,67,35.0008,2011,20,3,8,428.29218
2011-10-20 09:00:00,4,0,1,1,18.04,21.97,67,39.0007,2011,20,3,9,208.60873
2011-10-20 10:00:00,4,0,1,1,18.86,22.725,59,30.0026,2011,20,3,10,157.07417
2011-10-20 11:00:00,4,0,1,1,19.68,23.485,55,35.0008,2011,20,3,11,167.83838
2011-10-20 12:00:00,4,0,1,1,19.68,23.485,48,35.0008,2011,20,3,12,194.16231
2011-10-20 13:00:00,4,0,1,1,20.5,24.24,45,39.0007,2011,20,3,13,182.72824
2011-10-20 14:00:00,4,0,1,2,19.68,23.485,48,36.9974,2011,20,3,14,134.36987
2011-10-20 15:00:00,4,0,1,2,19.68,23.485,51,30.0026,2011,20,3,15,153.02884
2011-10-20 16:00:00,4,0,1,2,19.68,23.485,51,30.0026,2011,20,3,16,223.65002
2011-10-20 17:00:00,4,0,1,2,19.68,23.485,48,26.0027,2011,20,3,17,412.20526
2011-10-20 18:00:00,4,0,1,2,18.86,22.725,51,19.9995,2011,20,3,18,370.98346
2011-10-20 19:00:00,4,0,1,1,18.86,22.725,51,23.9994,2011,20,3,19,267.3553
2011-10-20 20:00:00,4,0,1,2,18.86,22.725,51,22.0028,2011,20,3,20,171.949
2011-10-20 21:00:00,4,0,1,1,18.04,21.97,51,19.9995,2011,20,3,21,150.0275
2011-10-20 22:00:00,4,0,1,1,18.04,21.97,51,22.0028,2011,20,3,22,112.027916
2011-10-20 23:00:00,4,0,1,1,17.22,21.21,58,16.9979,2011,20,3,23,90.729935
2011-10-21 00:00:00,4,0,1,1,16.4,20.455,62,16.9979,2011,21,4,0,39.266464
2011-10-21 01:00:00,4,0,1,1,16.4,20.455,62,15.0013,2011,21,4,1,16.411667
2011-10-21 02:00:00,4,0,1,1,15.58,19.695,66,11.0014,2011,21,4,2,9.9787445
2011-10-21 03:00:00,4,0,1,1,14.76,17.425,71,8.9981,2011,21,4,3,2.7296143
2011-10-21 04:00:00,4,0,1,1,14.76,17.425,71,11.0014,2011,21,4,4,1.3397064
2011-10-21 05:00:00,4,0,1,1,13.94,16.665,76,12.998,2011,21,4,5,14.272079
2011-10-21 06:00:00,4,0,1,1,14.76,17.425,71,11.0014,2011,21,4,6,82.1289
2011-10-21 07:00:00,4,0,1,1,14.76,17.425,71,11.0014,2011,21,4,7,250.73053
2011-10-21 08:00:00,4,0,1,1,16.4,20.455,62,12.998,2011,21,4,8,379.01788
2011-10-21 09:00:00,4,0,1,2,17.22,21.21,58,8.9981,2011,21,4,9,206.20828
2011-10-21 10:00:00,4,0,1,1,18.86,22.725,51,11.0014,2011,21,4,10,165.56898
2011-10-21 11:00:00,4,0,1,1,20.5,24.24,45,15.0013,2011,21,4,11,193.40265
2011-10-21 12:00:00,4,0,1,1,20.5,24.24,45,19.9995,2011,21,4,12,233.00395
2011-10-21 13:00:00,4,0,1,1,19.68,23.485,48,22.0028,2011,21,4,13,222.40295
2011-10-21 14:00:00,4,0,1,1,21.32,25.0,42,19.9995,2011,21,4,14,227.34805
2011-10-21 15:00:00,4,0,1,1,20.5,24.24,45,19.0012,2011,21,4,15,224.88155
2011-10-21 16:00:00,4,0,1,1,20.5,24.24,45,16.9979,2011,21,4,16,287.0516
2011-10-21 17:00:00,4,0,1,2,18.86,22.725,51,16.9979,2011,21,4,17,379.66547
2011-10-21 18:00:00,4,0,1,2,18.04,21.97,54,16.9979,2011,21,4,18,335.552
2011-10-21 19:00:00,4,0,1,2,18.04,21.97,54,26.0027,2011,21,4,19,209.80836
2011-10-21 20:00:00,4,0,1,2,18.04,21.97,54,15.0013,2011,21,4,20,153.60706
2011-10-21 21:00:00,4,0,1,1,17.22,21.21,58,11.0014,2011,21,4,21,143.58344
2011-10-21 22:00:00,4,0,1,1,17.22,21.21,54,11.0014,2011,21,4,22,120.346306
2011-10-21 23:00:00,4,0,1,1,16.4,20.455,62,15.0013,2011,21,4,23,93.29744
2011-10-22 00:00:00,4,0,0,1,16.4,20.455,62,12.998,2011,22,5,0,75.6605
2011-10-22 01:00:00,4,0,0,1,16.4,20.455,62,12.998,2011,22,5,1,59.146423
2011-10-22 02:00:00,4,0,0,1,16.4,20.455,62,16.9979,2011,22,5,2,46.58162
2011-10-22 03:00:00,4,0,0,1,16.4,20.455,62,8.9981,2011,22,5,3,18.64293
2011-10-22 04:00:00,4,0,0,1,15.58,19.695,66,6.0032,2011,22,5,4,1.7781067
2011-10-22 05:00:00,4,0,0,1,15.58,19.695,66,0.0,2011,22,5,5,1.9421844
2011-10-22 06:00:00,4,0,0,1,14.76,18.94,71,0.0,2011,22,5,6,9.610962
2011-10-22 07:00:00,4,0,0,1,14.76,18.18,76,7.0015,2011,22,5,7,59.85573
2011-10-22 08:00:00,4,0,0,1,16.4,20.455,71,0.0,2011,22,5,8,110.30508
2011-10-22 09:00:00,4,0,0,1,17.22,21.21,67,6.0032,2011,22,5,9,189.78671
2011-10-22 10:00:00,4,0,0,2,18.04,21.97,62,7.0015,2011,22,5,10,206.76556
2011-10-22 11:00:00,4,0,0,2,18.04,21.97,62,7.0015,2011,22,5,11,258.1777
2011-10-22 12:00:00,4,0,0,1,18.86,22.725,55,6.0032,2011,22,5,12,311.62473
2011-10-22 13:00:00,4,0,0,1,20.5,24.24,45,0.0,2011,22,5,13,345.81378
2011-10-22 14:00:00,4,0,0,2,19.68,23.485,48,15.0013,2011,22,5,14,300.67792
2011-10-22 15:00:00,4,0,0,1,19.68,23.485,51,15.0013,2011,22,5,15,321.66943
2011-10-22 16:00:00,4,0,0,1,20.5,24.24,45,12.998,2011,22,5,16,346.3942
2011-10-22 17:00:00,4,0,0,1,18.86,22.725,55,8.9981,2011,22,5,17,279.06396
2011-10-22 18:00:00,4,0,0,1,18.04,21.97,54,6.0032,2011,22,5,18,249.91566
2011-10-22 19:00:00,4,0,0,1,18.04,21.97,67,0.0,2011,22,5,19,213.90457
2011-10-22 20:00:00,4,0,0,1,17.22,21.21,67,0.0,2011,22,5,20,148.32492
2011-10-22 21:00:00,4,0,0,1,16.4,20.455,76,0.0,2011,22,5,21,122.80845
2011-10-22 22:00:00,4,0,0,1,16.4,20.455,76,0.0,2011,22,5,22,98.58736
2011-10-22 23:00:00,4,0,0,1,15.58,19.695,82,0.0,2011,22,5,23,80.5569
2011-10-23 00:00:00,4,0,0,1,14.76,18.94,87,0.0,2011,23,6,0,87.62631
2011-10-23 01:00:00,4,0,0,1,14.76,18.94,87,0.0,2011,23,6,1,74.20243
2011-10-23 02:00:00,4,0,0,1,13.94,17.425,87,6.0032,2011,23,6,2,60.93579
2011-10-23 03:00:00,4,0,0,1,13.94,18.18,87,0.0,2011,23,6,3,29.33931
2011-10-23 04:00:00,4,0,0,1,13.94,18.18,87,0.0,2011,23,6,4,6.2565613
2011-10-23 05:00:00,4,0,0,1,13.12,17.425,87,0.0,2011,23,6,5,1.2323914
2011-10-23 06:00:00,4,0,0,1,13.12,16.665,87,7.0015,2011,23,6,6,2.3927917
2011-10-23 07:00:00,4,0,0,1,13.94,17.425,87,6.0032,2011,23,6,7,48.95877
2011-10-23 08:00:00,4,0,0,1,14.76,17.425,87,8.9981,2011,23,6,8,75.60353
2011-10-23 09:00:00,4,0,0,1,16.4,20.455,76,0.0,2011,23,6,9,157.1997
2011-10-23 10:00:00,4,0,0,1,17.22,21.21,71,6.0032,2011,23,6,10,214.95143
2011-10-23 11:00:00,4,0,0,1,18.86,22.725,72,11.0014,2011,23,6,11,275.03424
2011-10-23 12:00:00,4,0,0,1,20.5,24.24,59,16.9979,2011,23,6,12,342.00763
2011-10-23 13:00:00,4,0,0,1,21.32,25.0,55,12.998,2011,23,6,13,345.94955
2011-10-23 14:00:00,4,0,0,1,21.32,25.0,55,15.0013,2011,23,6,14,327.25
2011-10-23 15:00:00,4,0,0,1,21.32,25.0,52,11.0014,2011,23,6,15,325.10025
2011-10-23 16:00:00,4,0,0,1,21.32,25.0,55,12.998,2011,23,6,16,336.35608
2011-10-23 17:00:00,4,0,0,1,20.5,24.24,63,8.9981,2011,23,6,17,310.8251
2011-10-23 18:00:00,4,0,0,1,20.5,24.24,63,7.0015,2011,23,6,18,284.56277
2011-10-23 19:00:00,4,0,0,1,18.86,22.725,77,0.0,2011,23,6,19,193.71384
2011-10-23 20:00:00,4,0,0,1,18.04,21.97,72,6.0032,2011,23,6,20,133.34383
2011-10-23 21:00:00,4,0,0,1,18.04,21.97,72,6.0032,2011,23,6,21,106.440636
2011-10-23 22:00:00,4,0,0,1,17.22,21.21,77,7.0015,2011,23,6,22,88.950165
2011-10-23 23:00:00,4,0,0,1,17.22,21.21,77,11.0014,2011,23,6,23,74.19278
2011-10-24 00:00:00,4,0,1,1,17.22,21.21,77,0.0,2011,24,0,0,17.935867
2011-10-24 01:00:00,4,0,1,1,16.4,20.455,82,8.9981,2011,24,0,1,12.26236
2011-10-24 02:00:00,4,0,1,1,16.4,20.455,87,7.0015,2011,24,0,2,8.037704
2011-10-24 03:00:00,4,0,1,1,16.4,20.455,82,6.0032,2011,24,0,3,6.255951
2011-10-24 04:00:00,4,0,1,1,16.4,20.455,82,0.0,2011,24,0,4,0.9131317
2011-10-24 05:00:00,4,0,1,1,15.58,19.695,87,0.0,2011,24,0,5,16.530746
2011-10-24 06:00:00,4,0,1,1,16.4,20.455,87,7.0015,2011,24,0,6,98.35673
2011-10-24 07:00:00,4,0,1,2,15.58,19.695,94,7.0015,2011,24,0,7,257.65674
2011-10-24 08:00:00,4,0,1,2,17.22,21.21,88,11.0014,2011,24,0,8,398.6399
2011-10-24 09:00:00,4,0,1,2,18.04,21.97,82,11.0014,2011,24,0,9,210.6551
2011-10-24 10:00:00,4,0,1,2,18.86,22.725,82,16.9979,2011,24,0,10,136.47827
2011-10-24 11:00:00,4,0,1,2,20.5,24.24,72,11.0014,2011,24,0,11,134.1246
2011-10-24 12:00:00,4,0,1,2,21.32,25.0,68,7.0015,2011,24,0,12,159.69882
2011-10-24 13:00:00,4,0,1,2,22.14,25.76,64,15.0013,2011,24,0,13,156.42918
2011-10-24 14:00:00,4,0,1,2,22.14,25.76,64,12.998,2011,24,0,14,146.63565
2011-10-24 15:00:00,4,0,1,1,22.96,26.515,60,11.0014,2011,24,0,15,183.0893
2011-10-24 16:00:00,4,0,1,1,22.14,25.76,64,12.998,2011,24,0,16,249.35402
2011-10-24 17:00:00,4,0,1,1,21.32,25.0,68,8.9981,2011,24,0,17,464.47552
2011-10-24 18:00:00,4,0,1,1,22.14,25.76,60,6.0032,2011,24,0,18,450.48715
2011-10-24 19:00:00,4,0,1,3,19.68,23.485,82,0.0,2011,24,0,19,206.81943
2011-10-24 20:00:00,4,0,1,1,19.68,23.485,82,7.0015,2011,24,0,20,226.78223
2011-10-24 21:00:00,4,0,1,1,18.86,22.725,87,7.0015,2011,24,0,21,145.3316
2011-10-24 22:00:00,4,0,1,1,19.68,23.485,75,11.0014,2011,24,0,22,122.47857
2011-10-24 23:00:00,4,0,1,1,18.86,22.725,77,6.0032,2011,24,0,23,63.255844
2011-10-25 00:00:00,4,0,1,1,18.04,21.97,77,8.9981,2011,25,1,0,29.357635
2011-10-25 01:00:00,4,0,1,1,18.04,21.97,77,8.9981,2011,25,1,1,15.258972
2011-10-25 02:00:00,4,0,1,1,17.22,21.21,82,8.9981,2011,25,1,2,10.781372
2011-10-25 03:00:00,4,0,1,1,16.4,20.455,87,0.0,2011,25,1,3,2.20224
2011-10-25 04:00:00,4,0,1,1,15.58,19.695,87,8.9981,2011,25,1,4,6.817917
2011-10-25 05:00:00,4,0,1,1,15.58,19.695,87,8.9981,2011,25,1,5,23.083023
2011-10-25 06:00:00,4,0,1,1,15.58,19.695,82,7.0015,2011,25,1,6,100.91406
2011-10-25 07:00:00,4,0,1,1,16.4,20.455,76,12.998,2011,25,1,7,286.78345
2011-10-25 08:00:00,4,0,1,1,18.04,21.97,72,0.0,2011,25,1,8,420.2923
2011-10-25 09:00:00,4,0,1,1,19.68,23.485,55,15.0013,2011,25,1,9,219.87737
2011-10-25 10:00:00,4,0,1,1,20.5,24.24,51,16.9979,2011,25,1,10,138.14383
2011-10-25 11:00:00,4,0,1,1,21.32,25.0,48,19.0012,2011,25,1,11,146.2998
2011-10-25 12:00:00,4,0,1,1,22.14,25.76,39,23.9994,2011,25,1,12,186.56223
2011-10-25 13:00:00,4,0,1,1,22.96,26.515,37,26.0027,2011,25,1,13,195.41414
2011-10-25 14:00:00,4,0,1,1,22.96,26.515,40,16.9979,2011,25,1,14,178.383
2011-10-25 15:00:00,4,0,1,1,22.96,26.515,37,7.0015,2011,25,1,15,195.18163
2011-10-25 16:00:00,4,0,1,1,22.96,26.515,37,12.998,2011,25,1,16,294.6584
2011-10-25 17:00:00,4,0,1,1,22.96,26.515,37,7.0015,2011,25,1,17,532.2081
2011-10-25 18:00:00,4,0,1,1,21.32,25.0,42,7.0015,2011,25,1,18,453.0945
2011-10-25 19:00:00,4,0,1,1,19.68,23.485,67,12.998,2011,25,1,19,306.95795
2011-10-25 20:00:00,4,0,1,1,18.86,22.725,67,7.0015,2011,25,1,20,201.87144
2011-10-25 21:00:00,4,0,1,1,18.04,21.97,72,8.9981,2011,25,1,21,158.78851
2011-10-25 22:00:00,4,0,1,1,18.86,22.725,67,12.998,2011,25,1,22,123.68325
2011-10-25 23:00:00,4,0,1,1,18.04,21.97,72,8.9981,2011,25,1,23,79.6902
2011-10-26 00:00:00,4,0,1,1,18.04,21.97,72,12.998,2011,26,2,0,23.845154
2011-10-26 01:00:00,4,0,1,1,18.04,21.97,67,16.9979,2011,26,2,1,9.893585
2011-10-26 02:00:00,4,0,1,1,18.04,21.97,67,11.0014,2011,26,2,2,5.943405
2011-10-26 03:00:00,4,0,1,1,18.04,21.97,67,15.0013,2011,26,2,3,3.334015
2011-10-26 04:00:00,4,0,1,1,17.22,21.21,71,16.9979,2011,26,2,4,4.527817
2011-10-26 05:00:00,4,0,1,1,17.22,21.21,71,15.0013,2011,26,2,5,20.329315
2011-10-26 06:00:00,4,0,1,1,17.22,21.21,71,15.0013,2011,26,2,6,97.270966
2011-10-26 07:00:00,4,0,1,1,17.22,21.21,71,11.0014,2011,26,2,7,292.96942
2011-10-26 08:00:00,4,0,1,2,18.04,21.97,67,12.998,2011,26,2,8,402.3916
2011-10-26 09:00:00,4,0,1,2,19.68,23.485,63,15.0013,2011,26,2,9,214.5292
2011-10-26 10:00:00,4,0,1,2,21.32,25.0,62,16.9979,2011,26,2,10,130.82489
2011-10-26 11:00:00,4,0,1,1,21.32,25.0,59,22.0028,2011,26,2,11,140.47855
2011-10-26 12:00:00,4,0,1,3,23.78,27.275,53,15.0013,2011,26,2,12,122.655914
2011-10-26 13:00:00,4,0,1,3,22.96,26.515,60,7.0015,2011,26,2,13,112.6487
2011-10-26 14:00:00,4,0,1,2,21.32,25.0,77,0.0,2011,26,2,14,131.62402
2011-10-26 15:00:00,4,0,1,2,21.32,25.0,77,0.0,2011,26,2,15,144.81816
2011-10-26 16:00:00,4,0,1,2,21.32,25.0,77,6.0032,2011,26,2,16,222.12796
2011-10-26 17:00:00,4,0,1,2,21.32,25.0,77,7.0015,2011,26,2,17,418.7046
2011-10-26 18:00:00,4,0,1,1,21.32,25.0,77,11.0014,2011,26,2,18,425.9707
2011-10-26 19:00:00,4,0,1,1,20.5,24.24,82,0.0,2011,26,2,19,295.73035
2011-10-26 20:00:00,4,0,1,1,20.5,24.24,88,0.0,2011,26,2,20,209.87337
2011-10-26 21:00:00,4,0,1,2,21.32,25.0,77,0.0,2011,26,2,21,147.41998
2011-10-26 22:00:00,4,0,1,2,19.68,23.485,88,6.0032,2011,26,2,22,118.6696
2011-10-26 23:00:00,4,0,1,2,19.68,23.485,88,6.0032,2011,26,2,23,65.935745
2011-10-27 00:00:00,4,0,1,1,18.86,22.725,94,0.0,2011,27,3,0,37.450073
2011-10-27 01:00:00,4,0,1,1,18.86,22.725,94,0.0,2011,27,3,1,18.091812
2011-10-27 02:00:00,4,0,1,3,18.86,22.725,94,0.0,2011,27,3,2,-1.2384644
2011-10-27 03:00:00,4,0,1,3,18.86,22.725,94,0.0,2011,27,3,3,-2.5384064
2011-10-27 04:00:00,4,0,1,3,19.68,23.485,88,0.0,2011,27,3,4,5.481262
2011-10-27 05:00:00,4,0,1,3,19.68,23.485,88,6.0032,2011,27,3,5,21.21965
2011-10-27 06:00:00,4,0,1,3,20.5,24.24,82,0.0,2011,27,3,6,84.84926
2011-10-27 07:00:00,4,0,1,2,18.86,22.725,94,6.0032,2011,27,3,7,258.0683
2011-10-27 08:00:00,4,0,1,3,19.68,23.485,88,12.998,2011,27,3,8,300.55798
2011-10-27 09:00:00,4,0,1,2,20.5,24.24,82,11.0014,2011,27,3,9,233.9018
2011-10-27 10:00:00,4,0,1,3,20.5,24.24,88,12.998,2011,27,3,10,62.69513
2011-10-27 11:00:00,4,0,1,3,20.5,24.24,88,8.9981,2011,27,3,11,73.031334
2011-10-27 12:00:00,4,0,1,3,20.5,24.24,88,8.9981,2011,27,3,12,87.81566
2011-10-27 13:00:00,4,0,1,2,20.5,24.24,88,11.0014,2011,27,3,13,141.88556
2011-10-27 14:00:00,4,0,1,2,21.32,25.0,83,0.0,2011,27,3,14,122.60158
2011-10-27 15:00:00,4,0,1,2,21.32,25.0,83,7.0015,2011,27,3,15,139.96295
2011-10-27 16:00:00,4,0,1,2,22.96,26.515,73,11.0014,2011,27,3,16,254.22247
2011-10-27 17:00:00,4,0,1,2,20.5,24.24,72,31.0009,2011,27,3,17,376.61902
2011-10-27 18:00:00,4,0,1,2,19.68,23.485,67,31.0009,2011,27,3,18,373.68265
2011-10-27 19:00:00,4,0,1,2,18.04,21.97,67,31.0009,2011,27,3,19,229.13141
2011-10-27 20:00:00,4,0,1,1,17.22,21.21,67,32.9975,2011,27,3,20,189.2564
2011-10-27 21:00:00,4,0,1,1,16.4,20.455,62,35.0008,2011,27,3,21,144.62672
2011-10-27 22:00:00,4,0,1,1,14.76,15.91,66,32.9975,2011,27,3,22,99.29054
2011-10-27 23:00:00,4,0,1,1,13.94,15.15,61,27.9993,2011,27,3,23,65.90173
2011-10-28 00:00:00,4,0,1,1,13.94,15.91,66,16.9979,2011,28,4,0,34.36322
2011-10-28 01:00:00,4,0,1,1,13.12,15.15,66,16.9979,2011,28,4,1,9.239502
2011-10-28 02:00:00,4,0,1,1,13.12,15.15,66,19.0012,2011,28,4,2,6.863144
2011-10-28 03:00:00,4,0,1,1,12.3,14.395,70,19.0012,2011,28,4,3,0.35090637
2011-10-28 04:00:00,4,0,1,1,12.3,14.395,65,19.0012,2011,28,4,4,4.8806458
2011-10-28 05:00:00,4,0,1,2,12.3,14.395,61,16.9979,2011,28,4,5,14.734589
2011-10-28 06:00:00,4,0,1,1,11.48,13.635,65,16.9979,2011,28,4,6,77.27356
2011-10-28 07:00:00,4,0,1,1,11.48,13.635,65,16.9979,2011,28,4,7,237.38292
2011-10-28 08:00:00,4,0,1,1,12.3,14.395,61,19.0012,2011,28,4,8,383.1838
2011-10-28 09:00:00,4,0,1,1,13.12,15.15,57,15.0013,2011,28,4,9,197.15288
2011-10-28 10:00:00,4,0,1,1,13.94,15.91,57,15.0013,2011,28,4,10,146.4266
2011-10-28 11:00:00,4,0,1,1,14.76,17.425,50,15.0013,2011,28,4,11,152.58214
2011-10-28 12:00:00,4,0,1,2,15.58,19.695,40,11.0014,2011,28,4,12,161.81992
2011-10-28 13:00:00,4,0,1,2,15.58,19.695,42,15.0013,2011,28,4,13,160.07556
2011-10-28 14:00:00,4,0,1,2,14.76,17.425,46,12.998,2011,28,4,14,145.6914
2011-10-28 15:00:00,4,0,1,2,14.76,16.665,43,16.9979,2011,28,4,15,162.38257
2011-10-28 16:00:00,4,0,1,2,14.76,17.425,46,11.0014,2011,28,4,16,220.0697
2011-10-28 17:00:00,4,0,1,2,14.76,17.425,50,8.9981,2011,28,4,17,351.96457
2011-10-28 18:00:00,4,0,1,2,14.76,17.425,53,11.0014,2011,28,4,18,312.84348
2011-10-28 19:00:00,4,0,1,2,14.76,17.425,50,8.9981,2011,28,4,19,200.75949
2011-10-28 20:00:00,4,0,1,3,13.94,15.91,61,15.0013,2011,28,4,20,78.53117
2011-10-28 21:00:00,4,0,1,3,13.12,15.91,70,11.0014,2011,28,4,21,62.538193
2011-10-28 22:00:00,4,0,1,3,12.3,14.395,75,19.0012,2011,28,4,22,24.24968
2011-10-28 23:00:00,4,0,1,3,12.3,13.635,81,22.0028,2011,28,4,23,17.47612
2011-10-29 00:00:00,4,0,0,3,11.48,12.88,87,19.9995,2011,29,5,0,58.751816
2011-10-29 01:00:00,4,0,0,3,12.3,13.635,87,19.9995,2011,29,5,1,48.219864
2011-10-29 02:00:00,4,0,0,3,12.3,13.635,87,19.9995,2011,29,5,2,35.58223
2011-10-29 03:00:00,4,0,0,3,12.3,13.635,81,27.9993,2011,29,5,3,0.7891388
2011-10-29 04:00:00,4,0,0,3,12.3,13.635,81,27.9993,2011,29,5,4,-11.355988
2011-10-29 05:00:00,4,0,0,3,10.66,11.365,93,23.9994,2011,29,5,5,-15.404312
2011-10-29 06:00:00,4,0,0,3,10.66,11.365,87,23.9994,2011,29,5,6,-19.071472
2011-10-29 07:00:00,4,0,0,3,10.66,11.365,87,23.9994,2011,29,5,7,1.9058075
2011-10-29 08:00:00,4,0,0,3,11.48,12.88,87,23.9994,2011,29,5,8,38.43579
2011-10-29 09:00:00,4,0,0,3,11.48,12.88,87,23.9994,2011,29,5,9,70.370834
2011-10-29 10:00:00,4,0,0,3,10.66,11.365,93,22.0028,2011,29,5,10,90.5089
2011-10-29 11:00:00,4,0,0,3,10.66,11.365,93,26.0027,2011,29,5,11,128.3998
2011-10-29 12:00:00,4,0,0,3,9.84,9.85,87,32.9975,2011,29,5,12,144.92964
2011-10-29 13:00:00,4,0,0,3,9.84,9.85,87,35.0008,2011,29,5,13,127.54272
2011-10-29 14:00:00,4,0,0,3,9.84,9.85,87,30.0026,2011,29,5,14,147.11703
2011-10-29 15:00:00,4,0,0,3,9.02,10.605,93,16.9979,2011,29,5,15,156.31325
2011-10-29 16:00:00,4,0,0,3,9.02,9.85,93,22.0028,2011,29,5,16,137.89023
2011-10-29 17:00:00,4,0,0,3,9.02,9.85,93,22.0028,2011,29,5,17,125.77787
2011-10-29 18:00:00,4,0,0,3,9.02,9.85,93,22.0028,2011,29,5,18,96.96378
2011-10-29 19:00:00,4,0,0,1,9.84,10.605,87,23.9994,2011,29,5,19,138.49783
2011-10-29 20:00:00,4,0,0,1,9.84,10.605,87,23.9994,2011,29,5,20,87.19574
2011-10-29 21:00:00,4,0,0,1,9.84,10.605,87,23.9994,2011,29,5,21,75.38721
2011-10-29 22:00:00,4,0,0,1,9.02,10.605,87,15.0013,2011,29,5,22,55.520355
2011-10-29 23:00:00,4,0,0,1,9.02,11.365,87,12.998,2011,29,5,23,46.605133
2011-10-30 00:00:00,4,0,0,1,9.02,10.605,87,15.0013,2011,30,6,0,76.00597
2011-10-30 01:00:00,4,0,0,1,9.02,10.605,87,16.9979,2011,30,6,1,67.67
2011-10-30 02:00:00,4,0,0,1,9.02,10.605,87,19.0012,2011,30,6,2,56.397263
2011-10-30 03:00:00,4,0,0,1,9.84,10.605,75,23.9994,2011,30,6,3,16.129044
2011-10-30 04:00:00,4,0,0,1,9.02,9.85,80,22.0028,2011,30,6,4,-5.321167
2011-10-30 05:00:00,4,0,0,1,9.84,10.605,75,19.9995,2011,30,6,5,-3.571289
2011-10-30 06:00:00,4,0,0,1,9.84,11.365,75,16.9979,2011,30,6,6,-3.8602753
2011-10-30 07:00:00,4,0,0,1,9.84,14.395,75,0.0,2011,30,6,7,29.023819
2011-10-30 08:00:00,4,0,0,1,10.66,12.88,70,15.0013,2011,30,6,8,46.588715
2011-10-30 09:00:00,4,0,0,1,12.3,14.395,65,16.9979,2011,30,6,9,121.65222
2011-10-30 10:00:00,4,0,0,1,13.12,16.665,61,6.0032,2011,30,6,10,181.1811
2011-10-30 11:00:00,4,0,0,1,14.76,17.425,53,15.0013,2011,30,6,11,249.39676
2011-10-30 12:00:00,4,0,0,1,15.58,19.695,50,12.998,2011,30,6,12,283.80328
2011-10-30 13:00:00,4,0,0,1,16.4,20.455,43,15.0013,2011,30,6,13,293.204
2011-10-30 14:00:00,4,0,0,1,17.22,21.21,38,12.998,2011,30,6,14,310.19455
2011-10-30 15:00:00,4,0,0,1,17.22,21.21,35,11.0014,2011,30,6,15,305.74155
2011-10-30 16:00:00,4,0,0,1,17.22,21.21,32,8.9981,2011,30,6,16,297.53094
2011-10-30 17:00:00,4,0,0,1,16.4,20.455,35,7.0015,2011,30,6,17,268.94592
2011-10-30 18:00:00,4,0,0,1,14.76,17.425,40,8.9981,2011,30,6,18,213.86417
2011-10-30 19:00:00,4,0,0,1,22.96,26.515,49,19.9995,2011,30,6,19,265.61255
2011-10-30 20:00:00,4,0,0,1,13.94,18.18,57,0.0,2011,30,6,20,106.306404
2011-10-30 21:00:00,4,0,0,1,13.12,17.425,66,0.0,2011,30,6,21,79.64124
2011-10-30 22:00:00,4,0,0,1,12.3,16.665,75,0.0,2011,30,6,22,51.592636
2011-10-30 23:00:00,4,0,0,1,10.66,15.15,87,0.0,2011,30,6,23,30.58043
2011-10-31 00:00:00,4,0,1,1,10.66,15.15,87,0.0,2011,31,0,0,10.044693
2011-10-31 01:00:00,4,0,1,1,10.66,15.15,81,0.0,2011,31,0,1,2.2150116
2011-10-31 02:00:00,4,0,1,1,9.84,14.395,87,0.0,2011,31,0,2,-1.9558716
2011-10-31 03:00:00,4,0,1,1,9.84,12.88,87,7.0015,2011,31,0,3,1.340683
2011-10-31 04:00:00,4,0,1,1,9.84,14.395,87,0.0,2011,31,0,4,-3.656845
2011-10-31 05:00:00,4,0,1,1,9.02,13.635,93,0.0,2011,31,0,5,12.03363
2011-10-31 06:00:00,4,0,1,1,9.84,14.395,87,0.0,2011,31,0,6,81.497055
2011-10-31 07:00:00,4,0,1,1,9.84,14.395,93,0.0,2011,31,0,7,249.4508
2011-10-31 08:00:00,4,0,1,2,11.48,15.91,87,0.0,2011,31,0,8,400.68985
2011-10-31 09:00:00,4,0,1,2,13.12,15.91,76,11.0014,2011,31,0,9,186.48781
2011-10-31 10:00:00,4,0,1,2,14.76,17.425,57,11.0014,2011,31,0,10,115.05566
2011-10-31 11:00:00,4,0,1,1,16.4,20.455,50,8.9981,2011,31,0,11,131.75037
2011-10-31 12:00:00,4,0,1,1,17.22,21.21,44,15.0013,2011,31,0,12,164.40266
2011-10-31 13:00:00,4,0,1,2,18.04,21.97,44,15.0013,2011,31,0,13,148.01944
2011-10-31 14:00:00,4,0,1,2,18.04,21.97,47,15.0013,2011,31,0,14,136.2415
2011-10-31 15:00:00,4,0,1,1,18.04,21.97,47,11.0014,2011,31,0,15,163.01184
2011-10-31 16:00:00,4,0,1,1,17.22,21.21,54,11.0014,2011,31,0,16,225.15305
2011-10-31 17:00:00,4,0,1,1,17.22,21.21,54,8.9981,2011,31,0,17,418.60132
2011-10-31 18:00:00,4,0,1,1,16.4,20.455,66,6.0032,2011,31,0,18,379.27936
2011-10-31 19:00:00,4,0,1,1,16.4,20.455,66,6.0032,2011,31,0,19,270.75375
2011-10-31 20:00:00,4,0,1,1,16.4,20.455,66,6.0032,2011,31,0,20,183.79367
2011-10-31 21:00:00,4,0,1,2,14.76,17.425,76,12.998,2011,31,0,21,119.831345
2011-10-31 22:00:00,4,0,1,2,14.76,17.425,76,12.998,2011,31,0,22,82.235596
2011-10-31 23:00:00,4,0,1,2,14.76,17.425,76,12.998,2011,31,0,23,41.608658
2011-11-20 00:00:00,4,0,0,1,15.58,19.695,66,11.0014,2011,20,6,0,82.861244
2011-11-20 01:00:00,4,0,0,1,16.4,20.455,62,16.9979,2011,20,6,1,67.82427
2011-11-20 02:00:00,4,0,0,1,16.4,20.455,62,19.0012,2011,20,6,2,56.721146
2011-11-20 03:00:00,4,0,0,2,16.4,20.455,66,19.0012,2011,20,6,3,17.844162
2011-11-20 04:00:00,4,0,0,2,16.4,20.455,71,19.0012,2011,20,6,4,-5.6464233
2011-11-20 05:00:00,4,0,0,2,17.22,21.21,67,19.0012,2011,20,6,5,-1.9824524
2011-11-20 06:00:00,4,0,0,2,17.22,21.21,67,16.9979,2011,20,6,6,3.3007355
2011-11-20 07:00:00,4,0,0,1,17.22,21.21,67,15.0013,2011,20,6,7,76.60993
2011-11-20 08:00:00,4,0,0,2,17.22,21.21,71,19.0012,2011,20,6,8,87.331474
2011-11-20 09:00:00,4,0,0,1,18.04,21.97,72,11.0014,2011,20,6,9,165.56398
2011-11-20 10:00:00,4,0,0,2,18.04,21.97,72,7.0015,2011,20,6,10,186.40295
2011-11-20 11:00:00,4,0,0,2,20.5,24.24,63,7.0015,2011,20,6,11,274.0362
2011-11-20 12:00:00,4,0,0,2,20.5,24.24,63,8.9981,2011,20,6,12,308.33194
2011-11-20 13:00:00,4,0,0,2,22.14,25.76,60,12.998,2011,20,6,13,307.30444
2011-11-20 14:00:00,4,0,0,1,21.32,25.0,63,16.9979,2011,20,6,14,318.00574
2011-11-20 15:00:00,4,0,0,2,21.32,25.0,68,12.998,2011,20,6,15,277.34882
2011-11-20 16:00:00,4,0,0,2,21.32,25.0,63,8.9981,2011,20,6,16,305.9813
2011-11-20 17:00:00,4,0,0,2,21.32,25.0,63,12.998,2011,20,6,17,295.01074
2011-11-20 18:00:00,4,0,0,2,22.14,25.76,64,12.998,2011,20,6,18,270.43427
2011-11-20 19:00:00,4,0,0,2,20.5,24.24,72,7.0015,2011,20,6,19,210.03104
2011-11-20 20:00:00,4,0,0,2,21.32,25.0,68,7.0015,2011,20,6,20,151.45117
2011-11-20 21:00:00,4,0,0,2,19.68,23.485,77,6.0032,2011,20,6,21,101.21875
2011-11-20 22:00:00,4,0,0,3,18.86,22.725,88,6.0032,2011,20,6,22,37.39839
2011-11-20 23:00:00,4,0,0,3,18.86,22.725,88,6.0032,2011,20,6,23,32.192917
2011-11-21 00:00:00,4,0,1,2,18.86,22.725,94,0.0,2011,21,0,0,14.897522
2011-11-21 01:00:00,4,0,1,3,18.86,22.725,94,12.998,2011,21,0,1,5.590973
2011-11-21 02:00:00,4,0,1,3,18.04,21.97,100,12.998,2011,21,0,2,-5.001236
2011-11-21 03:00:00,4,0,1,3,18.04,21.97,100,8.9981,2011,21,0,3,-7.54245
2011-11-21 04:00:00,4,0,1,3,18.04,21.97,100,8.9981,2011,21,0,4,-7.54245
2011-11-21 05:00:00,4,0,1,2,18.04,21.97,100,0.0,2011,21,0,5,6.8380127
2011-11-21 06:00:00,4,0,1,2,17.22,21.21,100,0.0,2011,21,0,6,79.2917
2011-11-21 07:00:00,4,0,1,2,18.86,22.725,94,11.0014,2011,21,0,7,248.27353
2011-11-21 08:00:00,4,0,1,2,18.86,22.725,94,0.0,2011,21,0,8,369.9978
2011-11-21 09:00:00,4,0,1,2,19.68,23.485,94,7.0015,2011,21,0,9,175.95975
2011-11-21 10:00:00,4,0,1,2,21.32,25.0,83,0.0,2011,21,0,10,101.88656
2011-11-21 11:00:00,4,0,1,2,21.32,25.0,83,7.0015,2011,21,0,11,107.85535
2011-11-21 12:00:00,4,0,1,2,20.5,24.24,77,8.9981,2011,21,0,12,161.3527
2011-11-21 13:00:00,4,0,1,2,20.5,24.24,77,8.9981,2011,21,0,13,158.75415
2011-11-21 14:00:00,4,0,1,2,19.68,23.485,82,12.998,2011,21,0,14,148.55984
2011-11-21 15:00:00,4,0,1,3,18.04,21.97,94,15.0013,2011,21,0,15,35.45453
2011-11-21 16:00:00,4,0,1,3,18.04,21.97,94,15.0013,2011,21,0,16,74.14301
2011-11-21 17:00:00,4,0,1,3,17.22,21.21,94,19.9995,2011,21,0,17,164.7154
2011-11-21 18:00:00,4,0,1,3,17.22,21.21,88,12.998,2011,21,0,18,206.01236
2011-11-21 19:00:00,4,0,1,3,16.4,20.455,94,12.998,2011,21,0,19,143.32465
2011-11-21 20:00:00,4,0,1,3,16.4,20.455,87,15.0013,2011,21,0,20,105.75558
2011-11-21 21:00:00,4,0,1,3,16.4,20.455,87,11.0014,2011,21,0,21,96.85291
2011-11-21 22:00:00,4,0,1,3,16.4,20.455,87,8.9981,2011,21,0,22,73.53981
2011-11-21 23:00:00,4,0,1,3,16.4,20.455,87,11.0014,2011,21,0,23,46.042618
2011-11-22 00:00:00,4,0,1,3,15.58,19.695,94,7.0015,2011,22,1,0,-5.512039
2011-11-22 01:00:00,4,0,1,3,16.4,20.455,94,8.9981,2011,22,1,1,-3.96669
2011-11-22 02:00:00,4,0,1,3,15.58,19.695,100,7.0015,2011,22,1,2,-15.486404
2011-11-22 03:00:00,4,0,1,3,15.58,19.695,100,7.0015,2011,22,1,3,-16.786362
2011-11-22 04:00:00,4,0,1,3,15.58,19.695,94,11.0014,2011,22,1,4,-12.890457
2011-11-22 05:00:00,4,0,1,3,15.58,19.695,94,11.0014,2011,22,1,5,-0.26885986
2011-11-22 06:00:00,4,0,1,2,15.58,19.695,94,7.0015,2011,22,1,6,83.28829
2011-11-22 07:00:00,4,0,1,3,15.58,19.695,94,15.0013,2011,22,1,7,118.19297
2011-11-22 08:00:00,4,0,1,3,15.58,19.695,94,15.0013,2011,22,1,8,258.44073
2011-11-22 09:00:00,4,0,1,3,16.4,20.455,94,0.0,2011,22,1,9,100.483925
2011-11-22 10:00:00,4,0,1,3,16.4,20.455,94,0.0,2011,22,1,10,37.88504
2011-11-22 11:00:00,4,0,1,3,16.4,20.455,94,8.9981,2011,22,1,11,46.94281
2011-11-22 12:00:00,4,0,1,3,16.4,20.455,100,6.0032,2011,22,1,12,63.177032
2011-11-22 13:00:00,4,0,1,3,17.22,21.21,100,6.0032,2011,22,1,13,36.134125
2011-11-22 14:00:00,4,0,1,3,17.22,21.21,100,6.0032,2011,22,1,14,22.826874
2011-11-22 15:00:00,4,0,1,3,18.04,21.97,94,0.0,2011,22,1,15,26.509445
2011-11-22 16:00:00,4,0,1,3,18.04,21.97,94,0.0,2011,22,1,16,74.06621
2011-11-22 17:00:00,4,0,1,3,18.04,21.97,100,6.0032,2011,22,1,17,196.42717
2011-11-22 18:00:00,4,0,1,3,18.04,21.97,100,0.0,2011,22,1,18,161.97612
2011-11-22 19:00:00,4,0,1,3,18.86,22.725,94,7.0015,2011,22,1,19,128.33621
2011-11-22 20:00:00,4,0,1,2,18.86,22.725,100,15.0013,2011,22,1,20,118.61308
2011-11-22 21:00:00,4,0,1,2,18.86,22.725,100,16.9979,2011,22,1,21,99.46868
2011-11-22 22:00:00,4,0,1,2,20.5,24.24,94,12.998,2011,22,1,22,89.14589
2011-11-22 23:00:00,4,0,1,2,19.68,23.485,94,16.9979,2011,22,1,23,51.852448
2011-11-23 00:00:00,4,0,1,2,19.68,23.485,94,16.9979,2011,23,2,0,29.142487
2011-11-23 01:00:00,4,0,1,2,19.68,23.485,94,19.9995,2011,23,2,1,9.444962
2011-11-23 02:00:00,4,0,1,3,20.5,24.24,94,23.9994,2011,23,2,2,-20.930542
2011-11-23 03:00:00,4,0,1,3,20.5,24.24,94,23.9994,2011,23,2,3,-22.285904
2011-11-23 04:00:00,4,0,1,3,21.32,25.0,88,23.9994,2011,23,2,4,-0.557251
2011-11-23 05:00:00,4,0,1,2,18.86,22.725,94,12.998,2011,23,2,5,20.537674
2011-11-23 06:00:00,4,0,1,2,18.04,21.97,100,0.0,2011,23,2,6,82.25663
2011-11-23 07:00:00,4,0,1,2,18.86,22.725,100,6.0032,2011,23,2,7,253.61536
2011-11-23 08:00:00,4,0,1,2,19.68,23.485,94,7.0015,2011,23,2,8,384.5688
2011-11-23 09:00:00,4,0,1,2,21.32,25.0,94,12.998,2011,23,2,9,176.7484
2011-11-23 10:00:00,4,0,1,2,21.32,25.0,94,12.998,2011,23,2,10,91.66539
2011-11-23 11:00:00,4,0,1,2,20.5,24.24,72,27.9993,2011,23,2,11,120.14085
2011-11-23 12:00:00,4,0,1,1,19.68,23.485,55,27.9993,2011,23,2,12,171.82576
2011-11-23 13:00:00,4,0,1,2,18.04,21.97,54,32.9975,2011,23,2,13,142.42986
2011-11-23 14:00:00,4,0,1,1,17.22,21.21,54,31.0009,2011,23,2,14,151.51257
2011-11-23 15:00:00,4,0,1,2,17.22,21.21,54,30.0026,2011,23,2,15,132.16049
2011-11-23 16:00:00,4,0,1,2,16.4,20.455,62,31.0009,2011,23,2,16,186.32089
2011-11-23 17:00:00,4,0,1,3,15.58,19.695,71,26.0027,2011,23,2,17,270.17062
2011-11-23 18:00:00,4,0,1,2,16.4,20.455,58,35.0008,2011,23,2,18,317.82684
2011-11-23 19:00:00,4,0,1,1,15.58,19.695,58,26.0027,2011,23,2,19,238.75964
2011-11-23 20:00:00,4,0,1,1,14.76,16.665,62,26.0027,2011,23,2,20,168.5932
2011-11-23 21:00:00,4,0,1,1,14.76,15.91,57,31.0009,2011,23,2,21,128.0304
2011-11-23 22:00:00,4,0,1,1,13.94,15.15,61,30.0026,2011,23,2,22,87.80452
2011-11-23 23:00:00,4,0,1,1,13.94,15.15,61,23.9994,2011,23,2,23,47.793488
2011-11-24 00:00:00,4,1,0,1,13.12,15.15,57,15.0013,2011,24,3,0,31.699463
2011-11-24 01:00:00,4,1,0,1,13.12,14.395,57,27.9993,2011,24,3,1,28.6344
2011-11-24 02:00:00,4,1,0,1,12.3,14.395,61,19.0012,2011,24,3,2,22.426956
2011-11-24 03:00:00,4,1,0,1,11.48,14.395,65,8.9981,2011,24,3,3,11.3641205
2011-11-24 04:00:00,4,1,0,1,12.3,15.91,61,6.0032,2011,24,3,4,3.7761383
2011-11-24 05:00:00,4,1,0,1,12.3,15.91,61,7.0015,2011,24,3,5,12.971405
2011-11-24 06:00:00,4,1,0,1,12.3,15.91,61,6.0032,2011,24,3,6,36.414856
2011-11-24 07:00:00,4,1,0,1,10.66,13.635,75,7.0015,2011,24,3,7,109.746254
2011-11-24 08:00:00,4,1,0,1,12.3,15.91,65,6.0032,2011,24,3,8,190.35797
2011-11-24 09:00:00,4,1,0,1,13.94,17.425,61,0.0,2011,24,3,9,182.2863
2011-11-24 10:00:00,4,1,0,1,14.76,18.94,57,0.0,2011,24,3,10,193.57726
2011-11-24 11:00:00,4,1,0,1,17.22,21.21,41,19.9995,2011,24,3,11,243.77733
2011-11-24 12:00:00,4,1,0,1,18.86,22.725,36,15.0013,2011,24,3,12,283.80206
2011-11-24 13:00:00,4,1,0,1,19.68,23.485,33,15.0013,2011,24,3,13,297.4676
2011-11-24 14:00:00,4,1,0,1,20.5,24.24,31,19.9995,2011,24,3,14,295.57333
2011-11-24 15:00:00,4,1,0,1,20.5,24.24,31,16.9979,2011,24,3,15,297.0229
2011-11-24 16:00:00,4,1,0,1,20.5,24.24,34,19.0012,2011,24,3,16,324.56836
2011-11-24 17:00:00,4,1,0,1,19.68,23.485,33,7.0015,2011,24,3,17,384.25043
2011-11-24 18:00:00,4,1,0,1,17.22,21.21,50,6.0032,2011,24,3,18,326.36395
2011-11-24 19:00:00,4,1,0,1,16.4,20.455,54,7.0015,2011,24,3,19,256.44022
2011-11-24 20:00:00,4,1,0,1,14.76,17.425,76,11.0014,2011,24,3,20,178.49992
2011-11-24 21:00:00,4,1,0,1,14.76,17.425,71,11.0014,2011,24,3,21,149.2815
2011-11-24 22:00:00,4,1,0,1,14.76,17.425,71,11.0014,2011,24,3,22,115.645905
2011-11-24 23:00:00,4,1,0,1,13.94,17.425,76,7.0015,2011,24,3,23,67.89
2011-11-25 00:00:00,4,0,1,1,13.94,16.665,76,11.0014,2011,25,4,0,37.894333
2011-11-25 01:00:00,4,0,1,1,13.94,18.18,76,0.0,2011,25,4,1,16.256348
2011-11-25 02:00:00,4,0,1,1,11.48,14.395,81,7.0015,2011,25,4,2,10.685806
2011-11-25 03:00:00,4,0,1,1,11.48,14.395,75,7.0015,2011,25,4,3,2.7342682
2011-11-25 04:00:00,4,0,1,1,12.3,15.91,75,7.0015,2011,25,4,4,1.3443604
2011-11-25 05:00:00,4,0,1,1,11.48,15.91,75,0.0,2011,25,4,5,14.164627
2011-11-25 06:00:00,4,0,1,1,10.66,13.635,81,7.0015,2011,25,4,6,78.68402
2011-11-25 07:00:00,4,0,1,1,10.66,15.15,81,0.0,2011,25,4,7,232.57124
2011-11-25 08:00:00,4,0,1,1,10.66,13.635,81,8.9981,2011,25,4,8,383.6975
2011-11-25 09:00:00,4,0,1,1,13.12,17.425,76,0.0,2011,25,4,9,200.1264
2011-11-25 10:00:00,4,0,1,1,14.76,17.425,71,11.0014,2011,25,4,10,148.03345
2011-11-25 11:00:00,4,0,1,1,16.4,20.455,66,7.0015,2011,25,4,11,162.14085
2011-11-25 12:00:00,4,0,1,1,18.86,22.725,51,7.0015,2011,25,4,12,208.7725
2011-11-25 13:00:00,4,0,1,1,20.5,24.24,45,15.0013,2011,25,4,13,228.66693
2011-11-25 14:00:00,4,0,1,1,21.32,25.0,39,15.0013,2011,25,4,14,236.74329
2011-11-25 15:00:00,4,0,1,1,21.32,25.0,36,12.998,2011,25,4,15,247.08676
2011-11-25 16:00:00,4,0,1,1,20.5,24.24,39,11.0014,2011,25,4,16,298.90762
2011-11-25 17:00:00,4,0,1,1,20.5,24.24,34,7.0015,2011,25,4,17,470.98486
2011-11-25 18:00:00,4,0,1,1,18.86,22.725,44,6.0032,2011,25,4,18,356.1255
2011-11-25 19:00:00,4,0,1,1,17.22,21.21,67,0.0,2011,25,4,19,248.51941
2011-11-25 20:00:00,4,0,1,1,16.4,20.455,58,6.0032,2011,25,4,20,164.70142
2011-11-25 21:00:00,4,0,1,1,14.76,18.94,71,0.0,2011,25,4,21,134.4284
2011-11-25 22:00:00,4,0,1,1,13.94,17.425,71,6.0032,2011,25,4,22,106.16162
2011-11-25 23:00:00,4,0,1,1,13.94,17.425,76,7.0015,2011,25,4,23,80.79851
2011-11-26 00:00:00,4,0,0,1,13.94,17.425,76,7.0015,2011,26,5,0,79.517265
2011-11-26 01:00:00,4,0,0,1,13.12,16.665,76,6.0032,2011,26,5,1,57.95952
2011-11-26 02:00:00,4,0,0,1,12.3,15.91,81,7.0015,2011,26,5,2,46.23198
2011-11-26 03:00:00,4,0,0,1,12.3,16.665,81,0.0,2011,26,5,3,14.635513
2011-11-26 04:00:00,4,0,0,1,12.3,16.665,81,0.0,2011,26,5,4,2.1122437
2011-11-26 05:00:00,4,0,0,1,12.3,15.91,75,7.0015,2011,26,5,5,-0.09989929
2011-11-26 06:00:00,4,0,0,2,12.3,15.91,75,6.0032,2011,26,5,6,2.6372375
2011-11-26 07:00:00,4,0,0,1,10.66,13.635,87,7.0015,2011,26,5,7,43.11284
2011-11-26 08:00:00,4,0,0,1,13.12,16.665,76,6.0032,2011,26,5,8,86.14563
2011-11-26 09:00:00,4,0,0,1,13.94,17.425,76,6.0032,2011,26,5,9,166.7768
2011-11-26 10:00:00,4,0,0,1,14.76,18.94,81,0.0,2011,26,5,10,195.3084
2011-11-26 11:00:00,4,0,0,1,16.4,20.455,62,7.0015,2011,26,5,11,269.8982
2011-11-26 12:00:00,4,0,0,1,18.04,21.97,51,0.0,2011,26,5,12,302.03934
2011-11-26 13:00:00,4,0,0,1,19.68,23.485,44,0.0,2011,26,5,13,336.37067
2011-11-26 14:00:00,4,0,0,2,19.68,23.485,48,8.9981,2011,26,5,14,300.8816
2011-11-26 15:00:00,4,0,0,2,20.5,24.24,42,7.0015,2011,26,5,15,320.9997
2011-11-26 16:00:00,4,0,0,2,18.86,22.725,47,8.9981,2011,26,5,16,283.39966
2011-11-26 17:00:00,4,0,0,2,18.86,22.725,47,8.9981,2011,26,5,17,266.84683
2011-11-26 18:00:00,4,0,0,2,17.22,21.21,62,11.0014,2011,26,5,18,240.6039
2011-11-26 19:00:00,4,0,0,2,16.4,20.455,71,6.0032,2011,26,5,19,180.0205
2011-11-26 20:00:00,4,0,0,2,17.22,21.21,58,0.0,2011,26,5,20,127.5071
2011-11-26 21:00:00,4,0,0,2,15.58,19.695,82,0.0,2011,26,5,21,99.82894
2011-11-26 22:00:00,4,0,0,2,15.58,19.695,76,0.0,2011,26,5,22,81.86377
2011-11-26 23:00:00,4,0,0,1,14.76,18.94,81,0.0,2011,26,5,23,75.58938
2011-11-27 00:00:00,4,0,0,1,14.76,18.94,81,0.0,2011,27,6,0,87.621544
2011-11-27 01:00:00,4,0,0,1,14.76,18.94,81,0.0,2011,27,6,1,74.197655
2011-11-27 02:00:00,4,0,0,1,13.94,18.18,81,0.0,2011,27,6,2,61.587616
2011-11-27 03:00:00,4,0,0,1,13.94,18.18,87,0.0,2011,27,6,3,29.33931
2011-11-27 04:00:00,4,0,0,1,13.94,17.425,87,7.0015,2011,27,6,4,5.599991
2011-11-27 05:00:00,4,0,0,1,14.76,17.425,87,12.998,2011,27,6,5,4.189926
2011-11-27 06:00:00,4,0,0,1,15.58,19.695,82,11.0014,2011,27,6,6,9.098358
2011-11-27 07:00:00,4,0,0,1,15.58,19.695,87,15.0013,2011,27,6,7,61.37538
2011-11-27 08:00:00,4,0,0,1,16.4,20.455,82,19.9995,2011,27,6,8,99.91778
2011-11-27 09:00:00,4,0,0,1,18.86,22.725,72,19.0012,2011,27,6,9,173.30217
2011-11-27 10:00:00,4,0,0,1,18.86,22.725,72,19.0012,2011,27,6,10,224.92447
2011-11-27 11:00:00,4,0,0,1,20.5,24.24,63,23.9994,2011,27,6,11,298.74243
2011-11-27 12:00:00,4,0,0,1,22.14,25.76,56,19.0012,2011,27,6,12,348.8841
2011-11-27 13:00:00,4,0,0,1,22.14,25.76,60,12.998,2011,27,6,13,342.06067
2011-11-27 14:00:00,4,0,0,1,25.42,31.06,43,31.0009,2011,27,6,14,422.5101
2011-11-27 15:00:00,4,0,0,1,25.42,31.06,43,19.0012,2011,27,6,15,393.0742
2011-11-27 16:00:00,4,0,0,1,22.96,26.515,52,16.9979,2011,27,6,16,378.43195
2011-11-27 17:00:00,4,0,0,1,22.14,25.76,56,12.998,2011,27,6,17,321.62488
2011-11-27 18:00:00,4,0,0,1,20.5,24.24,63,11.0014,2011,27,6,18,285.91104
2011-11-27 19:00:00,4,0,0,1,19.68,23.485,67,15.0013,2011,27,6,19,232.47467
2011-11-27 20:00:00,4,0,0,1,20.5,24.24,63,16.9979,2011,27,6,20,180.53941
2011-11-27 21:00:00,4,0,0,1,19.68,23.485,67,19.0012,2011,27,6,21,120.471985
2011-11-27 22:00:00,4,0,0,1,19.68,23.485,72,16.9979,2011,27,6,22,109.68642
2011-11-27 23:00:00,4,0,0,1,19.68,23.485,72,16.9979,2011,27,6,23,62.557068
2011-11-28 00:00:00,4,0,1,1,18.86,22.725,77,19.0012,2011,28,0,0,37.96608
2011-11-28 01:00:00,4,0,1,1,18.86,22.725,77,19.9995,2011,28,0,1,20.431442
2011-11-28 03:00:00,4,0,1,1,18.04,21.97,88,15.0013,2011,28,0,3,8.842957
2011-11-28 04:00:00,4,0,1,1,18.04,21.97,82,6.0032,2011,28,0,4,7.7515564
2011-11-28 05:00:00,4,0,1,1,16.4,20.455,87,0.0,2011,28,0,5,17.039673
2011-11-28 06:00:00,4,0,1,1,17.22,21.21,82,6.0032,2011,28,0,6,100.51302
2011-11-28 07:00:00,4,0,1,1,17.22,21.21,88,0.0,2011,28,0,7,271.0584
2011-11-28 08:00:00,4,0,1,2,17.22,21.21,94,0.0,2011,28,0,8,366.5853
2011-11-28 09:00:00,4,0,1,2,18.04,21.97,88,15.0013,2011,28,0,9,189.94473
2011-11-28 10:00:00,4,0,1,2,19.68,23.485,77,8.9981,2011,28,0,10,139.04799
2011-11-28 11:00:00,4,0,1,2,21.32,25.0,68,7.0015,2011,28,0,11,132.36304
2011-11-28 12:00:00,4,0,1,1,22.96,26.515,60,7.0015,2011,28,0,12,182.6046
2011-11-28 13:00:00,4,0,1,2,23.78,27.275,56,0.0,2011,28,0,13,144.1987
2011-11-28 14:00:00,4,0,1,1,24.6,31.06,56,0.0,2011,28,0,14,165.72316
2011-11-28 15:00:00,4,0,1,1,23.78,27.275,60,11.0014,2011,28,0,15,185.09885
2011-11-28 16:00:00,4,0,1,1,22.96,26.515,60,12.998,2011,28,0,16,284.1063
2011-11-28 17:00:00,4,0,1,1,23.78,27.275,56,12.998,2011,28,0,17,519.66754
2011-11-28 18:00:00,4,0,1,1,22.96,26.515,64,15.0013,2011,28,0,18,496.3904
2011-11-28 19:00:00,4,0,1,1,22.14,25.76,73,15.0013,2011,28,0,19,324.55487
2011-11-28 20:00:00,4,0,1,2,22.14,25.76,73,16.9979,2011,28,0,20,204.79279
2011-11-28 21:00:00,4,0,1,2,22.14,25.76,77,15.0013,2011,28,0,21,147.05676
2011-11-28 22:00:00,4,0,1,2,21.32,25.0,83,7.0015,2011,28,0,22,108.30493
2011-11-28 23:00:00,4,0,1,2,21.32,25.0,83,8.9981,2011,28,0,23,53.506134
2011-11-29 00:00:00,4,0,1,1,21.32,25.0,83,0.0,2011,29,1,0,30.087326
2011-11-29 01:00:00,4,0,1,1,21.32,25.0,83,6.0032,2011,29,1,1,20.482468
2011-11-29 02:00:00,4,0,1,2,20.5,24.24,88,0.0,2011,29,1,2,-0.33277893
2011-11-29 03:00:00,4,0,1,2,20.5,24.24,88,0.0,2011,29,1,3,-2.2530518
2011-11-29 04:00:00,4,0,1,2,21.32,25.0,83,22.0028,2011,29,1,4,0.5022125
2011-11-29 05:00:00,4,0,1,1,20.5,24.24,88,19.0012,2011,29,1,5,28.091843
2011-11-29 06:00:00,4,0,1,1,21.32,25.0,83,19.0012,2011,29,1,6,113.07426
2011-11-29 07:00:00,4,0,1,1,21.32,25.0,77,15.0013,2011,29,1,7,299.42303
2011-11-29 08:00:00,4,0,1,1,22.14,25.76,77,19.0012,2011,29,1,8,438.54242
2011-11-29 09:00:00,4,0,1,3,22.96,26.515,73,27.9993,2011,29,1,9,168.82777
2011-11-29 10:00:00,4,0,1,3,22.96,26.515,73,27.9993,2011,29,1,10,95.86887
2011-11-29 11:00:00,4,0,1,3,20.5,24.24,88,19.9995,2011,29,1,11,47.8862
2011-11-29 12:00:00,4,0,1,3,17.22,21.21,82,27.9993,2011,29,1,12,63.447235
2011-11-29 13:00:00,4,0,1,3,17.22,21.21,77,19.0012,2011,29,1,13,66.4308
2011-11-29 14:00:00,4,0,1,3,16.4,20.455,94,12.998,2011,29,1,14,37.14113
2011-11-29 15:00:00,4,0,1,3,16.4,20.455,87,22.0028,2011,29,1,15,45.812195
2011-11-29 16:00:00,4,0,1,3,16.4,20.455,87,15.0013,2011,29,1,16,104.51897
2011-11-29 17:00:00,4,0,1,2,16.4,20.455,87,19.9995,2011,29,1,17,290.31927
2011-11-29 18:00:00,4,0,1,2,16.4,20.455,82,19.9995,2011,29,1,18,284.72717
2011-11-29 19:00:00,4,0,1,2,16.4,20.455,82,22.0028,2011,29,1,19,199.15694
2011-11-29 20:00:00,4,0,1,2,15.58,19.695,87,16.9979,2011,29,1,20,148.34503
2011-11-29 21:00:00,4,0,1,2,15.58,19.695,87,16.9979,2011,29,1,21,119.67308
2011-11-29 22:00:00,4,0,1,1,15.58,19.695,82,19.9995,2011,29,1,22,85.68261
2011-11-29 23:00:00,4,0,1,1,14.76,16.665,76,26.0027,2011,29,1,23,42.025192
2011-11-30 00:00:00,4,0,1,1,14.76,16.665,62,27.9993,2011,30,2,0,18.02687
2011-11-30 01:00:00,4,0,1,1,13.94,15.15,66,22.0028,2011,30,2,1,5.910568
2011-11-30 02:00:00,4,0,1,1,13.12,15.91,70,11.0014,2011,30,2,2,-0.01461792
2011-11-30 03:00:00,4,0,1,1,13.12,15.91,70,11.0014,2011,30,2,3,-1.7155914
2011-11-30 04:00:00,4,0,1,1,12.3,14.395,75,15.0013,2011,30,2,4,0.45082092
2011-11-30 05:00:00,4,0,1,1,11.48,13.635,81,12.998,2011,30,2,5,16.230576
2011-11-30 06:00:00,4,0,1,1,10.66,13.635,87,7.0015,2011,30,2,6,88.710106
2011-11-30 07:00:00,4,0,1,1,10.66,13.635,81,7.0015,2011,30,2,7,257.4113
2011-11-30 08:00:00,4,0,1,1,11.48,13.635,81,12.998,2011,30,2,8,418.5877
2011-11-30 09:00:00,4,0,1,1,12.3,14.395,75,19.0012,2011,30,2,9,195.95018
2011-11-30 10:00:00,4,0,1,1,13.94,15.91,66,15.0013,2011,30,2,10,123.878944
2011-11-30 11:00:00,4,0,1,1,15.58,19.695,54,19.9995,2011,30,2,11,134.14296
2011-11-30 12:00:00,4,0,1,2,14.76,16.665,53,19.0012,2011,30,2,12,132.63148
2011-11-30 13:00:00,4,0,1,2,15.58,19.695,43,23.9994,2011,30,2,13,131.13408
2011-11-30 14:00:00,4,0,1,2,15.58,19.695,43,23.9994,2011,30,2,14,116.288826
2011-11-30 15:00:00,4,0,1,1,14.76,16.665,46,22.0028,2011,30,2,15,130.91528
2011-11-30 16:00:00,4,0,1,1,14.76,16.665,46,19.0012,2011,30,2,16,194.42842
2011-11-30 17:00:00,4,0,1,2,13.94,15.15,49,22.0028,2011,30,2,17,350.21265
2011-11-30 18:00:00,4,0,1,1,13.94,15.15,49,22.0028,2011,30,2,18,346.71216
2011-11-30 19:00:00,4,0,1,2,13.12,15.15,57,19.0012,2011,30,2,19,213.2588
2011-11-30 20:00:00,4,0,1,2,13.12,15.15,57,19.0012,2011,30,2,20,147.79893
2011-11-30 21:00:00,4,0,1,1,13.12,14.395,53,26.0027,2011,30,2,21,125.04756
2011-11-30 22:00:00,4,0,1,1,12.3,13.635,56,19.9995,2011,30,2,22,79.34371
2011-11-30 23:00:00,4,0,1,1,11.48,12.88,52,19.0012,2011,30,2,23,46.98784
2011-12-20 00:00:00,4,0,1,1,14.76,18.18,57,7.0015,2011,20,1,0,16.016113
2011-12-20 01:00:00,4,0,1,1,14.76,18.94,53,0.0,2011,20,1,1,-5.8596497
2011-12-20 02:00:00,4,0,1,2,13.94,18.18,61,0.0,2011,20,1,2,-10.987747
2011-12-20 03:00:00,4,0,1,2,13.94,18.18,61,0.0,2011,20,1,3,-12.688736
2011-12-20 04:00:00,4,0,1,2,14.76,18.18,53,7.0015,2011,20,1,4,-0.49621582
2011-12-20 05:00:00,4,0,1,2,14.76,18.94,57,0.0,2011,20,1,5,1.6840363
2011-12-20 06:00:00,4,0,1,2,14.76,18.94,57,0.0,2011,20,1,6,71.90224
2011-12-20 07:00:00,4,0,1,2,14.76,18.94,62,0.0,2011,20,1,7,249.94809
2011-12-20 08:00:00,4,0,1,2,17.22,21.21,54,6.0032,2011,20,1,8,401.24243
2011-12-20 09:00:00,4,0,1,2,14.76,18.94,66,0.0,2011,20,1,9,177.84889
2011-12-20 10:00:00,4,0,1,2,17.22,21.21,58,12.998,2011,20,1,10,120.230415
2011-12-20 11:00:00,4,0,1,2,16.4,20.455,62,11.0014,2011,20,1,11,123.77262
2011-12-20 12:00:00,4,0,1,2,18.04,21.97,54,8.9981,2011,20,1,12,149.77634
2011-12-20 13:00:00,4,0,1,2,18.04,21.97,54,8.9981,2011,20,1,13,147.17776
2011-12-20 14:00:00,4,0,1,2,18.04,21.97,58,7.0015,2011,20,1,14,137.71547
2011-12-20 15:00:00,4,0,1,2,18.04,21.97,54,0.0,2011,20,1,15,131.21252
2011-12-20 16:00:00,4,0,1,1,18.04,21.97,54,0.0,2011,20,1,16,210.26384
2011-12-20 17:00:00,4,0,1,1,16.4,20.455,62,11.0014,2011,20,1,17,405.26422
2011-12-20 18:00:00,4,0,1,1,15.58,19.695,66,12.998,2011,20,1,18,362.89877
2011-12-20 19:00:00,4,0,1,1,15.58,19.695,66,0.0,2011,20,1,19,253.32845
2011-12-20 20:00:00,4,0,1,1,14.76,18.94,66,0.0,2011,20,1,20,176.82318
2011-12-20 21:00:00,4,0,1,1,14.76,18.18,66,6.0032,2011,20,1,21,143.1482
2011-12-20 22:00:00,4,0,1,2,14.76,18.94,66,0.0,2011,20,1,22,92.60067
2011-12-20 23:00:00,4,0,1,2,15.58,19.695,62,0.0,2011,20,1,23,47.985107
2011-12-21 00:00:00,1,0,1,2,13.94,16.665,71,8.9981,2011,21,2,0,4.142212
2011-12-21 01:00:00,1,0,1,2,14.76,18.18,66,7.0015,2011,21,2,1,-4.3932953
2011-12-21 02:00:00,1,0,1,2,14.76,18.94,71,0.0,2011,21,2,2,-13.144684
2011-12-21 03:00:00,1,0,1,2,14.76,18.94,71,0.0,2011,21,2,3,-14.211609
2011-12-21 04:00:00,1,0,1,2,14.76,18.94,71,0.0,2011,21,2,4,-14.211609
2011-12-21 05:00:00,1,0,1,2,15.58,19.695,82,7.0015,2011,21,2,5,9.880035
2011-12-21 06:00:00,1,0,1,2,14.76,18.94,87,0.0,2011,21,2,6,45.942886
2011-12-21 07:00:00,1,0,1,2,14.76,18.18,87,7.0015,2011,21,2,7,167.05223
2011-12-21 08:00:00,1,0,1,3,14.76,18.94,93,0.0,2011,21,2,8,180.2465
2011-12-21 09:00:00,1,0,1,2,16.4,20.455,87,15.0013,2011,21,2,9,125.679726
2011-12-21 10:00:00,1,0,1,2,19.68,23.485,82,27.9993,2011,21,2,10,86.144226
2011-12-21 11:00:00,1,0,1,2,19.68,23.485,82,27.9993,2011,21,2,11,87.743355
2011-12-21 12:00:00,1,0,1,3,18.86,22.725,88,26.0027,2011,21,2,12,-13.552338
2011-12-21 13:00:00,1,0,1,3,18.04,21.97,94,19.9995,2011,21,2,13,-35.29146
2011-12-21 14:00:00,1,0,1,2,19.68,23.485,88,23.9994,2011,21,2,14,55.997498
2011-12-21 15:00:00,1,0,1,2,19.68,23.485,88,26.0027,2011,21,2,15,63.083313
2011-12-21 16:00:00,1,0,1,3,18.04,21.97,100,22.0028,2011,21,2,16,-24.622421
2011-12-21 17:00:00,1,0,1,3,18.04,21.97,100,22.0028,2011,21,2,17,38.234055
2011-12-21 18:00:00,1,0,1,2,18.04,21.97,100,19.9995,2011,21,2,18,87.50697
2011-12-21 19:00:00,1,0,1,2,20.5,24.24,94,22.0028,2011,21,2,19,96.868225
2011-12-21 20:00:00,1,0,1,2,20.5,24.24,94,23.9994,2011,21,2,20,49.11917
2011-12-21 21:00:00,1,0,1,1,20.5,24.24,88,19.0012,2011,21,2,21,111.184746
2011-12-21 22:00:00,1,0,1,1,20.5,24.24,88,16.9979,2011,21,2,22,97.50506
2011-12-21 23:00:00,1,0,1,1,20.5,24.24,88,12.998,2011,21,2,23,48.734512
2011-12-22 00:00:00,1,0,1,2,20.5,24.24,82,7.0015,2011,22,3,0,35.848114
2011-12-22 01:00:00,1,0,1,1,18.04,21.97,94,6.0032,2011,22,3,1,10.298904
2011-12-22 02:00:00,1,0,1,1,19.68,23.485,82,7.0015,2011,22,3,2,11.044052
2011-12-22 03:00:00,1,0,1,1,18.04,21.97,67,11.0014,2011,22,3,3,8.895599
2011-12-22 04:00:00,1,0,1,1,15.58,19.695,82,8.9981,2011,22,3,4,10.213181
2011-12-22 05:00:00,1,0,1,1,15.58,19.695,82,0.0,2011,22,3,5,22.236847
2011-12-22 06:00:00,1,0,1,1,14.76,18.94,87,0.0,2011,22,3,6,62.51271
2011-12-22 07:00:00,1,0,1,1,13.94,18.18,93,0.0,2011,22,3,7,155.02203
2011-12-22 08:00:00,1,0,1,2,14.76,18.94,87,0.0,2011,22,3,8,305.11356
2011-12-22 09:00:00,1,0,1,2,15.58,19.695,87,6.0032,2011,22,3,9,133.89554
2011-12-22 10:00:00,1,0,1,2,16.4,20.455,82,6.0032,2011,22,3,10,66.15493
2011-12-22 11:00:00,1,0,1,2,18.04,21.97,77,0.0,2011,22,3,11,85.488495
2011-12-22 12:00:00,1,0,1,2,19.68,23.485,55,0.0,2011,22,3,12,113.30222
2011-12-22 13:00:00,1,0,1,2,18.86,22.725,63,0.0,2011,22,3,13,88.419205
2011-12-22 14:00:00,1,0,1,2,18.86,22.725,63,0.0,2011,22,3,14,80.920715
2011-12-22 15:00:00,1,0,1,2,19.68,23.485,59,0.0,2011,22,3,15,109.0032
2011-12-22 16:00:00,1,0,1,2,18.86,22.725,63,0.0,2011,22,3,16,121.181175
2011-12-22 17:00:00,1,0,1,2,18.04,21.97,67,11.0014,2011,22,3,17,262.2993
2011-12-22 18:00:00,1,0,1,2,18.04,21.97,62,6.0032,2011,22,3,18,247.58359
2011-12-22 19:00:00,1,0,1,2,18.04,21.97,62,0.0,2011,22,3,19,166.3829
2011-12-22 20:00:00,1,0,1,3,17.22,21.21,71,0.0,2011,22,3,20,67.9887
2011-12-22 21:00:00,1,0,1,3,17.22,21.21,71,0.0,2011,22,3,21,45.94081
2011-12-22 22:00:00,1,0,1,3,14.76,18.18,93,7.0015,2011,22,3,22,20.448654
2011-12-22 23:00:00,1,0,1,3,16.4,20.455,87,0.0,2011,22,3,23,3.5444183
2011-12-23 00:00:00,1,0,1,3,16.4,20.455,87,12.998,2011,23,4,0,25.872223
2011-12-23 01:00:00,1,0,1,3,16.4,20.455,87,12.998,2011,23,4,1,9.850571
2011-12-23 02:00:00,1,0,1,3,15.58,19.695,94,8.9981,2011,23,4,2,1.7045441
2011-12-23 03:00:00,1,0,1,3,15.58,19.695,94,8.9981,2011,23,4,3,0.41786194
2011-12-23 04:00:00,1,0,1,3,15.58,19.695,94,19.0012,2011,23,4,4,-7.335968
2011-12-23 05:00:00,1,0,1,1,14.76,17.425,93,12.998,2011,23,4,5,11.704468
2011-12-23 06:00:00,1,0,1,1,15.58,19.695,82,16.9979,2011,23,4,6,61.700897
2011-12-23 07:00:00,1,0,1,1,15.58,19.695,82,15.0013,2011,23,4,7,156.2001
2011-12-23 08:00:00,1,0,1,1,16.4,20.455,76,16.9979,2011,23,4,8,264.55933
2011-12-23 09:00:00,1,0,1,1,16.4,20.455,66,19.9995,2011,23,4,9,129.61362
2011-12-23 10:00:00,1,0,1,1,16.4,20.455,62,23.9994,2011,23,4,10,83.20727
2011-12-23 11:00:00,1,0,1,1,16.4,20.455,58,30.0026,2011,23,4,11,77.539856
2011-12-23 12:00:00,1,0,1,1,16.4,20.455,54,35.0008,2011,23,4,12,93.58442
2011-12-23 13:00:00,1,0,1,1,16.4,20.455,50,31.0009,2011,23,4,13,92.100266
2011-12-23 14:00:00,1,0,1,1,16.4,20.455,54,27.9993,2011,23,4,14,91.84178
2011-12-23 15:00:00,1,0,1,1,15.58,19.695,54,23.9994,2011,23,4,15,90.151146
2011-12-23 16:00:00,1,0,1,1,15.58,19.695,50,19.9995,2011,23,4,16,116.09542
2011-12-23 17:00:00,1,0,1,1,14.76,17.425,53,15.0013,2011,23,4,17,208.22786
2011-12-23 18:00:00,1,0,1,1,14.76,16.665,50,16.9979,2011,23,4,18,173.3684
2011-12-23 19:00:00,1,0,1,1,13.94,16.665,53,12.998,2011,23,4,19,112.89653
2011-12-23 20:00:00,1,0,1,1,13.12,15.15,61,22.0028,2011,23,4,20,72.92498
2011-12-23 21:00:00,1,0,1,1,13.12,15.15,61,15.0013,2011,23,4,21,73.74881
2011-12-23 22:00:00,1,0,1,1,13.12,15.91,66,12.998,2011,23,4,22,65.229805
2011-12-23 23:00:00,1,0,1,1,13.12,16.665,66,8.9981,2011,23,4,23,53.77707
2011-12-24 00:00:00,1,0,0,2,13.12,15.91,70,11.0014,2011,24,5,0,43.354034
2011-12-24 01:00:00,1,0,0,2,13.12,17.425,66,0.0,2011,24,5,1,35.74199
2011-12-24 02:00:00,1,0,0,2,13.12,16.665,66,6.0032,2011,24,5,2,28.16423
2011-12-24 03:00:00,1,0,0,2,13.12,16.665,70,6.0032,2011,24,5,3,4.033188
2011-12-24 04:00:00,1,0,0,2,13.12,15.91,66,11.0014,2011,24,5,4,-2.7837677
2011-12-24 05:00:00,1,0,0,2,13.12,15.91,66,11.0014,2011,24,5,5,-2.6165924
2011-12-24 06:00:00,1,0,0,2,12.3,15.15,75,11.0014,2011,24,5,6,5.6907654
2011-12-24 07:00:00,1,0,0,1,12.3,13.635,70,23.9994,2011,24,5,7,-8.996368
2011-12-24 08:00:00,1,0,0,1,11.48,13.635,70,12.998,2011,24,5,8,-14.508408
2011-12-24 09:00:00,1,0,0,1,12.3,13.635,45,27.9993,2011,24,5,9,67.79646
2011-12-24 10:00:00,1,0,0,1,12.3,12.88,42,32.9975,2011,24,5,10,82.42403
2011-12-24 11:00:00,1,0,0,1,13.12,14.395,39,23.9994,2011,24,5,11,146.14586
2011-12-24 12:00:00,1,0,0,1,13.94,15.91,39,19.0012,2011,24,5,12,183.6361
2011-12-24 13:00:00,1,0,0,1,13.94,15.15,39,19.9995,2011,24,5,13,183.9311
2011-12-24 14:00:00,1,0,0,1,13.94,15.15,39,19.9995,2011,24,5,14,173.71785
2011-12-24 15:00:00,1,0,0,1,13.12,15.15,39,15.0013,2011,24,5,15,159.02997
2011-12-24 16:00:00,1,0,0,1,13.12,15.91,42,12.998,2011,24,5,16,152.82396
2011-12-24 17:00:00,1,0,0,1,11.48,14.395,45,8.9981,2011,24,5,17,108.81345
2011-12-24 18:00:00,1,0,0,1,12.3,15.91,42,6.0032,2011,24,5,18,94.74105
2011-12-24 19:00:00,1,0,0,1,12.3,15.91,52,6.0032,2011,24,5,19,66.89773
2011-12-24 20:00:00,1,0,0,1,10.66,13.635,56,8.9981,2011,24,5,20,31.635605
2011-12-24 21:00:00,1,0,0,1,10.66,12.88,56,11.0014,2011,24,5,21,33.0941
2011-12-24 22:00:00,1,0,0,1,9.84,14.395,52,0.0,2011,24,5,22,26.833008
2011-12-24 23:00:00,1,0,0,1,9.84,12.88,56,0.0,2011,24,5,23,25.80832
2011-12-25 00:00:00,1,0,0,1,9.84,11.365,60,12.998,2011,25,6,0,46.53656
2011-12-25 01:00:00,1,0,0,1,9.02,11.365,69,8.9981,2011,25,6,1,40.74774
2011-12-25 02:00:00,1,0,0,1,9.02,12.88,75,6.0032,2011,25,6,2,34.441208
2011-12-25 03:00:00,1,0,0,1,9.02,13.635,72,0.0,2011,25,6,3,8.822708
2011-12-25 05:00:00,1,0,0,1,8.2,11.365,75,7.0015,2011,25,6,5,-2.1517944
2011-12-25 06:00:00,1,0,0,1,8.2,11.365,75,7.0015,2011,25,6,6,1.094162
2011-12-25 07:00:00,1,0,0,1,9.02,12.12,80,7.0015,2011,25,6,7,-30.061722
2011-12-25 08:00:00,1,0,0,1,8.2,10.605,80,11.0014,2011,25,6,8,-28.204544
2011-12-25 09:00:00,1,0,0,1,9.84,12.12,87,11.0014,2011,25,6,9,48.456085
2011-12-25 10:00:00,1,0,0,1,10.66,12.12,81,16.9979,2011,25,6,10,83.56096
2011-12-25 11:00:00,1,0,0,1,12.3,15.15,70,11.0014,2011,25,6,11,134.90875
2011-12-25 12:00:00,1,0,0,1,12.3,13.635,75,19.9995,2011,25,6,12,159.46512
2011-12-25 13:00:00,1,0,0,1,13.12,15.15,70,16.9979,2011,25,6,13,167.56612
2011-12-25 14:00:00,1,0,0,1,13.94,15.91,61,16.9979,2011,25,6,14,161.89969
2011-12-25 15:00:00,1,0,0,1,13.94,16.665,61,12.998,2011,25,6,15,166.92102
2011-12-25 16:00:00,1,0,0,1,14.76,18.18,57,7.0015,2011,25,6,16,166.52014
2011-12-25 17:00:00,1,0,0,1,13.94,16.665,61,8.9981,2011,25,6,17,133.5395
2011-12-25 18:00:00,1,0,0,1,13.12,15.91,70,12.998,2011,25,6,18,98.15227
2011-12-25 19:00:00,1,0,0,1,13.12,16.665,57,8.9981,2011,25,6,19,68.949776
2011-12-25 20:00:00,1,0,0,1,13.12,16.665,49,6.0032,2011,25,6,20,44.53337
2011-12-25 21:00:00,1,0,0,1,12.3,15.15,56,8.9981,2011,25,6,21,37.16301
2011-12-25 22:00:00,1,0,0,1,11.48,13.635,61,11.0014,2011,25,6,22,28.369934
2011-12-25 23:00:00,1,0,0,1,10.66,13.635,65,8.9981,2011,25,6,23,12.943024
2011-12-26 00:00:00,1,1,0,1,9.02,11.365,75,11.0014,2011,26,0,0,6.3485107
2011-12-26 01:00:00,1,1,0,1,11.48,13.635,56,12.998,2011,26,0,1,-1.2001343
2011-12-26 02:00:00,1,1,0,1,13.94,15.91,46,15.0013,2011,26,0,2,-4.4055023
2011-12-26 04:00:00,1,1,0,1,13.94,15.15,46,19.9995,2011,26,0,4,-11.462601
2011-12-26 05:00:00,1,1,0,1,13.94,15.15,42,26.0027,2011,26,0,5,1.6285553
2011-12-26 06:00:00,1,1,0,1,13.12,15.15,45,19.0012,2011,26,0,6,11.683685
2011-12-26 07:00:00,1,1,0,1,13.12,15.91,45,12.998,2011,26,0,7,7.993225
2011-12-26 08:00:00,1,1,0,1,13.12,16.665,45,8.9981,2011,26,0,8,70.01236
2011-12-26 09:00:00,1,1,0,1,13.94,15.15,46,19.9995,2011,26,0,9,98.27911
2011-12-26 10:00:00,1,1,0,1,13.94,14.395,42,35.0008,2011,26,0,10,91.767296
2011-12-26 11:00:00,1,1,0,1,13.94,14.395,46,39.0007,2011,26,0,11,92.858665
2011-12-26 12:00:00,1,1,0,1,14.76,15.91,43,31.0009,2011,26,0,12,109.26461
2011-12-26 13:00:00,1,1,0,1,15.58,19.695,40,19.9995,2011,26,0,13,121.34645
2011-12-26 14:00:00,1,1,0,1,15.58,19.695,40,22.0028,2011,26,0,14,112.537315
2011-12-26 15:00:00,1,1,0,1,15.58,19.695,40,16.9979,2011,26,0,15,114.61054
2011-12-26 16:00:00,1,1,0,1,14.76,16.665,43,19.0012,2011,26,0,16,123.558815
2011-12-26 17:00:00,1,1,0,1,13.94,15.91,46,15.0013,2011,26,0,17,163.33379
2011-12-26 18:00:00,1,1,0,1,13.12,16.665,49,6.0032,2011,26,0,18,151.62889
2011-12-26 19:00:00,1,1,0,1,12.3,15.91,65,6.0032,2011,26,0,19,115.229164
2011-12-26 20:00:00,1,1,0,1,12.3,15.91,56,6.0032,2011,26,0,20,76.50809
2011-12-26 21:00:00,1,1,0,1,10.66,15.15,70,0.0,2011,26,0,21,33.03627
2011-12-26 22:00:00,1,1,0,1,10.66,15.15,70,0.0,2011,26,0,22,16.98558
2011-12-26 23:00:00,1,1,0,1,10.66,13.635,70,7.0015,2011,26,0,23,-10.12381
2011-12-27 00:00:00,1,0,1,1,10.66,12.88,70,11.0014,2011,27,1,0,5.11969
2011-12-27 01:00:00,1,0,1,1,10.66,13.635,70,8.9981,2011,27,1,1,-3.6417847
2011-12-27 02:00:00,1,0,1,1,10.66,13.635,70,8.9981,2011,27,1,2,-8.151123
2011-12-27 03:00:00,1,0,1,2,12.3,14.395,61,15.0013,2011,27,1,3,-10.7117
2011-12-27 04:00:00,1,0,1,2,12.3,14.395,65,15.0013,2011,27,1,4,-10.7117
2011-12-27 05:00:00,1,0,1,2,12.3,13.635,64,19.0012,2011,27,1,5,0.799942
2011-12-27 06:00:00,1,0,1,2,12.3,13.635,61,19.9995,2011,27,1,6,29.972305
2011-12-27 07:00:00,1,0,1,2,12.3,14.395,65,19.0012,2011,27,1,7,146.59978
2011-12-27 08:00:00,1,0,1,2,12.3,15.15,65,11.0014,2011,27,1,8,273.22723
2011-12-27 09:00:00,1,0,1,3,13.12,16.665,66,7.0015,2011,27,1,9,44.88275
2011-12-27 10:00:00,1,0,1,2,13.12,16.665,66,6.0032,2011,27,1,10,48.956604
2011-12-27 11:00:00,1,0,1,3,13.12,16.665,66,7.0015,2011,27,1,11,-8.27858
2011-12-27 12:00:00,1,0,1,3,12.3,15.91,81,6.0032,2011,27,1,12,7.7697144
2011-12-27 13:00:00,1,0,1,3,12.3,15.15,87,8.9981,2011,27,1,13,8.347305
2011-12-27 14:00:00,1,0,1,3,17.22,21.21,82,26.0027,2011,27,1,14,-4.761383
2011-12-27 15:00:00,1,0,1,3,17.22,21.21,82,26.0027,2011,27,1,15,2.3244476
2011-12-27 16:00:00,1,0,1,3,18.04,21.97,88,22.0028,2011,27,1,16,7.4086914
2011-12-27 17:00:00,1,0,1,3,16.4,20.455,87,8.9981,2011,27,1,17,124.6304
2011-12-27 18:00:00,1,0,1,1,15.58,19.695,87,19.0012,2011,27,1,18,151.05206
2011-12-27 19:00:00,1,0,1,1,13.94,16.665,87,11.0014,2011,27,1,19,135.30652
2011-12-27 20:00:00,1,0,1,1,13.12,16.665,93,6.0032,2011,27,1,20,94.0158
2011-12-27 21:00:00,1,0,1,1,13.12,16.665,87,6.0032,2011,27,1,21,85.98989
2011-12-27 22:00:00,1,0,1,1,13.12,16.665,87,6.0032,2011,27,1,22,65.57969
2011-12-27 23:00:00,1,0,1,1,12.3,15.15,93,8.9981,2011,27,1,23,27.181992
2011-12-28 00:00:00,1,0,1,1,13.12,15.91,87,11.0014,2011,28,2,0,11.069397
2011-12-28 01:00:00,1,0,1,1,13.12,15.91,76,11.0014,2011,28,2,1,0.5632019
2011-12-28 02:00:00,1,0,1,1,13.12,15.15,61,16.9979,2011,28,2,2,-9.396561
2011-12-28 03:00:00,1,0,1,1,13.12,15.15,61,16.9979,2011,28,2,3,-10.244171
2011-12-28 05:00:00,1,0,1,1,13.12,14.395,57,23.9994,2011,28,2,5,3.4052124
2011-12-28 06:00:00,1,0,1,1,13.12,15.15,57,16.9979,2011,28,2,6,32.75969
2011-12-28 07:00:00,1,0,1,1,13.12,15.15,57,16.9979,2011,28,2,7,152.61737
2011-12-28 08:00:00,1,0,1,1,13.12,14.395,57,23.9994,2011,28,2,8,272.46588
2011-12-28 09:00:00,1,0,1,1,13.12,15.15,57,22.0028,2011,28,2,9,117.12407
2011-12-28 10:00:00,1,0,1,1,13.94,15.91,57,15.0013,2011,28,2,10,57.43669
2011-12-28 11:00:00,1,0,1,1,14.76,16.665,46,23.9994,2011,28,2,11,55.89653
2011-12-28 12:00:00,1,0,1,1,13.94,14.395,46,36.9974,2011,28,2,12,55.87982
2011-12-28 13:00:00,1,0,1,1,13.94,14.395,39,31.0009,2011,28,2,13,61.75615
2011-12-28 14:00:00,1,0,1,1,13.12,14.395,39,26.0027,2011,28,2,14,48.143845
2011-12-28 15:00:00,1,0,1,1,13.12,14.395,36,27.9993,2011,28,2,15,53.591583
2011-12-28 16:00:00,1,0,1,1,12.3,13.635,36,27.9993,2011,28,2,16,76.17412
2011-12-28 17:00:00,1,0,1,1,11.48,13.635,38,16.9979,2011,28,2,17,194.59196
2011-12-28 18:00:00,1,0,1,1,10.66,11.365,38,22.0028,2011,28,2,18,169.18225
2011-12-28 19:00:00,1,0,1,1,9.84,11.365,41,16.9979,2011,28,2,19,107.76838
2011-12-28 20:00:00,1,0,1,1,9.84,11.365,41,15.0013,2011,28,2,20,74.45582
2011-12-28 21:00:00,1,0,1,1,9.02,11.365,44,8.9981,2011,28,2,21,53.411224
2011-12-28 22:00:00,1,0,1,1,9.02,12.12,44,7.0015,2011,28,2,22,33.483276
2011-12-28 23:00:00,1,0,1,1,9.02,10.605,44,16.9979,2011,28,2,23,6.2998505
2011-12-29 00:00:00,1,0,1,2,9.02,11.365,47,12.998,2011,29,3,0,14.497223
2011-12-29 01:00:00,1,0,1,1,9.02,10.605,47,15.0013,2011,29,3,1,5.0914917
2011-12-29 02:00:00,1,0,1,1,8.2,11.365,51,7.0015,2011,29,3,2,-3.589264
2011-12-29 03:00:00,1,0,1,1,8.2,9.85,55,12.998,2011,29,3,3,1.6426544
2011-12-29 04:00:00,1,0,1,1,8.2,10.605,55,11.0014,2011,29,3,4,1.6758423
2011-12-29 05:00:00,1,0,1,1,8.2,11.365,55,7.0015,2011,29,3,5,7.615677
2011-12-29 06:00:00,1,0,1,1,8.2,12.88,59,0.0,2011,29,3,6,29.32463
2011-12-29 07:00:00,1,0,1,1,7.38,10.605,64,6.0032,2011,29,3,7,131.24577
2011-12-29 08:00:00,1,0,1,2,8.2,12.88,64,0.0,2011,29,3,8,256.11133
2011-12-29 09:00:00,1,0,1,2,8.2,10.605,64,8.9981,2011,29,3,9,109.16027
2011-12-29 10:00:00,1,0,1,2,9.02,11.365,64,11.0014,2011,29,3,10,45.918015
2011-12-29 11:00:00,1,0,1,2,9.84,12.88,60,6.0032,2011,29,3,11,45.976852
2011-12-29 12:00:00,1,0,1,2,10.66,13.635,56,7.0015,2011,29,3,12,53.11911
2011-12-29 13:00:00,1,0,1,2,11.48,14.395,52,7.0015,2011,29,3,13,60.10739
2011-12-29 14:00:00,1,0,1,2,12.3,16.665,52,0.0,2011,29,3,14,46.600616
2011-12-29 15:00:00,1,0,1,2,12.3,15.91,52,6.0032,2011,29,3,15,58.850723
2011-12-29 16:00:00,1,0,1,1,12.3,15.15,52,11.0014,2011,29,3,16,98.8577
2011-12-29 17:00:00,1,0,1,1,12.3,15.15,61,11.0014,2011,29,3,17,214.29576
2011-12-29 18:00:00,1,0,1,1,12.3,15.15,56,8.9981,2011,29,3,18,202.49461
2011-12-29 19:00:00,1,0,1,1,12.3,15.91,56,7.0015,2011,29,3,19,130.41763
2011-12-29 20:00:00,1,0,1,1,11.48,14.395,65,7.0015,2011,29,3,20,94.40542
2011-12-29 21:00:00,1,0,1,2,11.48,14.395,61,8.9981,2011,29,3,21,73.93638
2011-12-29 22:00:00,1,0,1,1,11.48,14.395,65,8.9981,2011,29,3,22,65.276146
2011-12-29 23:00:00,1,0,1,1,12.3,15.15,65,11.0014,2011,29,3,23,41.50287
2011-12-30 00:00:00,1,0,1,1,11.48,14.395,70,8.9981,2011,30,4,0,24.597336
2011-12-30 01:00:00,1,0,1,1,10.66,14.395,65,6.0032,2011,30,4,1,5.7247467
2011-12-30 02:00:00,1,0,1,1,9.84,12.88,70,7.0015,2011,30,4,2,1.9727478
2011-12-30 03:00:00,1,0,1,1,9.84,12.88,70,7.0015,2011,30,4,3,0.28500366
2011-12-30 04:00:00,1,0,1,1,9.84,12.88,70,6.0032,2011,30,4,4,-1.8859253
2011-12-30 05:00:00,1,0,1,1,9.02,12.88,75,6.0032,2011,30,4,5,12.439606
2011-12-30 06:00:00,1,0,1,1,9.84,12.88,70,6.0032,2011,30,4,6,37.989197
2011-12-30 07:00:00,1,0,1,1,9.84,12.88,75,6.0032,2011,30,4,7,134.33177
2011-12-30 08:00:00,1,0,1,2,9.84,12.88,75,6.0032,2011,30,4,8,250.44545
2011-12-30 09:00:00,1,0,1,1,10.66,15.15,75,0.0,2011,30,4,9,119.11836
2011-12-30 10:00:00,1,0,1,1,12.3,14.395,65,16.9979,2011,30,4,10,70.52486
2011-12-30 11:00:00,1,0,1,1,13.12,15.91,66,12.998,2011,30,4,11,78.29047
2011-12-30 12:00:00,1,0,1,1,13.12,16.665,57,8.9981,2011,30,4,12,93.72337
2011-12-30 13:00:00,1,0,1,2,14.76,17.425,53,8.9981,2011,30,4,13,88.960625
2011-12-30 14:00:00,1,0,1,2,16.4,20.455,47,6.0032,2011,30,4,14,87.136116
2011-12-30 15:00:00,1,0,1,1,17.22,21.21,44,0.0,2011,30,4,15,131.77094
2011-12-30 16:00:00,1,0,1,1,17.22,21.21,47,12.998,2011,30,4,16,153.905
2011-12-30 17:00:00,1,0,1,1,15.58,19.695,54,11.0014,2011,30,4,17,213.6886
2011-12-30 18:00:00,1,0,1,1,14.76,17.425,62,8.9981,2011,30,4,18,180.41168
2011-12-30 19:00:00,1,0,1,2,13.94,15.15,49,27.9993,2011,30,4,19,84.78725
2011-12-30 20:00:00,1,0,1,2,13.94,17.425,66,7.0015,2011,30,4,20,79.80275
2011-12-30 21:00:00,1,0,1,2,14.76,18.18,66,7.0015,2011,30,4,21,71.00742
2011-12-30 22:00:00,1,0,1,2,13.94,16.665,71,11.0014,2011,30,4,22,69.99591
2011-12-30 23:00:00,1,0,1,2,14.76,16.665,66,16.9979,2011,30,4,23,46.67015
2011-12-31 00:00:00,1,0,0,2,15.58,19.695,62,22.0028,2011,31,5,0,41.252274
2011-12-31 01:00:00,1,0,0,2,16.4,20.455,62,19.0012,2011,31,5,1,36.83635
2011-12-31 02:00:00,1,0,0,2,16.4,20.455,62,19.0012,2011,31,5,2,28.96791
2011-12-31 03:00:00,1,0,0,2,16.4,20.455,62,19.0012,2011,31,5,3,3.7904663
2011-12-31 04:00:00,1,0,0,1,15.58,19.695,71,15.0013,2011,31,5,4,-0.036590576
2011-12-31 05:00:00,1,0,0,2,14.76,17.425,76,15.0013,2011,31,5,5,-1.4968109
2011-12-31 06:00:00,1,0,0,2,16.4,20.455,71,6.0032,2011,31,5,6,7.857834
2011-12-31 07:00:00,1,0,0,3,15.58,19.695,76,0.0,2011,31,5,7,-40.877792
2011-12-31 08:00:00,1,0,0,1,13.94,16.665,81,8.9981,2011,31,5,8,11.496811
2011-12-31 09:00:00,1,0,0,1,15.58,19.695,76,0.0,2011,31,5,9,114.796425
2011-12-31 10:00:00,1,0,0,1,16.4,20.455,76,11.0014,2011,31,5,10,139.50293
2011-12-31 11:00:00,1,0,0,1,17.22,21.21,71,11.0014,2011,31,5,11,202.2862
2011-12-31 12:00:00,1,0,0,1,21.32,25.0,39,19.9995,2011,31,5,12,267.7778
2011-12-31 13:00:00,1,0,0,1,20.5,24.24,42,32.9975,2011,31,5,13,266.31467
2011-12-31 14:00:00,1,0,0,1,18.86,22.725,51,22.0028,2011,31,5,14,210.06277
2011-12-31 15:00:00,1,0,0,1,18.86,22.725,47,32.9975,2011,31,5,15,188.1926
2011-12-31 16:00:00,1,0,0,1,18.04,21.97,51,26.0027,2011,31,5,16,198.57126
2011-12-31 17:00:00,1,0,0,1,17.22,21.21,54,12.998,2011,31,5,17,178.5107
2011-12-31 18:00:00,1,0,0,1,17.22,21.21,54,8.9981,2011,31,5,18,159.95393
2011-12-31 19:00:00,1,0,0,1,17.22,21.21,54,15.0013,2011,31,5,19,127.577225
2011-12-31 20:00:00,1,0,0,1,17.22,21.21,54,15.0013,2011,31,5,20,87.654854
2011-12-31 21:00:00,1,0,0,1,16.4,20.455,58,12.998,2011,31,5,21,67.42466
2011-12-31 22:00:00,1,0,0,1,15.58,19.695,62,8.9981,2011,31,5,22,63.240295
2011-12-31 23:00:00,1,0,0,1,14.76,18.94,66,0.0,2011,31,5,23,61.530212
2012-01-20 00:00:00,1,0,1,2,10.66,11.365,48,19.9995,2012,20,4,0,38.226883
2012-01-20 01:00:00,1,0,1,1,10.66,13.635,48,8.9981,2012,20,4,1,22.623108
2012-01-20 02:00:00,1,0,1,1,10.66,13.635,48,8.9981,2012,20,4,2,15.053238
2012-01-20 03:00:00,1,0,1,1,9.84,12.88,52,7.0015,2012,20,4,3,13.150391
2012-01-20 04:00:00,1,0,1,1,9.02,12.12,60,7.0015,2012,20,4,4,11.785934
2012-01-20 05:00:00,1,0,1,1,9.02,12.12,60,7.0015,2012,20,4,5,27.762604
2012-01-20 06:00:00,1,0,1,1,9.84,10.605,60,19.0012,2012,20,4,6,91.88653
2012-01-20 07:00:00,1,0,1,1,9.02,10.605,69,15.0013,2012,20,4,7,248.03392
2012-01-20 08:00:00,1,0,1,1,9.02,10.605,64,16.9979,2012,20,4,8,482.58237
2012-01-20 09:00:00,1,0,1,1,9.02,9.85,47,26.0027,2012,20,4,9,209.27592
2012-01-20 10:00:00,1,0,1,2,9.02,10.605,44,19.0012,2012,20,4,10,119.797745
2012-01-20 11:00:00,1,0,1,2,8.2,9.09,32,23.9994,2012,20,4,11,111.588104
2012-01-20 12:00:00,1,0,1,2,8.2,9.09,34,22.0028,2012,20,4,12,136.949
2012-01-20 13:00:00,1,0,1,1,9.02,10.605,32,19.9995,2012,20,4,13,151.828
2012-01-20 14:00:00,1,0,1,2,9.02,10.605,35,19.9995,2012,20,4,14,128.77138
2012-01-20 15:00:00,1,0,1,2,9.02,11.365,35,12.998,2012,20,4,15,154.03877
2012-01-20 16:00:00,1,0,1,2,8.2,10.605,37,11.0014,2012,20,4,16,184.4854
2012-01-20 17:00:00,1,0,1,2,9.02,12.88,32,6.0032,2012,20,4,17,338.07153
2012-01-20 18:00:00,1,0,1,2,8.2,11.365,34,6.0032,2012,20,4,18,306.89066
2012-01-20 19:00:00,1,0,1,2,8.2,11.365,37,7.0015,2012,20,4,19,174.33174
2012-01-20 20:00:00,1,0,1,2,8.2,11.365,34,6.0032,2012,20,4,20,122.48619
2012-01-20 21:00:00,1,0,1,2,8.2,11.365,37,6.0032,2012,20,4,21,103.51062
2012-01-20 22:00:00,1,0,1,2,8.2,9.85,37,15.0013,2012,20,4,22,81.31319
2012-01-20 23:00:00,1,0,1,3,6.56,7.575,64,15.0013,2012,20,4,23,34.72563
2012-01-21 00:00:00,1,0,0,3,6.56,7.575,64,15.0013,2012,21,5,0,53.453827
2012-01-21 01:00:00,1,0,0,4,5.74,6.82,86,12.998,2012,21,5,1,41.786118
2012-01-21 02:00:00,1,0,0,3,5.74,10.605,86,0.0,2012,21,5,2,35.76123
2012-01-21 03:00:00,1,0,0,3,5.74,9.09,93,6.0032,2012,21,5,3,6.7564697
2012-01-21 04:00:00,1,0,0,3,6.56,9.85,86,6.0032,2012,21,5,4,5.3451233
2012-01-21 05:00:00,1,0,0,3,6.56,9.09,86,7.0015,2012,21,5,5,1.9928894
2012-01-21 06:00:00,1,0,0,3,6.56,8.335,93,11.0014,2012,21,5,6,4.4695435
2012-01-21 07:00:00,1,0,0,3,6.56,8.335,93,11.0014,2012,21,5,7,-22.58641
2012-01-21 08:00:00,1,0,0,2,6.56,7.575,93,16.9979,2012,21,5,8,84.614105
2012-01-21 09:00:00,1,0,0,2,6.56,7.575,93,16.9979,2012,21,5,9,132.98184
2012-01-21 10:00:00,1,0,0,3,6.56,7.575,93,16.9979,2012,21,5,10,96.50547
2012-01-21 11:00:00,1,0,0,2,7.38,10.605,86,7.0015,2012,21,5,11,230.21754
2012-01-21 12:00:00,1,0,0,2,8.2,10.605,80,11.0014,2012,21,5,12,273.4491
2012-01-21 13:00:00,1,0,0,2,8.2,9.85,80,16.9979,2012,21,5,13,262.0392
2012-01-21 14:00:00,1,0,0,3,8.2,9.85,80,12.998,2012,21,5,14,185.99657
2012-01-21 15:00:00,1,0,0,3,8.2,9.85,80,12.998,2012,21,5,15,195.02817
2012-01-21 16:00:00,1,0,0,2,8.2,9.09,80,19.9995,2012,21,5,16,229.36356
2012-01-21 17:00:00,1,0,0,2,8.2,9.09,80,26.0027,2012,21,5,17,166.93607
2012-01-21 18:00:00,1,0,0,2,8.2,9.09,75,26.0027,2012,21,5,18,151.87248
2012-01-21 19:00:00,1,0,0,2,7.38,7.575,80,26.0027,2012,21,5,19,103.81884
2012-01-21 20:00:00,1,0,0,2,7.38,8.335,80,19.9995,2012,21,5,20,85.16555
2012-01-21 21:00:00,1,0,0,1,7.38,7.575,74,22.0028,2012,21,5,21,83.584595
2012-01-21 22:00:00,1,0,0,2,7.38,8.335,74,19.9995,2012,21,5,22,70.566124
2012-01-21 23:00:00,1,0,0,2,6.56,7.575,80,16.9979,2012,21,5,23,65.59168
2012-01-22 00:00:00,1,0,0,1,6.56,6.82,80,19.9995,2012,22,6,0,69.00712
2012-01-22 01:00:00,1,0,0,2,7.38,8.335,74,19.9995,2012,22,6,1,55.880844
2012-01-22 02:00:00,1,0,0,2,7.38,8.335,74,19.0012,2012,22,6,2,41.997696
2012-01-22 03:00:00,1,0,0,2,7.38,8.335,69,19.0012,2012,22,6,3,19.76297
2012-01-22 04:00:00,1,0,0,3,6.56,6.82,80,19.0012,2012,22,6,4,-2.5447845
2012-01-22 05:00:00,1,0,0,3,6.56,7.575,74,15.0013,2012,22,6,5,0.63391113
2012-01-22 06:00:00,1,0,0,2,6.56,7.575,74,15.0013,2012,22,6,6,9.796463
2012-01-22 07:00:00,1,0,0,2,6.56,7.575,74,15.0013,2012,22,6,7,8.682922
2012-01-22 08:00:00,1,0,0,2,6.56,7.575,74,15.0013,2012,22,6,8,60.68048
2012-01-22 09:00:00,1,0,0,2,6.56,7.575,74,15.0013,2012,22,6,9,109.19997
2012-01-22 10:00:00,1,0,0,2,6.56,6.82,74,19.0012,2012,22,6,10,146.21101
2012-01-22 11:00:00,1,0,0,3,6.56,7.575,80,16.9979,2012,22,6,11,144.79674
2012-01-22 12:00:00,1,0,0,2,6.56,7.575,80,15.0013,2012,22,6,12,253.82533
2012-01-22 13:00:00,1,0,0,2,6.56,9.09,80,8.9981,2012,22,6,13,257.9208
2012-01-22 14:00:00,1,0,0,2,6.56,8.335,80,11.0014,2012,22,6,14,235.3483
2012-01-22 15:00:00,1,0,0,2,6.56,7.575,80,12.998,2012,22,6,15,242.36636
2012-01-22 16:00:00,1,0,0,2,6.56,7.575,80,12.998,2012,22,6,16,219.76302
2012-01-22 17:00:00,1,0,0,2,6.56,9.09,80,7.0015,2012,22,6,17,167.29236
2012-01-22 18:00:00,1,0,0,3,6.56,9.09,86,7.0015,2012,22,6,18,96.00816
2012-01-22 19:00:00,1,0,0,3,6.56,9.09,86,7.0015,2012,22,6,19,34.001236
2012-01-22 20:00:00,1,0,0,3,6.56,8.335,86,11.0014,2012,22,6,20,22.940735
2012-01-22 21:00:00,1,0,0,3,6.56,9.09,86,7.0015,2012,22,6,21,27.669342
2012-01-22 22:00:00,1,0,0,2,6.56,9.85,93,6.0032,2012,22,6,22,50.99881
2012-01-22 23:00:00,1,0,0,2,6.56,9.09,93,7.0015,2012,22,6,23,38.319656
2012-01-23 00:00:00,1,0,1,2,7.38,12.12,86,0.0,2012,23,0,0,5.103195
2012-01-23 01:00:00,1,0,1,2,7.38,10.605,86,7.0015,2012,23,0,1,3.6222382
2012-01-23 02:00:00,1,0,1,2,7.38,10.605,86,7.0015,2012,23,0,2,-2.998825
2012-01-23 03:00:00,1,0,1,2,7.38,12.12,86,0.0,2012,23,0,3,-10.547363
2012-01-23 04:00:00,1,0,1,2,8.2,12.88,80,0.0,2012,23,0,4,-7.144928
2012-01-23 05:00:00,1,0,1,2,8.2,12.88,86,0.0,2012,23,0,5,7.722397
2012-01-23 06:00:00,1,0,1,2,8.2,12.88,86,0.0,2012,23,0,6,69.274254
2012-01-23 07:00:00,1,0,1,3,8.2,12.88,86,0.0,2012,23,0,7,117.68906
2012-01-23 08:00:00,1,0,1,3,8.2,10.605,86,8.9981,2012,23,0,8,272.25363
2012-01-23 09:00:00,1,0,1,2,8.2,11.365,86,6.0032,2012,23,0,9,200.8582
2012-01-23 10:00:00,1,0,1,2,8.2,12.88,93,0.0,2012,23,0,10,80.28251
2012-01-23 11:00:00,1,0,1,2,8.2,11.365,93,6.0032,2012,23,0,11,94.37294
2012-01-23 12:00:00,1,0,1,2,9.02,13.635,93,0.0,2012,23,0,12,97.32505
2012-01-23 13:00:00,1,0,1,3,9.02,12.88,93,6.0032,2012,23,0,13,36.177124
2012-01-23 14:00:00,1,0,1,3,9.02,11.365,93,12.998,2012,23,0,14,14.035507
2012-01-23 15:00:00,1,0,1,2,9.02,10.605,100,15.0013,2012,23,0,15,102.81505
2012-01-23 16:00:00,1,0,1,2,9.84,12.12,93,11.0014,2012,23,0,16,149.26869
2012-01-23 17:00:00,1,0,1,2,9.84,12.88,96,7.0015,2012,23,0,17,292.37482
2012-01-23 18:00:00,1,0,1,2,9.84,12.12,93,8.9981,2012,23,0,18,284.36282
2012-01-23 19:00:00,1,0,1,2,10.66,12.88,93,11.0014,2012,23,0,19,189.55457
2012-01-23 20:00:00,1,0,1,2,10.66,12.88,100,11.0014,2012,23,0,20,119.60522
2012-01-23 21:00:00,1,0,1,2,10.66,12.12,100,19.0012,2012,23,0,21,75.4479
2012-01-23 22:00:00,1,0,1,2,10.66,12.12,100,19.0012,2012,23,0,22,45.451004
2012-01-23 23:00:00,1,0,1,2,11.48,12.88,93,22.0028,2012,23,0,23,18.57164
2012-01-24 00:00:00,1,0,1,2,12.3,14.395,100,19.0012,2012,24,1,0,11.593796
2012-01-24 01:00:00,1,0,1,2,13.12,15.15,93,16.9979,2012,24,1,1,0.63871765
2012-01-24 02:00:00,1,0,1,2,13.12,15.15,93,15.0013,2012,24,1,2,-1.3695679
2012-01-24 03:00:00,1,0,1,2,13.12,16.665,93,8.9981,2012,24,1,3,1.0677795
2012-01-24 04:00:00,1,0,1,2,12.3,15.91,100,6.0032,2012,24,1,4,-1.0005493
2012-01-24 05:00:00,1,0,1,2,12.3,15.91,100,6.0032,2012,24,1,5,17.127792
2012-01-24 06:00:00,1,0,1,2,13.12,15.91,93,12.998,2012,24,1,6,85.08042
2012-01-24 07:00:00,1,0,1,2,13.12,16.665,93,8.9981,2012,24,1,7,261.23666
2012-01-24 08:00:00,1,0,1,2,13.12,16.665,93,8.9981,2012,24,1,8,507.85077
2012-01-24 09:00:00,1,0,1,2,13.12,16.665,87,6.0032,2012,24,1,9,223.9012
2012-01-24 10:00:00,1,0,1,1,13.12,16.665,93,6.0032,2012,24,1,10,121.555695
2012-01-24 11:00:00,1,0,1,1,13.94,16.665,87,8.9981,2012,24,1,11,131.56595
2012-01-24 12:00:00,1,0,1,1,13.94,16.665,87,11.0014,2012,24,1,12,136.55061
2012-01-24 13:00:00,1,0,1,1,13.94,16.665,87,11.0014,2012,24,1,13,136.55061
2012-01-24 14:00:00,1,0,1,1,14.76,17.425,81,15.0013,2012,24,1,14,125.97874
2012-01-24 15:00:00,1,0,1,2,16.4,20.455,71,11.0014,2012,24,1,15,161.73419
2012-01-24 16:00:00,1,0,1,1,16.4,20.455,71,8.9981,2012,24,1,16,230.2087
2012-01-24 17:00:00,1,0,1,1,17.22,21.21,67,6.0032,2012,24,1,17,521.2344
2012-01-24 18:00:00,1,0,1,1,16.4,20.455,62,6.0032,2012,24,1,18,449.64703
2012-01-24 19:00:00,1,0,1,1,18.04,21.97,51,6.0032,2012,24,1,19,354.6525
2012-01-24 20:00:00,1,0,1,1,13.12,17.425,76,0.0,2012,24,1,20,179.14354
2012-01-24 21:00:00,1,0,1,1,14.76,18.94,71,0.0,2012,24,1,21,166.75311
2012-01-24 22:00:00,1,0,1,1,13.12,17.425,81,0.0,2012,24,1,22,109.845535
2012-01-24 23:00:00,1,0,1,1,13.12,17.425,76,0.0,2012,24,1,23,68.29993
2012-01-25 00:00:00,1,0,1,1,10.66,15.15,93,0.0,2012,25,2,0,17.692886
2012-01-25 01:00:00,1,0,1,1,12.3,14.395,70,15.0013,2012,25,2,1,6.586334
2012-01-25 02:00:00,1,0,1,1,11.48,13.635,70,12.998,2012,25,2,2,0.14405823
2012-01-25 03:00:00,1,0,1,1,10.66,12.88,75,12.998,2012,25,2,3,-1.1408539
2012-01-25 04:00:00,1,0,1,1,10.66,12.12,70,19.0012,2012,25,2,4,0.56285095
2012-01-25 05:00:00,1,0,1,1,10.66,12.12,70,19.0012,2012,25,2,5,18.928452
2012-01-25 06:00:00,1,0,1,1,9.84,11.365,73,15.0013,2012,25,2,6,86.06542
2012-01-25 07:00:00,1,0,1,1,9.84,11.365,75,15.0013,2012,25,2,7,264.2232
2012-01-25 08:00:00,1,0,1,1,9.84,11.365,70,16.9979,2012,25,2,8,511.67007
2012-01-25 09:00:00,1,0,1,1,9.84,11.365,70,16.9979,2012,25,2,9,220.9504
2012-01-25 10:00:00,1,0,1,2,10.66,11.365,70,22.0028,2012,25,2,10,88.60288
2012-01-25 11:00:00,1,0,1,2,12.3,13.635,61,19.9995,2012,25,2,11,116.90739
2012-01-25 12:00:00,1,0,1,1,13.12,16.665,53,8.9981,2012,25,2,12,140.95654
2012-01-25 13:00:00,1,0,1,1,13.94,16.665,49,8.9981,2012,25,2,13,145.55202
2012-01-25 14:00:00,1,0,1,1,13.94,17.425,49,6.0032,2012,25,2,14,132.95052
2012-01-25 15:00:00,1,0,1,1,14.76,18.94,46,0.0,2012,25,2,15,143.2182
2012-01-25 16:00:00,1,0,1,1,13.94,16.665,53,11.0014,2012,25,2,16,198.25705
2012-01-25 17:00:00,1,0,1,1,14.76,17.425,53,11.0014,2012,25,2,17,395.7356
2012-01-25 18:00:00,1,0,1,1,13.12,16.665,66,8.9981,2012,25,2,18,377.94275
2012-01-25 19:00:00,1,0,1,2,13.94,18.18,53,0.0,2012,25,2,19,223.72194
2012-01-25 20:00:00,1,0,1,1,13.12,15.91,61,12.998,2012,25,2,20,181.85992
2012-01-25 21:00:00,1,0,1,1,12.3,16.665,65,0.0,2012,25,2,21,146.19368
2012-01-25 22:00:00,1,0,1,1,12.3,15.91,65,6.0032,2012,25,2,22,111.68299
2012-01-25 23:00:00,1,0,1,2,11.48,15.91,65,0.0,2012,25,2,23,60.035812
2012-01-26 00:00:00,1,0,1,2,11.48,14.395,75,7.0015,2012,26,3,0,26.734375
2012-01-26 01:00:00,1,0,1,2,11.48,15.91,75,0.0,2012,26,3,1,16.035278
2012-01-26 02:00:00,1,0,1,2,11.48,13.635,75,11.0014,2012,26,3,2,14.640366
2012-01-26 03:00:00,1,0,1,2,11.48,15.15,75,6.0032,2012,26,3,3,8.790131
2012-01-26 04:00:00,1,0,1,1,11.48,15.91,75,0.0,2012,26,3,4,9.939209
2012-01-26 05:00:00,1,0,1,2,12.3,15.91,75,7.0015,2012,26,3,5,26.918488
2012-01-26 06:00:00,1,0,1,2,11.48,15.91,81,0.0,2012,26,3,6,96.0301
2012-01-26 07:00:00,1,0,1,2,11.48,15.15,81,6.0032,2012,26,3,7,279.84244
2012-01-26 08:00:00,1,0,1,2,11.48,15.15,81,6.0032,2012,26,3,8,522.4183
2012-01-26 09:00:00,1,0,1,2,12.3,16.665,81,0.0,2012,26,3,9,233.66827
2012-01-26 10:00:00,1,0,1,2,12.3,15.15,81,8.9981,2012,26,3,10,122.77101
2012-01-26 11:00:00,1,0,1,2,12.3,15.91,87,7.0015,2012,26,3,11,126.652626
2012-01-26 12:00:00,1,0,1,2,13.94,16.665,81,8.9981,2012,26,3,12,151.00891
2012-01-26 13:00:00,1,0,1,2,15.58,19.695,71,0.0,2012,26,3,13,163.66608
2012-01-26 14:00:00,1,0,1,2,16.4,20.455,71,7.0015,2012,26,3,14,152.1945
2012-01-26 15:00:00,1,0,1,2,17.22,21.21,71,7.0015,2012,26,3,15,194.36183
2012-01-26 16:00:00,1,0,1,2,16.4,20.455,71,6.0032,2012,26,3,16,223.94647
2012-01-26 17:00:00,1,0,1,2,17.22,21.21,71,0.0,2012,26,3,17,490.68488
2012-01-26 18:00:00,1,0,1,2,17.22,21.21,71,0.0,2012,26,3,18,494.6483
2012-01-26 19:00:00,1,0,1,2,16.4,20.455,76,7.0015,2012,26,3,19,271.2277
2012-01-26 20:00:00,1,0,1,2,16.4,20.455,82,8.9981,2012,26,3,20,205.72629
2012-01-26 21:00:00,1,0,1,2,16.4,20.455,76,7.0015,2012,26,3,21,165.98853
2012-01-26 22:00:00,1,0,1,1,15.58,19.695,82,7.0015,2012,26,3,22,149.85313
2012-01-26 23:00:00,1,0,1,2,16.4,20.455,82,0.0,2012,26,3,23,93.51809
2012-01-27 00:00:00,1,0,1,2,16.4,20.455,82,16.9979,2012,27,4,0,45.840683
2012-01-27 01:00:00,1,0,1,2,16.4,20.455,87,15.0013,2012,27,4,1,25.738892
2012-01-27 02:00:00,1,0,1,1,17.22,21.21,94,8.9981,2012,27,4,2,21.525818
2012-01-27 03:00:00,1,0,1,2,17.22,21.21,94,19.0012,2012,27,4,3,13.181763
2012-01-27 04:00:00,1,0,1,2,16.4,20.455,100,19.9995,2012,27,4,4,16.668808
2012-01-27 05:00:00,1,0,1,2,17.22,21.21,94,22.0028,2012,27,4,5,26.967133
2012-01-27 06:00:00,1,0,1,2,17.22,21.21,100,22.0028,2012,27,4,6,112.0574
2012-01-27 07:00:00,1,0,1,2,17.22,21.21,100,19.9995,2012,27,4,7,288.19354
2012-01-27 08:00:00,1,0,1,3,20.5,24.24,88,19.0012,2012,27,4,8,305.9238
2012-01-27 09:00:00,1,0,1,3,20.5,24.24,88,19.0012,2012,27,4,9,186.23518
2012-01-27 10:00:00,1,0,1,3,19.68,23.485,100,11.0014,2012,27,4,10,106.6225
2012-01-27 11:00:00,1,0,1,2,19.68,23.485,94,8.9981,2012,27,4,11,215.53557
2012-01-27 12:00:00,1,0,1,2,20.5,24.24,88,11.0014,2012,27,4,12,251.89699
2012-01-27 13:00:00,1,0,1,1,20.5,24.24,59,31.0009,2012,27,4,13,276.50195
2012-01-27 14:00:00,1,0,1,1,20.5,24.24,55,36.9974,2012,27,4,14,265.11505
2012-01-27 15:00:00,1,0,1,1,19.68,23.485,51,22.0028,2012,27,4,15,281.38898
2012-01-27 16:00:00,1,0,1,1,18.04,21.97,51,36.9974,2012,27,4,16,269.82233
2012-01-27 17:00:00,1,0,1,1,17.22,21.21,50,39.0007,2012,27,4,17,469.8444
2012-01-27 18:00:00,1,0,1,1,16.4,20.455,50,32.9975,2012,27,4,18,377.67612
2012-01-27 19:00:00,1,0,1,1,14.76,16.665,50,26.0027,2012,27,4,19,212.98933
2012-01-27 20:00:00,1,0,1,1,13.94,15.15,53,23.9994,2012,27,4,20,153.63298
2012-01-27 21:00:00,1,0,1,1,13.94,14.395,53,35.0008,2012,27,4,21,139.31082
2012-01-27 22:00:00,1,0,1,1,13.94,15.15,49,26.0027,2012,27,4,22,116.300255
2012-01-27 23:00:00,1,0,1,1,13.12,14.395,49,27.9993,2012,27,4,23,88.85289
2012-01-28 00:00:00,1,0,0,1,12.3,14.395,52,19.0012,2012,28,5,0,76.2092
2012-01-28 01:00:00,1,0,0,1,12.3,15.15,52,11.0014,2012,28,5,1,61.61081
2012-01-28 02:00:00,1,0,0,1,10.66,15.15,60,0.0,2012,28,5,2,40.960464
2012-01-28 03:00:00,1,0,0,1,10.66,14.395,60,6.0032,2012,28,5,3,15.58519
2012-01-28 04:00:00,1,0,0,1,10.66,12.88,60,11.0014,2012,28,5,4,8.905228
2012-01-28 05:00:00,1,0,0,1,9.84,12.88,75,6.0032,2012,28,5,5,5.125992
2012-01-28 06:00:00,1,0,0,1,9.84,14.395,70,0.0,2012,28,5,6,11.892288
2012-01-28 07:00:00,1,0,0,1,9.02,13.635,75,0.0,2012,28,5,7,16.8405
2012-01-28 08:00:00,1,0,0,1,8.2,11.365,80,6.0032,2012,28,5,8,82.16089
2012-01-28 09:00:00,1,0,0,1,9.02,13.635,80,0.0,2012,28,5,9,142.94095
2012-01-28 10:00:00,1,0,0,1,10.66,13.635,70,8.9981,2012,28,5,10,174.6247
2012-01-28 11:00:00,1,0,0,1,12.3,15.15,56,8.9981,2012,28,5,11,258.01425
2012-01-28 12:00:00,1,0,0,1,12.3,14.395,61,19.0012,2012,28,5,12,296.74368
2012-01-28 13:00:00,1,0,0,1,13.94,15.91,57,16.9979,2012,28,5,13,327.85434
2012-01-28 14:00:00,1,0,0,1,15.58,19.695,50,26.0027,2012,28,5,14,336.89694
2012-01-28 15:00:00,1,0,0,1,16.4,20.455,47,22.0028,2012,28,5,15,345.07166
2012-01-28 16:00:00,1,0,0,1,17.22,21.21,44,23.9994,2012,28,5,16,361.98825
2012-01-28 17:00:00,1,0,0,1,17.22,21.21,44,26.0027,2012,28,5,17,361.84647
2012-01-28 18:00:00,1,0,0,1,17.22,21.21,41,15.0013,2012,28,5,18,325.5647
2012-01-28 19:00:00,1,0,0,2,17.22,21.21,41,36.9974,2012,28,5,19,230.25089
2012-01-28 20:00:00,1,0,0,1,16.4,20.455,35,26.0027,2012,28,5,20,157.13766
2012-01-28 21:00:00,1,0,0,1,14.76,16.665,29,23.9994,2012,28,5,21,124.4115
2012-01-28 22:00:00,1,0,0,1,13.94,16.665,34,12.998,2012,28,5,22,107.0712
2012-01-28 23:00:00,1,0,0,1,13.12,15.91,31,12.998,2012,28,5,23,100.66176
2012-01-29 00:00:00,1,0,0,1,12.3,14.395,33,15.0013,2012,29,6,0,83.561844
2012-01-29 01:00:00,1,0,0,1,12.3,13.635,28,23.9994,2012,29,6,1,54.14525
2012-01-29 02:00:00,1,0,0,1,11.48,12.88,26,22.0028,2012,29,6,2,15.252121
2012-01-29 03:00:00,1,0,0,1,10.66,12.88,28,12.998,2012,29,6,3,10.7379
2012-01-29 04:00:00,1,0,0,1,9.84,12.88,30,0.0,2012,29,6,4,7.614105
2012-01-29 05:00:00,1,0,0,1,8.2,10.605,51,8.9981,2012,29,6,5,11.057175
2012-01-29 06:00:00,1,0,0,1,8.2,11.365,40,7.0015,2012,29,6,6,12.63765
2012-01-29 07:00:00,1,0,0,1,8.2,10.605,37,8.9981,2012,29,6,7,7.338684
2012-01-29 08:00:00,1,0,0,1,7.38,9.85,40,8.9981,2012,29,6,8,59.450912
2012-01-29 09:00:00,1,0,0,1,7.38,9.85,43,8.9981,2012,29,6,9,102.90582
2012-01-29 10:00:00,1,0,0,1,9.84,12.12,35,8.9981,2012,29,6,10,165.36504
2012-01-29 11:00:00,1,0,0,1,11.48,13.635,28,15.0013,2012,29,6,11,224.14536
2012-01-29 12:00:00,1,0,0,1,13.12,15.15,26,15.0013,2012,29,6,12,262.9964
2012-01-29 13:00:00,1,0,0,1,13.12,15.15,26,15.0013,2012,29,6,13,262.9964
2012-01-29 14:00:00,1,0,0,1,13.12,15.15,26,16.9979,2012,29,6,14,241.91566
2012-01-29 15:00:00,1,0,0,1,14.76,16.665,25,19.0012,2012,29,6,15,273.9607
2012-01-29 16:00:00,1,0,0,1,14.76,16.665,21,27.9993,2012,29,6,16,248.37662
2012-01-29 17:00:00,1,0,0,1,14.76,16.665,21,27.9993,2012,29,6,17,184.81184
2012-01-29 18:00:00,1,0,0,1,13.94,15.15,23,23.9994,2012,29,6,18,115.8362
2012-01-29 19:00:00,1,0,0,1,13.12,15.15,29,16.9979,2012,29,6,19,109.76673
2012-01-29 20:00:00,1,0,0,1,12.3,14.395,39,15.0013,2012,29,6,20,79.62687
2012-01-29 21:00:00,1,0,0,1,12.3,14.395,33,19.0012,2012,29,6,21,73.43552
2012-01-29 22:00:00,1,0,0,1,13.12,14.395,26,26.0027,2012,29,6,22,8.468582
2012-01-29 23:00:00,1,0,0,1,12.3,13.635,33,22.0028,2012,29,6,23,49.282166
2012-01-30 00:00:00,1,0,1,2,13.12,14.395,26,27.9993,2012,30,0,0,5.892105
2012-01-30 01:00:00,1,0,1,1,10.66,11.365,60,23.9994,2012,30,0,1,5.32222
2012-01-30 02:00:00,1,0,1,1,9.84,10.605,48,23.9994,2012,30,0,2,-3.569336
2012-01-30 03:00:00,1,0,1,1,9.84,11.365,48,12.998,2012,30,0,3,-2.6575165
2012-01-30 04:00:00,1,0,1,1,8.2,10.605,51,8.9981,2012,30,0,4,-1.1523132
2012-01-30 05:00:00,1,0,1,1,8.2,10.605,51,8.9981,2012,30,0,5,15.600067
2012-01-30 06:00:00,1,0,1,1,9.02,10.605,44,16.9979,2012,30,0,6,79.06062
2012-01-30 07:00:00,1,0,1,1,9.02,10.605,44,19.0012,2012,30,0,7,254.82846
2012-01-30 08:00:00,1,0,1,1,8.2,9.85,47,15.0013,2012,30,0,8,480.81705
2012-01-30 09:00:00,1,0,1,1,8.2,9.85,47,15.0013,2012,30,0,9,204.88283
2012-01-30 10:00:00,1,0,1,1,9.02,10.605,41,19.0012,2012,30,0,10,86.03772
2012-01-30 11:00:00,1,0,1,1,10.66,12.88,38,0.0,2012,30,0,11,92.619995
2012-01-30 12:00:00,1,0,1,1,10.66,11.365,35,26.0027,2012,30,0,12,113.36865
2012-01-30 13:00:00,1,0,1,1,12.3,14.395,31,12.998,2012,30,0,13,129.44038
2012-01-30 14:00:00,1,0,1,1,13.12,16.665,24,8.9981,2012,30,0,14,124.30466
2012-01-30 15:00:00,1,0,1,1,13.12,15.91,24,12.998,2012,30,0,15,135.25606
2012-01-30 16:00:00,1,0,1,1,13.94,16.665,25,12.998,2012,30,0,16,191.6155
2012-01-30 17:00:00,1,0,1,1,14.76,17.425,21,12.998,2012,30,0,17,405.92554
2012-01-30 18:00:00,1,0,1,1,13.94,16.665,23,11.0014,2012,30,0,18,408.45474
2012-01-30 19:00:00,1,0,1,1,12.3,15.91,45,7.0015,2012,30,0,19,240.36679
2012-01-30 20:00:00,1,0,1,1,12.3,15.15,39,11.0014,2012,30,0,20,176.118
2012-01-30 21:00:00,1,0,1,1,12.3,15.15,42,11.0014,2012,30,0,21,144.41946
2012-01-30 22:00:00,1,0,1,1,11.48,13.635,48,15.0013,2012,30,0,22,83.37869
2012-01-30 23:00:00,1,0,1,1,10.66,12.88,60,12.998,2012,30,0,23,35.976547
2012-01-31 00:00:00,1,0,1,1,11.48,13.635,52,16.9979,2012,31,1,0,17.509308
2012-01-31 01:00:00,1,0,1,1,12.3,13.635,42,19.9995,2012,31,1,1,6.935684
2012-01-31 02:00:00,1,0,1,1,12.3,14.395,42,15.0013,2012,31,1,2,-0.20202637
2012-01-31 03:00:00,1,0,1,1,12.3,14.395,45,15.0013,2012,31,1,3,-0.59439087
2012-01-31 04:00:00,1,0,1,1,12.3,14.395,49,12.998,2012,31,1,4,-1.4180603
2012-01-31 05:00:00,1,0,1,1,12.3,14.395,49,12.998,2012,31,1,5,16.94751
2012-01-31 06:00:00,1,0,1,1,11.48,13.635,52,11.0014,2012,31,1,6,90.2455
2012-01-31 07:00:00,1,0,1,1,10.66,12.88,60,12.998,2012,31,1,7,264.12338
2012-01-31 08:00:00,1,0,1,1,10.66,13.635,60,7.0015,2012,31,1,8,516.4237
2012-01-31 09:00:00,1,0,1,1,12.3,14.395,52,12.998,2012,31,1,9,232.53824
2012-01-31 10:00:00,1,0,1,2,13.12,15.91,57,12.998,2012,31,1,10,108.91264
2012-01-31 11:00:00,1,0,1,1,16.4,20.455,37,19.0012,2012,31,1,11,149.5713
2012-01-31 12:00:00,1,0,1,1,16.4,20.455,43,19.9995,2012,31,1,12,175.19731
2012-01-31 13:00:00,1,0,1,1,18.86,22.725,36,15.0013,2012,31,1,13,219.44734
2012-01-31 14:00:00,1,0,1,1,20.5,24.24,29,22.0028,2012,31,1,14,223.6976
2012-01-31 15:00:00,1,0,1,1,22.14,25.76,26,30.0026,2012,31,1,15,212.4163
2012-01-31 16:00:00,1,0,1,1,22.14,25.76,26,30.0026,2012,31,1,16,278.6254
2012-01-31 17:00:00,1,0,1,1,22.14,25.76,26,27.9993,2012,31,1,17,574.21484
2012-01-31 18:00:00,1,0,1,1,22.14,25.76,24,23.9994,2012,31,1,18,570.2521
2012-01-31 19:00:00,1,0,1,1,20.5,24.24,29,19.0012,2012,31,1,19,410.3767
2012-01-31 20:00:00,1,0,1,1,16.4,20.455,58,7.0015,2012,31,1,20,222.27832
2012-01-31 21:00:00,1,0,1,1,18.86,22.725,33,19.9995,2012,31,1,21,203.1701
2012-01-31 22:00:00,1,0,1,1,18.04,21.97,35,19.9995,2012,31,1,22,119.164375
2012-01-31 23:00:00,1,0,1,1,18.04,21.97,38,16.9979,2012,31,1,23,74.06327
2012-02-20 00:00:00,1,1,0,2,9.84,12.88,87,6.0032,2012,20,0,0,39.75151
2012-02-20 01:00:00,1,1,0,2,9.84,12.88,87,6.0032,2012,20,0,1,31.460907
2012-02-20 02:00:00,1,1,0,2,9.84,12.88,87,6.0032,2012,20,0,2,23.76445
2012-02-20 03:00:00,1,1,0,2,9.84,11.365,81,12.998,2012,20,0,3,0.97210693
2012-02-20 05:00:00,1,1,0,2,9.84,10.605,60,23.9994,2012,20,0,5,8.914734
2012-02-20 06:00:00,1,1,0,1,9.84,9.85,52,27.9993,2012,20,0,6,18.59822
2012-02-20 07:00:00,1,1,0,2,9.02,9.85,55,22.0028,2012,20,0,7,94.6368
2012-02-20 08:00:00,1,1,0,1,8.2,9.09,59,23.9994,2012,20,0,8,140.80473
2012-02-20 09:00:00,1,1,0,1,8.2,9.09,59,23.9994,2012,20,0,9,144.6979
2012-02-20 10:00:00,1,1,0,1,9.02,9.85,55,30.0026,2012,20,0,10,120.15768
2012-02-20 11:00:00,1,1,0,1,10.66,11.365,48,23.9994,2012,20,0,11,138.30098
2012-02-20 12:00:00,1,1,0,1,11.48,13.635,45,15.0013,2012,20,0,12,164.74596
2012-02-20 13:00:00,1,1,0,1,12.3,14.395,42,19.0012,2012,20,0,13,174.01279
2012-02-20 14:00:00,1,1,0,1,13.12,15.91,36,12.998,2012,20,0,14,156.4324
2012-02-20 15:00:00,1,1,0,1,13.94,15.91,34,15.0013,2012,20,0,15,182.14114
2012-02-20 16:00:00,1,1,0,1,14.76,18.94,29,7.0015,2012,20,0,16,222.61916
2012-02-20 17:00:00,1,1,0,1,15.58,19.695,27,16.9979,2012,20,0,17,314.0823
2012-02-20 18:00:00,1,1,0,1,13.94,15.91,34,15.0013,2012,20,0,18,271.1021
2012-02-20 19:00:00,1,1,0,1,13.94,15.91,34,15.0013,2012,20,0,19,223.59271
2012-02-20 20:00:00,1,1,0,1,13.94,16.665,34,12.998,2012,20,0,20,166.40967
2012-02-20 21:00:00,1,1,0,1,12.3,15.15,39,11.0014,2012,20,0,21,129.26952
2012-02-20 22:00:00,1,1,0,1,12.3,15.91,45,6.0032,2012,20,0,22,90.576614
2012-02-20 23:00:00,1,1,0,1,12.3,16.665,39,0.0,2012,20,0,23,40.47032
2012-02-21 00:00:00,1,0,1,1,10.66,15.15,65,0.0,2012,21,1,0,11.945541
2012-02-21 01:00:00,1,0,1,1,10.66,15.15,56,0.0,2012,21,1,1,-5.1763916
2012-02-21 02:00:00,1,0,1,1,9.84,14.395,60,0.0,2012,21,1,2,-12.214493
2012-02-21 04:00:00,1,0,1,1,9.02,13.635,64,0.0,2012,21,1,4,-5.5392
2012-02-21 05:00:00,1,0,1,1,8.2,12.88,69,0.0,2012,21,1,5,11.92601
2012-02-21 06:00:00,1,0,1,1,8.2,12.88,75,0.0,2012,21,1,6,76.75774
2012-02-21 07:00:00,1,0,1,1,9.02,13.635,64,0.0,2012,21,1,7,258.50522
2012-02-21 08:00:00,1,0,1,1,8.2,11.365,69,6.0032,2012,21,1,8,497.01157
2012-02-21 09:00:00,1,0,1,1,8.2,11.365,75,7.0015,2012,21,1,9,219.05875
2012-02-21 10:00:00,1,0,1,1,9.84,11.365,70,12.998,2012,21,1,10,96.57175
2012-02-21 11:00:00,1,0,1,2,10.66,12.12,70,19.0012,2012,21,1,11,94.02683
2012-02-21 12:00:00,1,0,1,2,12.3,13.635,56,26.0027,2012,21,1,12,124.06472
2012-02-21 13:00:00,1,0,1,1,13.94,15.15,49,27.9993,2012,21,1,13,135.51598
2012-02-21 14:00:00,1,0,1,2,13.12,14.395,53,26.0027,2012,21,1,14,107.3121
2012-02-21 15:00:00,1,0,1,1,13.94,15.15,49,27.9993,2012,21,1,15,135.80304
2012-02-21 16:00:00,1,0,1,1,14.76,16.665,46,27.9993,2012,21,1,16,192.45547
2012-02-21 17:00:00,1,0,1,1,15.58,19.695,40,30.0026,2012,21,1,17,431.80847
2012-02-21 18:00:00,1,0,1,1,15.58,19.695,40,30.0026,2012,21,1,18,436.3662
2012-02-21 19:00:00,1,0,1,1,14.76,16.665,46,19.9995,2012,21,1,19,247.96056
2012-02-21 20:00:00,1,0,1,1,13.94,15.91,53,16.9979,2012,21,1,20,185.55276
2012-02-21 21:00:00,1,0,1,1,13.94,16.665,61,11.0014,2012,21,1,21,162.29674
2012-02-21 22:00:00,1,0,1,2,13.94,16.665,71,12.998,2012,21,1,22,108.58024
2012-02-21 23:00:00,1,0,1,1,13.12,15.15,66,15.0013,2012,21,1,23,62.842575
2012-02-22 00:00:00,1,0,1,1,13.12,15.15,66,15.0013,2012,22,2,0,17.826447
2012-02-22 01:00:00,1,0,1,1,13.12,16.665,70,8.9981,2012,22,2,1,8.565216
2012-02-22 02:00:00,1,0,1,1,13.94,15.91,66,19.0012,2012,22,2,2,2.6927643
2012-02-22 03:00:00,1,0,1,2,13.94,15.91,71,15.0013,2012,22,2,3,1.3251343
2012-02-22 04:00:00,1,0,1,1,13.94,16.665,71,11.0014,2012,22,2,4,3.3153534
2012-02-22 05:00:00,1,0,1,1,13.12,16.665,70,7.0015,2012,22,2,5,20.129745
2012-02-22 06:00:00,1,0,1,1,13.12,15.91,76,11.0014,2012,22,2,6,88.26445
2012-02-22 07:00:00,1,0,1,1,13.12,16.665,76,6.0032,2012,22,2,7,279.04562
2012-02-22 08:00:00,1,0,1,1,12.3,15.91,75,6.0032,2012,22,2,8,529.2795
2012-02-22 09:00:00,1,0,1,1,13.12,16.665,70,6.0032,2012,22,2,9,242.70793
2012-02-22 10:00:00,1,0,1,1,13.94,17.425,71,6.0032,2012,22,2,10,132.44478
2012-02-22 11:00:00,1,0,1,1,14.76,17.425,66,11.0014,2012,22,2,11,141.82578
2012-02-22 12:00:00,1,0,1,1,16.4,20.455,62,19.0012,2012,22,2,12,177.07895
2012-02-22 13:00:00,1,0,1,1,17.22,21.21,54,19.9995,2012,22,2,13,201.74731
2012-02-22 14:00:00,1,0,1,1,18.04,21.97,54,22.0028,2012,22,2,14,182.3535
2012-02-22 15:00:00,1,0,1,1,20.5,24.24,31,27.9993,2012,22,2,15,240.13164
2012-02-22 16:00:00,1,0,1,1,21.32,25.0,29,31.0009,2012,22,2,16,282.53986
2012-02-22 17:00:00,1,0,1,1,21.32,25.0,32,26.0027,2012,22,2,17,564.7905
2012-02-22 18:00:00,1,0,1,2,19.68,23.485,41,22.0028,2012,22,2,18,519.02075
2012-02-22 19:00:00,1,0,1,2,18.86,22.725,44,19.0012,2012,22,2,19,354.9778
2012-02-22 20:00:00,1,0,1,2,18.04,21.97,47,12.998,2012,22,2,20,210.93956
2012-02-22 21:00:00,1,0,1,2,19.68,23.485,33,19.0012,2012,22,2,21,191.9945
2012-02-22 22:00:00,1,0,1,2,18.04,21.97,47,16.9979,2012,22,2,22,112.1568
2012-02-22 23:00:00,1,0,1,2,18.86,22.725,41,19.0012,2012,22,2,23,74.30499
2012-02-23 00:00:00,1,0,1,2,18.04,21.97,47,16.9979,2012,23,3,0,32.273422
2012-02-23 01:00:00,1,0,1,2,18.04,21.97,58,19.0012,2012,23,3,1,18.390549
2012-02-23 02:00:00,1,0,1,2,18.04,21.97,62,15.0013,2012,23,3,2,16.371109
2012-02-23 03:00:00,1,0,1,3,18.04,21.97,67,12.998,2012,23,3,3,9.354248
2012-02-23 04:00:00,1,0,1,1,16.4,20.455,76,15.0013,2012,23,3,4,14.890747
2012-02-23 05:00:00,1,0,1,1,16.4,20.455,76,15.0013,2012,23,3,5,33.85466
2012-02-23 06:00:00,1,0,1,1,14.76,17.425,87,12.998,2012,23,3,6,119.025536
2012-02-23 07:00:00,1,0,1,1,14.76,17.425,81,15.0013,2012,23,3,7,302.88983
2012-02-23 08:00:00,1,0,1,1,13.94,16.665,87,12.998,2012,23,3,8,538.4563
2012-02-23 09:00:00,1,0,1,1,14.76,16.665,81,16.9979,2012,23,3,9,259.26666
2012-02-23 10:00:00,1,0,1,1,17.22,21.21,67,12.998,2012,23,3,10,178.3961
2012-02-23 11:00:00,1,0,1,1,19.68,23.485,48,19.0012,2012,23,3,11,206.9142
2012-02-23 12:00:00,1,0,1,1,20.5,24.24,42,16.9979,2012,23,3,12,250.75995
2012-02-23 13:00:00,1,0,1,1,21.32,25.0,39,12.998,2012,23,3,13,238.57214
2012-02-23 14:00:00,1,0,1,1,22.14,25.76,37,16.9979,2012,23,3,14,223.58038
2012-02-23 15:00:00,1,0,1,1,22.14,25.76,33,8.9981,2012,23,3,15,242.22864
2012-02-23 16:00:00,1,0,1,1,22.96,26.515,32,0.0,2012,23,3,16,349.91168
2012-02-23 17:00:00,1,0,1,1,22.14,25.76,32,11.0014,2012,23,3,17,580.8883
2012-02-23 18:00:00,1,0,1,1,22.14,25.76,37,8.9981,2012,23,3,18,586.3035
2012-02-23 19:00:00,1,0,1,1,20.5,24.24,39,6.0032,2012,23,3,19,426.22324
2012-02-23 20:00:00,1,0,1,1,18.86,22.725,44,8.9981,2012,23,3,20,288.4886
2012-02-23 21:00:00,1,0,1,1,18.04,21.97,51,15.0013,2012,23,3,21,202.28531
2012-02-23 22:00:00,1,0,1,1,18.04,21.97,54,16.9979,2012,23,3,22,148.11209
2012-02-23 23:00:00,1,0,1,1,18.04,21.97,54,0.0,2012,23,3,23,97.43167
2012-02-24 00:00:00,1,0,1,2,18.04,21.97,58,6.0032,2012,24,4,0,53.318848
2012-02-24 01:00:00,1,0,1,1,18.04,21.97,62,12.998,2012,24,4,1,26.495255
2012-02-24 02:00:00,1,0,1,3,17.22,21.21,77,19.0012,2012,24,4,2,6.287857
2012-02-24 03:00:00,1,0,1,1,17.22,21.21,82,8.9981,2012,24,4,3,18.676819
2012-02-24 04:00:00,1,0,1,1,16.4,20.455,87,8.9981,2012,24,4,4,17.386978
2012-02-24 05:00:00,1,0,1,2,16.4,20.455,87,12.998,2012,24,4,5,30.549591
2012-02-24 06:00:00,1,0,1,2,16.4,20.455,87,11.0014,2012,24,4,6,113.8779
2012-02-24 07:00:00,1,0,1,2,16.4,20.455,76,15.0013,2012,24,4,7,286.8815
2012-02-24 08:00:00,1,0,1,2,15.58,19.695,76,22.0028,2012,24,4,8,477.62433
2012-02-24 09:00:00,1,0,1,3,14.76,16.665,81,16.9979,2012,24,4,9,130.26497
2012-02-24 10:00:00,1,0,1,3,14.76,17.425,81,11.0014,2012,24,4,10,71.80024
2012-02-24 11:00:00,1,0,1,2,14.76,18.18,81,7.0015,2012,24,4,11,167.47617
2012-02-24 12:00:00,1,0,1,2,16.4,20.455,76,8.9981,2012,24,4,12,202.44464
2012-02-24 13:00:00,1,0,1,2,17.22,21.21,71,7.0015,2012,24,4,13,231.95331
2012-02-24 14:00:00,1,0,1,2,18.86,22.725,67,7.0015,2012,24,4,14,235.09183
2012-02-24 15:00:00,1,0,1,3,16.4,20.455,87,12.998,2012,24,4,15,109.24956
2012-02-24 16:00:00,1,0,1,3,16.4,20.455,87,12.998,2012,24,4,16,145.71808
2012-02-24 17:00:00,1,0,1,3,17.22,21.21,94,7.0015,2012,24,4,17,344.71057
2012-02-24 18:00:00,1,0,1,2,17.22,21.21,94,0.0,2012,24,4,18,406.6125
2012-02-24 19:00:00,1,0,1,2,18.04,21.97,88,7.0015,2012,24,4,19,301.32935
2012-02-24 20:00:00,1,0,1,1,18.04,21.97,62,27.9993,2012,24,4,20,197.23332
2012-02-24 21:00:00,1,0,1,1,17.22,21.21,35,54.002,2012,24,4,21,159.4932
2012-02-24 22:00:00,1,0,1,1,16.4,20.455,37,39.0007,2012,24,4,22,132.97043
2012-02-24 23:00:00,1,0,1,1,15.58,19.695,37,46.0022,2012,24,4,23,112.709755
2012-02-25 00:00:00,1,0,0,1,14.76,16.665,43,26.0027,2012,25,5,0,90.22675
2012-02-25 01:00:00,1,0,0,1,13.94,15.15,42,23.9994,2012,25,5,1,73.633026
2012-02-25 02:00:00,1,0,0,1,13.12,15.15,45,16.9979,2012,25,5,2,46.048523
2012-02-25 03:00:00,1,0,0,1,12.3,13.635,45,19.9995,2012,25,5,3,17.792572
2012-02-25 04:00:00,1,0,0,1,12.3,13.635,42,22.0028,2012,25,5,4,15.509689
2012-02-25 05:00:00,1,0,0,2,12.3,13.635,42,19.9995,2012,25,5,5,8.138092
2012-02-25 06:00:00,1,0,0,2,12.3,13.635,42,19.9995,2012,25,5,6,13.205887
2012-02-25 07:00:00,1,0,0,1,11.48,12.12,45,30.0026,2012,25,5,7,27.252289
2012-02-25 08:00:00,1,0,0,1,10.66,11.365,48,19.9995,2012,25,5,8,73.87519
2012-02-25 09:00:00,1,0,0,3,9.02,9.85,75,22.0028,2012,25,5,9,61.477905
2012-02-25 10:00:00,1,0,0,1,10.66,11.365,60,23.9994,2012,25,5,10,170.93167
2012-02-25 11:00:00,1,0,0,1,12.3,12.88,39,40.9973,2012,25,5,11,248.45331
2012-02-25 12:00:00,1,0,0,1,13.12,13.635,29,43.9989,2012,25,5,12,303.12857
2012-02-25 13:00:00,1,0,0,1,13.12,14.395,31,32.9975,2012,25,5,13,307.52356
2012-02-25 14:00:00,1,0,0,1,13.12,13.635,29,36.9974,2012,25,5,14,286.5937
2012-02-25 15:00:00,1,0,0,1,13.12,14.395,29,27.9993,2012,25,5,15,301.996
2012-02-25 16:00:00,1,0,0,1,13.12,13.635,26,39.0007,2012,25,5,16,259.555
2012-02-25 17:00:00,1,0,0,1,12.3,13.635,33,23.9994,2012,25,5,17,218.25102
2012-02-25 18:00:00,1,0,0,1,12.3,12.88,28,39.0007,2012,25,5,18,172.73332
2012-02-25 19:00:00,1,0,0,1,10.66,10.605,33,30.0026,2012,25,5,19,113.75893
2012-02-25 20:00:00,1,0,0,1,10.66,10.605,30,36.9974,2012,25,5,20,81.83989
2012-02-25 21:00:00,1,0,0,1,9.84,10.605,35,22.0028,2012,25,5,21,85.91067
2012-02-25 22:00:00,1,0,0,1,9.84,9.85,38,31.0009,2012,25,5,22,67.680626
2012-02-25 23:00:00,1,0,0,1,9.84,9.85,41,27.9993,2012,25,5,23,68.41177
2012-02-26 00:00:00,1,0,0,1,9.84,10.605,41,23.9994,2012,26,6,0,77.35431
2012-02-26 01:00:00,1,0,0,1,9.84,10.605,44,22.0028,2012,26,6,1,64.687546
2012-02-26 02:00:00,1,0,0,1,9.84,10.605,44,22.0028,2012,26,6,2,49.72023
2012-02-26 03:00:00,1,0,0,1,9.84,11.365,41,12.998,2012,26,6,3,23.549164
2012-02-26 04:00:00,1,0,0,1,9.84,11.365,41,12.998,2012,26,6,4,11.836258
2012-02-26 05:00:00,1,0,0,1,9.02,10.605,44,15.0013,2012,26,6,5,7.9523163
2012-02-26 06:00:00,1,0,0,1,9.02,9.85,44,22.0028,2012,26,6,6,11.812759
2012-02-26 07:00:00,1,0,0,1,8.2,9.09,51,19.9995,2012,26,6,7,5.393265
2012-02-26 08:00:00,1,0,0,1,8.2,9.85,51,16.9979,2012,26,6,8,51.361008
2012-02-26 09:00:00,1,0,0,1,9.02,10.605,47,15.0013,2012,26,6,9,107.948654
2012-02-26 10:00:00,1,0,0,1,10.66,12.88,41,11.0014,2012,26,6,10,171.30789
2012-02-26 11:00:00,1,0,0,1,11.48,12.88,41,19.0012,2012,26,6,11,246.31503
2012-02-26 12:00:00,1,0,0,1,12.3,15.15,39,8.9981,2012,26,6,12,296.43103
2012-02-26 13:00:00,1,0,0,1,13.12,16.665,36,0.0,2012,26,6,13,308.05383
2012-02-26 14:00:00,1,0,0,1,13.94,17.425,31,0.0,2012,26,6,14,298.54047
2012-02-26 15:00:00,1,0,0,1,14.76,17.425,29,0.0,2012,26,6,15,318.52255
2012-02-26 16:00:00,1,0,0,1,14.76,16.665,32,16.9979,2012,26,6,16,292.171
2012-02-26 17:00:00,1,0,0,1,14.76,17.425,32,15.0013,2012,26,6,17,239.56381
2012-02-26 18:00:00,1,0,0,1,13.94,15.91,36,19.0012,2012,26,6,18,192.14043
2012-02-26 19:00:00,1,0,0,1,13.94,16.665,34,11.0014,2012,26,6,19,120.47176
2012-02-26 20:00:00,1,0,0,1,13.12,15.91,42,11.0014,2012,26,6,20,87.59625
2012-02-26 21:00:00,1,0,0,1,12.3,15.15,45,8.9981,2012,26,6,21,75.32061
2012-02-26 22:00:00,1,0,0,1,12.3,14.395,42,15.0013,2012,26,6,22,65.67507
2012-02-26 23:00:00,1,0,0,1,10.66,12.88,56,11.0014,2012,26,6,23,39.026
2012-02-27 00:00:00,1,0,1,1,10.66,12.12,60,16.9979,2012,27,0,0,16.887863
2012-02-27 01:00:00,1,0,1,1,10.66,12.88,65,15.0013,2012,27,0,1,6.3917694
2012-02-27 02:00:00,1,0,1,1,10.66,11.365,70,19.9995,2012,27,0,2,0.5103607
2012-02-27 03:00:00,1,0,1,1,9.84,12.12,75,11.0014,2012,27,0,3,-0.7149353
2012-02-27 04:00:00,1,0,1,1,9.02,11.365,80,8.9981,2012,27,0,4,-0.7149353
2012-02-27 05:00:00,1,0,1,1,9.02,11.365,80,8.9981,2012,27,0,5,17.65062
2012-02-27 06:00:00,1,0,1,1,9.84,11.365,70,16.9979,2012,27,0,6,84.047806
2012-02-27 07:00:00,1,0,1,1,9.84,11.365,60,15.0013,2012,27,0,7,259.4978
2012-02-27 08:00:00,1,0,1,1,9.84,12.12,60,0.0,2012,27,0,8,495.26016
2012-02-27 09:00:00,1,0,1,1,10.66,12.88,60,12.998,2012,27,0,9,216.20952
2012-02-27 10:00:00,1,0,1,1,13.12,15.15,45,16.9979,2012,27,0,10,112.01107
2012-02-27 11:00:00,1,0,1,1,14.76,16.665,43,16.9979,2012,27,0,11,135.97644
2012-02-27 12:00:00,1,0,1,1,16.4,20.455,37,19.9995,2012,27,0,12,172.66673
2012-02-27 13:00:00,1,0,1,1,16.4,20.455,43,19.0012,2012,27,0,13,174.51312
2012-02-27 14:00:00,1,0,1,1,18.86,22.725,36,19.0012,2012,27,0,14,202.96718
2012-02-27 15:00:00,1,0,1,1,21.32,25.0,25,27.9993,2012,27,0,15,220.2796
2012-02-27 16:00:00,1,0,1,1,22.14,25.76,26,30.0026,2012,27,0,16,273.36102
2012-02-27 17:00:00,1,0,1,1,22.14,25.76,24,30.0026,2012,27,0,17,558.2449
2012-02-27 18:00:00,1,0,1,1,21.32,25.0,27,27.9993,2012,27,0,18,579.0065
2012-02-27 19:00:00,1,0,1,1,20.5,24.24,29,26.0027,2012,27,0,19,407.92172
2012-02-27 20:00:00,1,0,1,1,19.68,23.485,33,23.9994,2012,27,0,20,254.09029
2012-02-27 21:00:00,1,0,1,1,18.86,22.725,36,19.0012,2012,27,0,21,183.08562
2012-02-27 22:00:00,1,0,1,1,18.04,21.97,44,16.9979,2012,27,0,22,103.311356
2012-02-27 23:00:00,1,0,1,1,17.22,21.21,50,11.0014,2012,27,0,23,69.71782
2012-02-28 00:00:00,1,0,1,1,17.22,21.21,54,8.9981,2012,28,1,0,24.027756
2012-02-28 01:00:00,1,0,1,1,15.58,19.695,62,11.0014,2012,28,1,1,11.900711
2012-02-28 02:00:00,1,0,1,1,16.4,20.455,54,7.0015,2012,28,1,2,4.8893433
2012-02-28 03:00:00,1,0,1,1,16.4,20.455,32,23.9994,2012,28,1,3,3.132187
2012-02-28 04:00:00,1,0,1,1,13.12,14.395,42,23.9994,2012,28,1,4,0.44161987
2012-02-28 05:00:00,1,0,1,1,13.12,14.395,42,23.9994,2012,28,1,5,18.422958
2012-02-28 06:00:00,1,0,1,1,12.3,13.635,45,22.0028,2012,28,1,6,85.69359
2012-02-28 07:00:00,1,0,1,1,11.48,12.88,45,19.9995,2012,28,1,7,269.6615
2012-02-28 08:00:00,1,0,1,1,10.66,12.12,48,19.0012,2012,28,1,8,507.7125
2012-02-28 09:00:00,1,0,1,1,11.48,12.88,45,23.9994,2012,28,1,9,226.35277
2012-02-28 10:00:00,1,0,1,1,12.3,13.635,42,19.9995,2012,28,1,10,113.055786
2012-02-28 11:00:00,1,0,1,1,13.94,15.91,36,16.9979,2012,28,1,11,129.72206
2012-02-28 12:00:00,1,0,1,1,14.76,17.425,34,8.9981,2012,28,1,12,152.49847
2012-02-28 13:00:00,1,0,1,1,14.76,18.18,32,7.0015,2012,28,1,13,153.6874
2012-02-28 14:00:00,1,0,1,1,16.4,20.455,28,7.0015,2012,28,1,14,167.3322
2012-02-28 15:00:00,1,0,1,1,17.22,21.21,26,6.0032,2012,28,1,15,212.00246
2012-02-28 16:00:00,1,0,1,1,17.22,21.21,28,6.0032,2012,28,1,16,258.6223
2012-02-28 17:00:00,1,0,1,1,17.22,21.21,26,6.0032,2012,28,1,17,527.6216
2012-02-28 18:00:00,1,0,1,1,17.22,21.21,28,11.0014,2012,28,1,18,519.94836
2012-02-28 19:00:00,1,0,1,1,17.22,21.21,26,0.0,2012,28,1,19,342.63394
2012-02-28 20:00:00,1,0,1,1,16.4,20.455,30,8.9981,2012,28,1,20,225.28297
2012-02-28 21:00:00,1,0,1,1,13.94,17.425,46,7.0015,2012,28,1,21,158.92682
2012-02-28 22:00:00,1,0,1,1,13.94,17.425,46,7.0015,2012,28,1,22,113.62211
2012-02-28 23:00:00,1,0,1,1,13.12,15.15,53,15.0013,2012,28,1,23,62.42131
2012-02-29 00:00:00,1,0,1,1,13.12,16.665,53,7.0015,2012,29,2,0,19.758087
2012-02-29 01:00:00,1,0,1,1,13.12,16.665,49,7.0015,2012,29,2,1,6.9901276
2012-02-29 02:00:00,1,0,1,1,12.3,14.395,56,15.0013,2012,29,2,2,0.1446228
2012-02-29 03:00:00,1,0,1,1,11.48,15.15,70,6.0032,2012,29,2,3,2.9257355
2012-02-29 05:00:00,1,0,1,1,10.66,14.395,75,6.0032,2012,29,2,5,18.684158
2012-02-29 06:00:00,1,0,1,2,11.48,15.15,75,6.0032,2012,29,2,6,88.367134
2012-02-29 07:00:00,1,0,1,2,10.66,13.635,81,8.9981,2012,29,2,7,264.86646
2012-02-29 08:00:00,1,0,1,2,11.48,14.395,75,7.0015,2012,29,2,8,514.9199
2012-02-29 09:00:00,1,0,1,3,12.3,15.15,81,11.0014,2012,29,2,9,131.27826
2012-02-29 10:00:00,1,0,1,3,12.3,15.15,81,11.0014,2012,29,2,10,23.10791
2012-02-29 11:00:00,1,0,1,3,12.3,14.395,87,12.998,2012,29,2,11,28.829987
2012-02-29 12:00:00,1,0,1,3,13.12,15.15,93,22.0028,2012,29,2,12,10.679382
2012-02-29 13:00:00,1,0,1,2,14.76,16.665,93,23.9994,2012,29,2,13,112.89065
2012-02-29 14:00:00,1,0,1,2,14.76,16.665,93,23.9994,2012,29,2,14,102.93487
2012-02-29 15:00:00,1,0,1,2,16.4,20.455,82,19.0012,2012,29,2,15,146.39404
2012-02-29 16:00:00,1,0,1,3,16.4,20.455,82,15.0013,2012,29,2,16,113.35381
2012-02-29 17:00:00,1,0,1,2,16.4,20.455,87,11.0014,2012,29,2,17,349.41766
2012-02-29 18:00:00,1,0,1,3,16.4,20.455,87,0.0,2012,29,2,18,272.6079
2012-02-29 19:00:00,1,0,1,2,16.4,20.455,87,7.0015,2012,29,2,19,250.59102
2012-02-29 20:00:00,1,0,1,3,17.22,21.21,88,11.0014,2012,29,2,20,137.02539
2012-02-29 21:00:00,1,0,1,3,17.22,21.21,88,11.0014,2012,29,2,21,109.786446
2012-02-29 22:00:00,1,0,1,3,17.22,21.21,94,16.9979,2012,29,2,22,35.28688
2012-02-29 23:00:00,1,0,1,3,17.22,21.21,94,16.9979,2012,29,2,23,17.559677
2012-03-20 00:00:00,1,0,1,2,22.96,26.515,78,6.0032,2012,20,1,0,40.212082
2012-03-20 01:00:00,1,0,1,1,22.14,25.76,88,0.0,2012,20,1,1,13.256165
2012-03-20 02:00:00,1,0,1,1,22.14,25.76,88,6.0032,2012,20,1,2,13.385071
2012-03-20 03:00:00,1,0,1,2,22.14,25.76,88,0.0,2012,20,1,3,-2.2583466
2012-03-20 04:00:00,1,0,1,2,21.32,25.0,88,8.9981,2012,20,1,4,6.0654907
2012-03-20 05:00:00,1,0,1,2,21.32,25.0,94,0.0,2012,20,1,5,11.364868
2012-03-20 06:00:00,1,0,1,2,21.32,25.0,94,11.0014,2012,20,1,6,119.59582
2012-03-20 07:00:00,1,0,1,3,21.32,25.0,94,15.0013,2012,20,1,7,179.0543
2012-03-20 08:00:00,1,0,1,2,21.32,25.0,88,7.0015,2012,20,1,8,581.9663
2012-03-20 09:00:00,1,0,1,2,22.14,25.76,88,11.0014,2012,20,1,9,292.63406
2012-03-20 10:00:00,1,0,1,1,22.14,25.76,88,12.998,2012,20,1,10,171.86307
2012-03-20 11:00:00,1,0,1,1,23.78,27.275,83,8.9981,2012,20,1,11,183.32185
2012-03-20 12:00:00,1,0,1,1,24.6,28.79,78,16.9979,2012,20,1,12,245.33777
2012-03-20 13:00:00,1,0,1,1,24.6,28.79,78,12.998,2012,20,1,13,245.46548
2012-03-20 14:00:00,1,0,1,2,24.6,29.545,73,11.0014,2012,20,1,14,218.13968
2012-03-20 15:00:00,1,0,1,2,25.42,30.305,69,7.0015,2012,20,1,15,244.68384
2012-03-20 16:00:00,1,0,1,1,25.42,30.305,66,15.0013,2012,20,1,16,382.33453
2012-03-20 17:00:00,1,0,1,1,24.6,29.545,73,12.998,2012,20,1,17,640.20435
2012-03-20 18:00:00,1,0,1,1,24.6,29.545,69,16.9979,2012,20,1,18,676.9794
2012-03-20 19:00:00,1,0,1,1,23.78,27.275,73,8.9981,2012,20,1,19,466.61267
2012-03-20 20:00:00,1,0,1,1,23.78,27.275,68,6.0032,2012,20,1,20,355.6511
2012-03-20 21:00:00,1,0,1,1,22.96,26.515,73,0.0,2012,20,1,21,248.6322
2012-03-20 22:00:00,1,0,1,1,22.14,25.76,77,0.0,2012,20,1,22,169.919
2012-03-20 23:00:00,1,0,1,1,21.32,25.0,83,0.0,2012,20,1,23,100.06945
2012-03-21 00:00:00,2,0,1,1,21.32,25.0,88,0.0,2012,21,2,0,34.408264
2012-03-21 01:00:00,2,0,1,1,21.32,25.0,83,6.0032,2012,21,2,1,23.707596
2012-03-21 02:00:00,2,0,1,1,20.5,24.24,88,8.9981,2012,21,2,2,18.057785
2012-03-21 03:00:00,2,0,1,2,20.5,24.24,88,12.998,2012,21,2,3,5.576294
2012-03-21 04:00:00,2,0,1,2,20.5,24.24,88,8.9981,2012,21,2,4,11.491455
2012-03-21 05:00:00,2,0,1,2,20.5,24.24,88,8.9981,2012,21,2,5,30.920258
2012-03-21 06:00:00,2,0,1,2,19.68,23.485,94,15.0013,2012,21,2,6,138.13873
2012-03-21 07:00:00,2,0,1,3,19.68,23.485,94,12.998,2012,21,2,7,201.24585
2012-03-21 08:00:00,2,0,1,3,19.68,23.485,94,7.0015,2012,21,2,8,334.4745
2012-03-21 09:00:00,2,0,1,2,20.5,24.24,88,11.0014,2012,21,2,9,336.2373
2012-03-21 10:00:00,2,0,1,2,21.32,25.0,83,11.0014,2012,21,2,10,195.86613
2012-03-21 11:00:00,2,0,1,2,21.32,25.0,83,11.0014,2012,21,2,11,204.0897
2012-03-21 12:00:00,2,0,1,2,22.14,25.76,77,0.0,2012,21,2,12,247.6502
2012-03-21 13:00:00,2,0,1,2,22.14,25.76,83,0.0,2012,21,2,13,218.61862
2012-03-21 14:00:00,2,0,1,2,22.96,26.515,78,0.0,2012,21,2,14,210.8362
2012-03-21 15:00:00,2,0,1,2,22.96,26.515,78,0.0,2012,21,2,15,228.22095
2012-03-21 16:00:00,2,0,1,1,23.78,27.275,73,0.0,2012,21,2,16,375.84476
2012-03-21 17:00:00,2,0,1,1,24.6,29.545,69,6.0032,2012,21,2,17,701.82043
2012-03-21 18:00:00,2,0,1,1,24.6,29.545,69,0.0,2012,21,2,18,716.9633
2012-03-21 19:00:00,2,0,1,1,24.6,30.305,64,0.0,2012,21,2,19,520.8115
2012-03-21 20:00:00,2,0,1,1,22.96,26.515,78,6.0032,2012,21,2,20,356.66922
2012-03-21 21:00:00,2,0,1,1,22.14,25.76,83,7.0015,2012,21,2,21,252.40404
2012-03-21 22:00:00,2,0,1,1,21.32,25.0,83,11.0014,2012,21,2,22,191.79366
2012-03-21 23:00:00,2,0,1,1,22.14,25.76,77,0.0,2012,21,2,23,126.451385
2012-03-22 00:00:00,2,0,1,1,21.32,25.0,83,6.0032,2012,22,3,0,51.95453
2012-03-22 01:00:00,2,0,1,1,21.32,25.0,83,6.0032,2012,22,3,1,29.858139
2012-03-22 02:00:00,2,0,1,1,21.32,25.0,83,6.0032,2012,22,3,2,21.571518
2012-03-22 03:00:00,2,0,1,1,21.32,25.0,83,6.0032,2012,22,3,3,20.328812
2012-03-22 04:00:00,2,0,1,2,19.68,23.485,100,6.0032,2012,22,3,4,11.472656
2012-03-22 05:00:00,2,0,1,2,19.68,23.485,100,6.0032,2012,22,3,5,30.901428
2012-03-22 06:00:00,2,0,1,2,19.68,23.485,100,6.0032,2012,22,3,6,142.75812
2012-03-22 07:00:00,2,0,1,2,19.68,23.485,100,6.0032,2012,22,3,7,374.8147
2012-03-22 08:00:00,2,0,1,2,20.5,24.24,94,6.0032,2012,22,3,8,618.1209
2012-03-22 09:00:00,2,0,1,2,20.5,24.24,94,6.0032,2012,22,3,9,329.94513
2012-03-22 10:00:00,2,0,1,2,20.5,24.24,100,6.0032,2012,22,3,10,198.49054
2012-03-22 11:00:00,2,0,1,2,21.32,25.0,94,0.0,2012,22,3,11,200.86832
2012-03-22 12:00:00,2,0,1,2,22.14,25.76,88,12.998,2012,22,3,12,245.50548
2012-03-22 13:00:00,2,0,1,1,23.78,27.275,78,6.0032,2012,22,3,13,275.23737
2012-03-22 14:00:00,2,0,1,1,24.6,29.545,73,7.0015,2012,22,3,14,280.27173
2012-03-22 15:00:00,2,0,1,1,25.42,30.305,69,12.998,2012,22,3,15,298.28732
2012-03-22 16:00:00,2,0,1,1,26.24,30.305,65,12.998,2012,22,3,16,421.77753
2012-03-22 17:00:00,2,0,1,1,27.06,31.06,65,11.0014,2012,22,3,17,739.2785
2012-03-22 18:00:00,2,0,1,1,27.06,31.06,65,11.0014,2012,22,3,18,736.72296
2012-03-22 19:00:00,2,0,1,1,27.06,31.06,61,0.0,2012,22,3,19,536.8113
2012-03-22 20:00:00,2,0,1,1,25.42,29.545,73,19.0012,2012,22,3,20,363.6958
2012-03-22 21:00:00,2,0,1,1,23.78,27.275,78,11.0014,2012,22,3,21,277.24796
2012-03-22 22:00:00,2,0,1,1,22.96,26.515,83,12.998,2012,22,3,22,220.24582
2012-03-22 23:00:00,2,0,1,1,22.96,26.515,83,6.0032,2012,22,3,23,140.52307
2012-03-23 00:00:00,2,0,1,1,22.96,26.515,83,0.0,2012,23,4,0,73.53154
2012-03-23 01:00:00,2,0,1,1,22.14,25.76,88,0.0,2012,23,4,1,36.641235
2012-03-23 02:00:00,2,0,1,1,22.14,25.76,88,6.0032,2012,23,4,2,27.893326
2012-03-23 03:00:00,2,0,1,1,21.32,25.0,88,7.0015,2012,23,4,3,21.69487
2012-03-23 04:00:00,2,0,1,2,20.5,24.24,94,7.0015,2012,23,4,4,13.900879
2012-03-23 05:00:00,2,0,1,2,20.5,24.24,94,0.0,2012,23,4,5,29.865082
2012-03-23 06:00:00,2,0,1,2,20.5,24.24,88,0.0,2012,23,4,6,142.75275
2012-03-23 07:00:00,2,0,1,2,20.5,24.24,93,8.9981,2012,23,4,7,341.04053
2012-03-23 08:00:00,2,0,1,2,20.5,24.24,94,8.9981,2012,23,4,8,570.92786
2012-03-23 09:00:00,2,0,1,2,21.32,25.0,90,6.0032,2012,23,4,9,322.31104
2012-03-23 10:00:00,2,0,1,2,22.96,26.515,88,7.0015,2012,23,4,10,228.47632
2012-03-23 11:00:00,2,0,1,2,25.42,29.545,73,7.0015,2012,23,4,11,267.3949
2012-03-23 12:00:00,2,0,1,2,27.06,31.06,61,15.0013,2012,23,4,12,334.04385
2012-03-23 13:00:00,2,0,1,2,28.7,32.575,48,0.0,2012,23,4,13,340.29736
2012-03-23 14:00:00,2,0,1,2,29.52,32.575,42,7.0015,2012,23,4,14,340.2436
2012-03-23 15:00:00,2,0,1,2,29.52,32.575,42,8.9981,2012,23,4,15,357.28528
2012-03-23 16:00:00,2,0,1,2,29.52,32.575,42,11.0014,2012,23,4,16,469.05527
2012-03-23 17:00:00,2,0,1,2,29.52,32.575,42,11.0014,2012,23,4,17,726.8315
2012-03-23 18:00:00,2,0,1,1,28.7,31.82,45,11.0014,2012,23,4,18,696.14
2012-03-23 19:00:00,2,0,1,1,27.06,31.06,50,12.998,2012,23,4,19,503.35974
2012-03-23 20:00:00,2,0,1,1,27.06,31.06,47,8.9981,2012,23,4,20,368.23328
2012-03-23 21:00:00,2,0,1,1,25.42,31.06,53,7.0015,2012,23,4,21,283.75113
2012-03-23 22:00:00,2,0,1,1,24.6,30.305,64,19.0012,2012,23,4,22,240.11264
2012-03-23 23:00:00,2,0,1,1,24.6,29.545,69,16.9979,2012,23,4,23,195.55666
2012-03-24 00:00:00,2,0,0,1,23.78,27.275,68,0.0,2012,24,5,0,130.89508
2012-03-24 01:00:00,2,0,0,1,22.96,26.515,73,6.0032,2012,24,5,1,93.38536
2012-03-24 02:00:00,2,0,0,1,22.14,25.76,77,7.0015,2012,24,5,2,67.98326
2012-03-24 03:00:00,2,0,0,1,22.14,25.76,77,7.0015,2012,24,5,3,36.412888
2012-03-24 04:00:00,2,0,0,1,21.32,25.0,83,6.0032,2012,24,5,4,23.386932
2012-03-24 05:00:00,2,0,0,2,21.32,25.0,83,11.0014,2012,24,5,5,18.991592
2012-03-24 06:00:00,2,0,0,2,21.32,25.0,83,11.0014,2012,24,5,6,30.84851
2012-03-24 07:00:00,2,0,0,2,20.5,24.24,88,8.9981,2012,24,5,7,130.5134
2012-03-24 08:00:00,2,0,0,2,20.5,24.24,94,12.998,2012,24,5,8,195.78065
2012-03-24 09:00:00,2,0,0,2,21.32,25.0,83,8.9981,2012,24,5,9,273.79004
2012-03-24 10:00:00,2,0,0,2,21.32,25.0,88,12.998,2012,24,5,10,340.18134
2012-03-24 11:00:00,2,0,0,2,20.5,24.24,94,12.998,2012,24,5,11,389.04553
2012-03-24 12:00:00,2,0,0,3,21.32,25.0,94,15.0013,2012,24,5,12,316.36517
2012-03-24 13:00:00,2,0,0,3,21.32,25.0,94,16.9979,2012,24,5,13,315.88776
2012-03-24 14:00:00,2,0,0,3,21.32,25.0,88,23.9994,2012,24,5,14,318.32257
2012-03-24 15:00:00,2,0,0,3,20.5,24.24,94,27.9993,2012,24,5,15,281.46133
2012-03-24 16:00:00,2,0,0,3,20.5,24.24,94,19.9995,2012,24,5,16,281.71228
2012-03-24 17:00:00,2,0,0,3,20.5,24.24,88,15.0013,2012,24,5,17,292.1624
2012-03-24 18:00:00,2,0,0,3,18.86,22.725,94,15.0013,2012,24,5,18,220.68703
2012-03-24 19:00:00,2,0,0,3,18.86,22.725,94,8.9981,2012,24,5,19,182.8643
2012-03-24 20:00:00,2,0,0,3,18.04,21.97,100,12.998,2012,24,5,20,112.305725
2012-03-24 21:00:00,2,0,0,3,18.04,21.97,100,12.998,2012,24,5,21,94.914
2012-03-24 22:00:00,2,0,0,3,18.04,21.97,100,16.9979,2012,24,5,22,63.02394
2012-03-24 23:00:00,2,0,0,2,18.04,21.97,94,19.0012,2012,24,5,23,118.52607
2012-03-25 00:00:00,2,0,0,2,18.04,21.97,94,19.0012,2012,25,6,0,85.578865
2012-03-25 01:00:00,2,0,0,2,17.22,21.21,100,16.9979,2012,25,6,1,77.152306
2012-03-25 02:00:00,2,0,0,3,17.22,21.21,100,19.9995,2012,25,6,2,54.34613
2012-03-25 03:00:00,2,0,0,3,17.22,21.21,94,19.9995,2012,25,6,3,21.499008
2012-03-25 04:00:00,2,0,0,2,17.22,21.21,94,22.0028,2012,25,6,4,13.143402
2012-03-25 05:00:00,2,0,0,2,16.4,20.455,100,16.9979,2012,25,6,5,15.778229
2012-03-25 06:00:00,2,0,0,2,16.4,20.455,100,16.9979,2012,25,6,6,17.901123
2012-03-25 07:00:00,2,0,0,2,16.4,20.455,94,22.0028,2012,25,6,7,57.83574
2012-03-25 08:00:00,2,0,0,2,16.4,20.455,94,22.0028,2012,25,6,8,139.51126
2012-03-25 09:00:00,2,0,0,2,16.4,20.455,94,16.9979,2012,25,6,9,195.9021
2012-03-25 10:00:00,2,0,0,2,16.4,20.455,87,22.0028,2012,25,6,10,280.15265
2012-03-25 11:00:00,2,0,0,2,16.4,20.455,94,16.9979,2012,25,6,11,329.04358
2012-03-25 12:00:00,2,0,0,2,16.4,20.455,94,15.0013,2012,25,6,12,357.0822
2012-03-25 13:00:00,2,0,0,2,17.22,21.21,88,11.0014,2012,25,6,13,409.6287
2012-03-25 14:00:00,2,0,0,2,18.04,21.97,88,11.0014,2012,25,6,14,399.33115
2012-03-25 15:00:00,2,0,0,2,18.04,21.97,88,12.998,2012,25,6,15,387.9572
2012-03-25 16:00:00,2,0,0,1,19.68,23.485,77,0.0,2012,25,6,16,433.83197
2012-03-25 17:00:00,2,0,0,1,20.5,24.24,72,6.0032,2012,25,6,17,449.6281
2012-03-25 18:00:00,2,0,0,1,20.5,24.24,72,6.0032,2012,25,6,18,425.52325
2012-03-25 19:00:00,2,0,0,1,20.5,24.24,72,16.9979,2012,25,6,19,336.91483
2012-03-25 20:00:00,2,0,0,1,19.68,23.485,77,15.0013,2012,25,6,20,220.16197
2012-03-25 21:00:00,2,0,0,1,19.68,23.485,77,11.0014,2012,25,6,21,155.54515
2012-03-25 22:00:00,2,0,0,1,18.86,22.725,82,8.9981,2012,25,6,22,120.62528
2012-03-25 23:00:00,2,0,0,1,19.68,23.485,82,8.9981,2012,25,6,23,108.01241
2012-03-26 00:00:00,2,0,1,2,19.68,23.485,82,11.0014,2012,26,0,0,32.019684
2012-03-26 01:00:00,2,0,1,1,19.68,23.485,82,16.9979,2012,26,0,1,19.012985
2012-03-26 02:00:00,2,0,1,1,18.86,22.725,88,15.0013,2012,26,0,2,4.0964813
2012-03-26 03:00:00,2,0,1,1,18.86,22.725,82,12.998,2012,26,0,3,7.429489
2012-03-26 04:00:00,2,0,1,1,18.04,21.97,82,11.0014,2012,26,0,4,2.5513306
2012-03-26 05:00:00,2,0,1,1,18.04,21.97,77,11.0014,2012,26,0,5,21.948837
2012-03-26 06:00:00,2,0,1,1,17.22,21.21,82,12.998,2012,26,0,6,125.38234
2012-03-26 07:00:00,2,0,1,1,18.04,21.97,72,12.998,2012,26,0,7,371.8501
2012-03-26 08:00:00,2,0,1,1,18.04,21.97,62,15.0013,2012,26,0,8,612.34796
2012-03-26 09:00:00,2,0,1,1,18.86,22.725,47,19.0012,2012,26,0,9,329.93036
2012-03-26 10:00:00,2,0,1,1,20.5,24.24,36,39.0007,2012,26,0,10,200.06064
2012-03-26 11:00:00,2,0,1,1,19.68,23.485,31,39.0007,2012,26,0,11,206.477
2012-03-26 12:00:00,2,0,1,1,19.68,23.485,33,35.0008,2012,26,0,12,250.76239
2012-03-26 13:00:00,2,0,1,1,19.68,23.485,29,46.0022,2012,26,0,13,248.92105
2012-03-26 14:00:00,2,0,1,1,19.68,23.485,33,30.0026,2012,26,0,14,240.7666
2012-03-26 15:00:00,2,0,1,1,19.68,23.485,29,40.9973,2012,26,0,15,248.25662
2012-03-26 16:00:00,2,0,1,1,19.68,23.485,25,43.0006,2012,26,0,16,320.23773
2012-03-26 17:00:00,2,0,1,1,18.86,22.725,24,30.0026,2012,26,0,17,599.0558
2012-03-26 18:00:00,2,0,1,1,18.04,21.97,26,30.0026,2012,26,0,18,577.75885
2012-03-26 19:00:00,2,0,1,1,17.22,21.21,24,23.9994,2012,26,0,19,395.1305
2012-03-26 20:00:00,2,0,1,1,16.4,20.455,26,35.0008,2012,26,0,20,249.03616
2012-03-26 21:00:00,2,0,1,1,15.58,19.695,25,32.9975,2012,26,0,21,166.35654
2012-03-26 22:00:00,2,0,1,1,14.76,16.665,25,23.9994,2012,26,0,22,108.57294
2012-03-26 23:00:00,2,0,1,1,13.94,14.395,25,35.0008,2012,26,0,23,50.456253
2012-03-27 00:00:00,2,0,1,1,13.12,14.395,26,35.0008,2012,27,1,0,10.373367
2012-03-27 01:00:00,2,0,1,1,12.3,13.635,26,31.0009,2012,27,1,1,1.1239471
2012-03-27 02:00:00,2,0,1,1,10.66,11.365,30,19.9995,2012,27,1,2,0.5499115
2012-03-27 03:00:00,2,0,1,1,10.66,11.365,30,22.0028,2012,27,1,3,-0.0541687
2012-03-27 04:00:00,2,0,1,1,9.84,10.605,32,23.9994,2012,27,1,4,-4.858322
2012-03-27 05:00:00,2,0,1,1,9.02,10.605,37,19.0012,2012,27,1,5,13.799805
2012-03-27 06:00:00,2,0,1,1,9.02,11.365,37,12.998,2012,27,1,6,98.95262
2012-03-27 07:00:00,2,0,1,1,9.02,11.365,37,12.998,2012,27,1,7,311.98746
2012-03-27 08:00:00,2,0,1,1,9.02,10.605,37,19.9995,2012,27,1,8,573.7496
2012-03-27 09:00:00,2,0,1,1,9.84,11.365,38,12.998,2012,27,1,9,270.36212
2012-03-27 10:00:00,2,0,1,1,10.66,12.88,35,15.0013,2012,27,1,10,148.1315
2012-03-27 11:00:00,2,0,1,1,12.3,15.15,31,11.0014,2012,27,1,11,173.33514
2012-03-27 12:00:00,2,0,1,1,13.12,15.91,31,11.0014,2012,27,1,12,202.0457
2012-03-27 13:00:00,2,0,1,1,14.76,17.425,27,0.0,2012,27,1,13,199.53522
2012-03-27 14:00:00,2,0,1,1,16.4,20.455,24,8.9981,2012,27,1,14,229.7951
2012-03-27 15:00:00,2,0,1,1,17.22,21.21,20,0.0,2012,27,1,15,261.6836
2012-03-27 16:00:00,2,0,1,1,17.22,21.21,20,0.0,2012,27,1,16,323.94394
2012-03-27 17:00:00,2,0,1,1,18.04,21.97,16,0.0,2012,27,1,17,610.8635
2012-03-27 18:00:00,2,0,1,1,17.22,21.21,17,6.0032,2012,27,1,18,625.5754
2012-03-27 19:00:00,2,0,1,1,17.22,21.21,17,0.0,2012,27,1,19,418.24274
2012-03-27 20:00:00,2,0,1,1,17.22,21.21,17,6.0032,2012,27,1,20,313.88434
2012-03-27 21:00:00,2,0,1,1,14.76,17.425,37,11.0014,2012,27,1,21,190.02841
2012-03-27 22:00:00,2,0,1,1,14.76,17.425,37,8.9981,2012,27,1,22,143.04153
2012-03-27 23:00:00,2,0,1,1,14.76,17.425,37,12.998,2012,27,1,23,91.62598
2012-03-28 00:00:00,2,0,1,1,14.76,16.665,40,19.0012,2012,28,2,0,19.66504
2012-03-28 01:00:00,2,0,1,1,14.76,16.665,46,19.9995,2012,28,2,1,9.795883
2012-03-28 02:00:00,2,0,1,1,13.94,15.15,49,19.9995,2012,28,2,2,3.4858093
2012-03-28 03:00:00,2,0,1,1,13.94,15.15,42,22.0028,2012,28,2,3,2.8501892
2012-03-28 04:00:00,2,0,1,1,14.76,16.665,43,19.9995,2012,28,2,4,2.6674042
2012-03-28 05:00:00,2,0,1,1,14.76,16.665,43,19.9995,2012,28,2,5,21.484314
2012-03-28 06:00:00,2,0,1,1,14.76,16.665,46,23.9994,2012,28,2,6,122.11269
2012-03-28 07:00:00,2,0,1,1,14.76,16.665,46,22.0028,2012,28,2,7,349.7959
2012-03-28 08:00:00,2,0,1,1,15.58,19.695,46,23.9994,2012,28,2,8,585.95215
2012-03-28 09:00:00,2,0,1,1,16.4,20.455,43,30.0026,2012,28,2,9,306.5036
2012-03-28 10:00:00,2,0,1,1,18.86,22.725,41,27.9993,2012,28,2,10,219.64159
2012-03-28 11:00:00,2,0,1,1,20.5,24.24,42,26.0027,2012,28,2,11,238.6518
2012-03-28 12:00:00,2,0,1,2,22.14,25.76,39,23.9994,2012,28,2,12,264.61804
2012-03-28 13:00:00,2,0,1,1,22.96,26.515,43,22.0028,2012,28,2,13,285.5508
2012-03-28 14:00:00,2,0,1,1,25.42,31.06,38,23.9994,2012,28,2,14,288.9584
2012-03-28 15:00:00,2,0,1,2,25.42,31.06,41,19.9995,2012,28,2,15,276.60992
2012-03-28 16:00:00,2,0,1,3,25.42,31.06,43,6.0032,2012,28,2,16,348.10052
2012-03-28 17:00:00,2,0,1,1,24.6,30.305,60,15.0013,2012,28,2,17,734.68494
2012-03-28 18:00:00,2,0,1,1,24.6,30.305,60,15.0013,2012,28,2,18,730.92975
2012-03-28 19:00:00,2,0,1,1,24.6,31.06,56,12.998,2012,28,2,19,543.4596
2012-03-28 20:00:00,2,0,1,1,24.6,31.06,56,19.9995,2012,28,2,20,394.39404
2012-03-28 21:00:00,2,0,1,1,23.78,27.275,60,16.9979,2012,28,2,21,279.1539
2012-03-28 22:00:00,2,0,1,1,22.96,26.515,64,8.9981,2012,28,2,22,216.94975
2012-03-28 23:00:00,2,0,1,1,22.14,25.76,68,8.9981,2012,28,2,23,140.47899
2012-03-29 00:00:00,2,0,1,1,22.14,25.76,68,12.998,2012,29,3,0,63.357025
2012-03-29 01:00:00,2,0,1,1,22.96,26.515,60,8.9981,2012,29,3,1,40.02498
2012-03-29 02:00:00,2,0,1,1,24.6,30.305,28,19.9995,2012,29,3,2,35.396133
2012-03-29 03:00:00,2,0,1,1,23.78,27.275,28,16.9979,2012,29,3,3,31.093353
2012-03-29 04:00:00,2,0,1,1,21.32,25.0,36,16.9979,2012,29,3,4,28.08812
2012-03-29 05:00:00,2,0,1,1,20.5,24.24,45,15.0013,2012,29,3,5,45.10103
2012-03-29 06:00:00,2,0,1,1,18.86,22.725,59,16.9979,2012,29,3,6,156.30191
2012-03-29 07:00:00,2,0,1,1,18.86,22.725,51,23.9994,2012,29,3,7,393.5564
2012-03-29 08:00:00,2,0,1,1,18.86,22.725,47,27.9993,2012,29,3,8,624.58154
2012-03-29 09:00:00,2,0,1,1,19.68,23.485,48,27.9993,2012,29,3,9,344.00012
2012-03-29 10:00:00,2,0,1,1,18.86,22.725,47,30.0026,2012,29,3,10,220.12445
2012-03-29 11:00:00,2,0,1,1,20.5,24.24,45,27.9993,2012,29,3,11,244.36694
2012-03-29 12:00:00,2,0,1,1,20.5,24.24,42,32.9975,2012,29,3,12,291.70346
2012-03-29 13:00:00,2,0,1,1,18.86,22.725,44,22.0028,2012,29,3,13,284.85565
2012-03-29 14:00:00,2,0,1,1,20.5,24.24,42,23.9994,2012,29,3,14,284.49484
2012-03-29 15:00:00,2,0,1,1,21.32,25.0,39,23.9994,2012,29,3,15,303.04886
2012-03-29 16:00:00,2,0,1,1,21.32,25.0,36,22.0028,2012,29,3,16,383.4979
2012-03-29 17:00:00,2,0,1,1,21.32,25.0,38,26.0027,2012,29,3,17,680.7551
2012-03-29 18:00:00,2,0,1,1,20.5,24.24,39,19.9995,2012,29,3,18,671.9791
2012-03-29 19:00:00,2,0,1,1,19.68,23.485,39,19.0012,2012,29,3,19,441.79553
2012-03-29 20:00:00,2,0,1,1,18.86,22.725,38,19.9995,2012,29,3,20,327.88577
2012-03-29 21:00:00,2,0,1,1,18.04,21.97,44,19.0012,2012,29,3,21,222.50558
2012-03-29 22:00:00,2,0,1,1,17.22,21.21,44,19.0012,2012,29,3,22,166.12677
2012-03-29 23:00:00,2,0,1,1,17.22,21.21,47,19.9995,2012,29,3,23,114.12307
2012-03-30 00:00:00,2,0,1,1,16.4,20.455,47,19.9995,2012,30,4,0,50.93042
2012-03-30 01:00:00,2,0,1,1,15.58,19.695,50,19.0012,2012,30,4,1,27.193481
2012-03-30 02:00:00,2,0,1,1,14.76,16.665,53,19.9995,2012,30,4,2,20.253296
2012-03-30 03:00:00,2,0,1,1,13.94,16.665,61,8.9981,2012,30,4,3,16.20842
2012-03-30 04:00:00,2,0,1,1,13.94,17.425,53,6.0032,2012,30,4,4,14.990616
2012-03-30 05:00:00,2,0,1,1,13.12,16.665,61,6.0032,2012,30,4,5,27.784561
2012-03-30 06:00:00,2,0,1,1,13.12,16.665,57,8.9981,2012,30,4,6,110.60843
2012-03-30 07:00:00,2,0,1,1,13.12,15.91,57,11.0014,2012,30,4,7,313.52292
2012-03-30 08:00:00,2,0,1,1,13.12,15.91,66,11.0014,2012,30,4,8,567.1825
2012-03-30 09:00:00,2,0,1,1,13.94,16.665,57,11.0014,2012,30,4,9,298.36954
2012-03-30 10:00:00,2,0,1,2,14.76,18.18,57,7.0015,2012,30,4,10,218.21733
2012-03-30 11:00:00,2,0,1,2,14.76,18.94,53,0.0,2012,30,4,11,219.21625
2012-03-30 12:00:00,2,0,1,2,15.58,19.695,54,0.0,2012,30,4,12,250.12297
2012-03-30 13:00:00,2,0,1,3,16.4,20.455,50,0.0,2012,30,4,13,152.22986
2012-03-30 14:00:00,2,0,1,3,16.4,20.455,54,0.0,2012,30,4,14,136.41388
2012-03-30 15:00:00,2,0,1,3,17.22,21.21,54,0.0,2012,30,4,15,177.41472
2012-03-30 16:00:00,2,0,1,3,16.4,20.455,62,19.0012,2012,30,4,16,211.01042
2012-03-30 17:00:00,2,0,1,2,16.4,20.455,62,15.0013,2012,30,4,17,482.76862
2012-03-30 18:00:00,2,0,1,1,17.22,21.21,54,12.998,2012,30,4,18,545.20154
2012-03-30 19:00:00,2,0,1,1,16.4,20.455,62,15.0013,2012,30,4,19,312.0619
2012-03-30 20:00:00,2,0,1,1,16.4,20.455,62,11.0014,2012,30,4,20,252.6439
2012-03-30 21:00:00,2,0,1,1,15.58,19.695,66,8.9981,2012,30,4,21,186.60797
2012-03-30 22:00:00,2,0,1,1,14.76,17.425,71,11.0014,2012,30,4,22,158.40143
2012-03-30 23:00:00,2,0,1,1,14.76,18.94,71,0.0,2012,30,4,23,132.0917
2012-03-31 00:00:00,2,0,0,1,15.58,19.695,82,12.998,2012,31,5,0,91.73825
2012-03-31 01:00:00,2,0,0,2,16.4,20.455,76,12.998,2012,31,5,1,73.38492
2012-03-31 02:00:00,2,0,0,2,17.22,21.21,77,16.9979,2012,31,5,2,47.410736
2012-03-31 03:00:00,2,0,0,1,16.4,20.455,82,16.9979,2012,31,5,3,29.913605
2012-03-31 04:00:00,2,0,0,1,17.22,21.21,77,27.9993,2012,31,5,4,17.132202
2012-03-31 05:00:00,2,0,0,1,16.4,20.455,82,15.0013,2012,31,5,5,15.626938
2012-03-31 06:00:00,2,0,0,2,14.76,17.425,87,11.0014,2012,31,5,6,18.29741
2012-03-31 07:00:00,2,0,0,2,14.76,17.425,87,11.0014,2012,31,5,7,76.519646
2012-03-31 08:00:00,2,0,0,2,14.76,17.425,87,12.998,2012,31,5,8,169.9824
2012-03-31 09:00:00,2,0,0,2,16.4,20.455,76,12.998,2012,31,5,9,255.22925
2012-03-31 10:00:00,2,0,0,2,16.4,20.455,76,8.9981,2012,31,5,10,297.30243
2012-03-31 11:00:00,2,0,0,1,18.86,22.725,72,8.9981,2012,31,5,11,421.63898
2012-03-31 12:00:00,2,0,0,1,19.68,23.485,67,0.0,2012,31,5,12,491.8388
2012-03-31 13:00:00,2,0,0,1,22.14,25.76,60,8.9981,2012,31,5,13,520.57666
2012-03-31 14:00:00,2,0,0,2,20.5,24.24,63,16.9979,2012,31,5,14,456.77365
2012-03-31 15:00:00,2,0,0,2,21.32,25.0,59,19.0012,2012,31,5,15,466.31287
2012-03-31 16:00:00,2,0,0,2,20.5,24.24,63,19.9995,2012,31,5,16,465.53253
2012-03-31 17:00:00,2,0,0,1,19.68,23.485,67,27.9993,2012,31,5,17,440.6615
2012-03-31 18:00:00,2,0,0,2,18.04,21.97,72,31.0009,2012,31,5,18,337.84702
2012-03-31 19:00:00,2,0,0,1,17.22,21.21,71,30.0026,2012,31,5,19,318.13223
2012-03-31 20:00:00,2,0,0,2,16.4,20.455,71,22.0028,2012,31,5,20,191.0817
2012-03-31 21:00:00,2,0,0,2,16.4,20.455,71,22.0028,2012,31,5,21,146.84204
2012-03-31 22:00:00,2,0,0,2,15.58,19.695,71,16.9979,2012,31,5,22,137.1654
2012-03-31 23:00:00,2,0,0,2,14.76,16.665,76,19.0012,2012,31,5,23,117.20325
2012-04-20 00:00:00,2,0,1,1,19.68,23.485,67,7.0015,2012,20,4,0,65.218956
2012-04-20 01:00:00,2,0,1,1,18.86,22.725,82,12.998,2012,20,4,1,34.89389
2012-04-20 02:00:00,2,0,1,1,18.04,21.97,88,12.998,2012,20,4,2,20.938156
2012-04-20 03:00:00,2,0,1,1,18.04,21.97,88,7.0015,2012,20,4,3,19.319717
2012-04-20 04:00:00,2,0,1,1,17.22,21.21,94,7.0015,2012,20,4,4,12.816528
2012-04-20 05:00:00,2,0,1,1,17.22,21.21,94,0.0,2012,20,4,5,29.91948
2012-04-20 06:00:00,2,0,1,1,17.22,21.21,88,0.0,2012,20,4,6,134.43933
2012-04-20 07:00:00,2,0,1,1,17.22,21.21,94,0.0,2012,20,4,7,345.79755
2012-04-20 08:00:00,2,0,1,1,18.04,21.97,94,0.0,2012,20,4,8,576.17615
2012-04-20 09:00:00,2,0,1,1,18.86,22.725,88,6.0032,2012,20,4,9,335.15283
2012-04-20 10:00:00,2,0,1,1,20.5,24.24,77,12.998,2012,20,4,10,275.17487
2012-04-20 11:00:00,2,0,1,1,22.14,25.76,68,11.0014,2012,20,4,11,303.1359
2012-04-20 12:00:00,2,0,1,1,23.78,27.275,53,12.998,2012,20,4,12,350.7473
2012-04-20 13:00:00,2,0,1,1,25.42,31.06,43,12.998,2012,20,4,13,368.5912
2012-04-20 14:00:00,2,0,1,1,26.24,31.06,44,15.0013,2012,20,4,14,352.37207
2012-04-20 15:00:00,2,0,1,1,26.24,31.06,47,12.998,2012,20,4,15,360.95718
2012-04-20 16:00:00,2,0,1,1,27.06,31.06,44,12.998,2012,20,4,16,485.96597
2012-04-20 17:00:00,2,0,1,1,26.24,31.06,47,19.0012,2012,20,4,17,714.0686
2012-04-20 18:00:00,2,0,1,1,25.42,31.06,50,19.0012,2012,20,4,18,675.3585
2012-04-20 19:00:00,2,0,1,1,24.6,31.06,53,12.998,2012,20,4,19,507.42676
2012-04-20 20:00:00,2,0,1,1,23.78,27.275,56,11.0014,2012,20,4,20,359.06924
2012-04-20 21:00:00,2,0,1,1,22.96,26.515,68,8.9981,2012,20,4,21,269.59918
2012-04-20 22:00:00,2,0,1,1,22.14,25.76,68,16.9979,2012,20,4,22,211.31339
2012-04-20 23:00:00,2,0,1,1,21.32,25.0,72,8.9981,2012,20,4,23,169.57697
2012-04-21 00:00:00,2,0,0,1,21.32,25.0,77,15.0013,2012,21,5,0,106.34058
2012-04-21 01:00:00,2,0,0,1,21.32,25.0,77,15.0013,2012,21,5,1,86.10785
2012-04-21 02:00:00,2,0,0,1,21.32,25.0,77,8.9981,2012,21,5,2,66.92296
2012-04-21 03:00:00,2,0,0,1,20.5,24.24,82,15.0013,2012,21,5,3,30.432968
2012-04-21 04:00:00,2,0,0,1,20.5,24.24,82,16.9979,2012,21,5,4,27.469925
2012-04-21 05:00:00,2,0,0,1,20.5,24.24,82,16.9979,2012,21,5,5,25.179214
2012-04-21 06:00:00,2,0,0,1,20.5,24.24,82,15.0013,2012,21,5,6,35.886505
2012-04-21 07:00:00,2,0,0,1,20.5,24.24,82,19.0012,2012,21,5,7,138.61667
2012-04-21 08:00:00,2,0,0,1,21.32,25.0,81,16.9979,2012,21,5,8,224.24951
2012-04-21 09:00:00,2,0,0,1,22.14,25.76,77,11.0014,2012,21,5,9,307.10504
2012-04-21 10:00:00,2,0,0,1,24.6,30.305,64,19.0012,2012,21,5,10,416.31213
2012-04-21 11:00:00,2,0,0,1,25.42,30.305,61,22.0028,2012,21,5,11,498.52948
2012-04-21 12:00:00,2,0,0,1,26.24,31.06,57,15.0013,2012,21,5,12,564.235
2012-04-21 13:00:00,2,0,0,1,27.06,31.06,54,15.0013,2012,21,5,13,569.3295
2012-04-21 14:00:00,2,0,0,1,28.7,31.82,45,19.0012,2012,21,5,14,563.59546
2012-04-21 15:00:00,2,0,0,1,29.52,32.575,39,16.9979,2012,21,5,15,595.93634
2012-04-21 16:00:00,2,0,0,1,28.7,31.82,42,22.0028,2012,21,5,16,611.52515
2012-04-21 17:00:00,2,0,0,2,30.34,32.575,30,26.0027,2012,21,5,17,597.944
2012-04-21 18:00:00,2,0,0,2,27.88,31.82,47,32.9975,2012,21,5,18,474.91223
2012-04-21 19:00:00,2,0,0,3,22.96,26.515,73,32.9975,2012,21,5,19,272.0907
2012-04-21 20:00:00,2,0,0,3,20.5,24.24,82,19.9995,2012,21,5,20,128.72824
2012-04-21 21:00:00,2,0,0,3,20.5,24.24,82,26.0027,2012,21,5,21,90.637215
2012-04-21 22:00:00,2,0,0,1,19.68,23.485,82,19.9995,2012,21,5,22,168.75725
2012-04-21 23:00:00,2,0,0,2,18.86,22.725,82,19.0012,2012,21,5,23,135.87785
2012-04-22 00:00:00,2,0,0,2,18.86,22.725,82,12.998,2012,22,6,0,96.28255
2012-04-22 01:00:00,2,0,0,2,18.86,22.725,82,22.0028,2012,22,6,1,78.4805
2012-04-22 02:00:00,2,0,0,1,18.86,22.725,72,19.0012,2012,22,6,2,65.55205
2012-04-22 03:00:00,2,0,0,2,18.04,21.97,82,11.0014,2012,22,6,3,34.67807
2012-04-22 04:00:00,2,0,0,2,18.04,21.97,77,11.0014,2012,22,6,4,19.11911
2012-04-22 05:00:00,2,0,0,2,18.04,21.97,77,15.0013,2012,22,6,5,17.574112
2012-04-22 06:00:00,2,0,0,2,18.04,21.97,72,22.0028,2012,22,6,6,15.132767
2012-04-22 07:00:00,2,0,0,3,17.22,21.21,77,26.0027,2012,22,6,7,36.02739
2012-04-22 08:00:00,2,0,0,3,16.4,20.455,82,16.9979,2012,22,6,8,58.565598
2012-04-22 09:00:00,2,0,0,3,16.4,20.455,82,16.9979,2012,22,6,9,109.231514
2012-04-22 10:00:00,2,0,0,3,15.58,19.695,82,22.0028,2012,22,6,10,161.4732
2012-04-22 11:00:00,2,0,0,3,15.58,19.695,87,19.9995,2012,22,6,11,221.64282
2012-04-22 12:00:00,2,0,0,3,15.58,19.695,87,22.0028,2012,22,6,12,253.11844
2012-04-22 13:00:00,2,0,0,3,15.58,19.695,82,23.9994,2012,22,6,13,257.0316
2012-04-22 14:00:00,2,0,0,3,15.58,19.695,87,22.0028,2012,22,6,14,247.68857
2012-04-22 15:00:00,2,0,0,3,15.58,19.695,87,26.0027,2012,22,6,15,239.09908
2012-04-22 16:00:00,2,0,0,3,15.58,19.695,87,30.0026,2012,22,6,16,218.2966
2012-04-22 17:00:00,2,0,0,3,14.76,15.91,93,30.0026,2012,22,6,17,136.026
2012-04-22 18:00:00,2,0,0,3,14.76,15.91,93,30.0026,2012,22,6,18,107.00462
2012-04-22 19:00:00,2,0,0,3,14.76,15.91,87,35.0008,2012,22,6,19,60.942688
2012-04-22 20:00:00,2,0,0,3,14.76,16.665,93,27.9993,2012,22,6,20,39.286255
2012-04-22 21:00:00,2,0,0,3,14.76,16.665,87,26.0027,2012,22,6,21,35.62883
2012-04-22 22:00:00,2,0,0,3,13.94,14.395,87,35.0008,2012,22,6,22,16.807144
2012-04-22 23:00:00,2,0,0,3,14.76,15.91,81,31.0009,2012,22,6,23,14.6649475
2012-04-23 00:00:00,2,0,1,3,14.76,16.665,81,27.9993,2012,23,0,0,-2.1882935
2012-04-23 01:00:00,2,0,1,3,13.94,15.15,87,23.9994,2012,23,0,1,-10.032272
2012-04-23 02:00:00,2,0,1,2,13.12,15.15,87,22.0028,2012,23,0,2,-15.843796
2012-04-23 03:00:00,2,0,1,2,13.12,15.15,81,19.0012,2012,23,0,3,-12.689529
2012-04-23 04:00:00,2,0,1,3,12.3,14.395,81,19.0012,2012,23,0,4,-20.813812
2012-04-23 05:00:00,2,0,1,3,12.3,14.395,81,19.0012,2012,23,0,5,-6.9255066
2012-04-23 06:00:00,2,0,1,2,12.3,13.635,81,19.9995,2012,23,0,6,89.17954
2012-04-23 07:00:00,2,0,1,3,12.3,14.395,81,16.9979,2012,23,0,7,173.54337
2012-04-23 08:00:00,2,0,1,2,12.3,13.635,75,22.0028,2012,23,0,8,537.4043
2012-04-23 09:00:00,2,0,1,2,12.3,13.635,75,26.0027,2012,23,0,9,253.20465
2012-04-23 10:00:00,2,0,1,2,13.12,15.15,70,22.0028,2012,23,0,10,144.19527
2012-04-23 11:00:00,2,0,1,2,13.12,14.395,70,23.9994,2012,23,0,11,152.29726
2012-04-23 12:00:00,2,0,1,3,13.94,15.15,71,23.9994,2012,23,0,12,70.155754
2012-04-23 13:00:00,2,0,1,3,13.94,15.15,66,26.0027,2012,23,0,13,99.22727
2012-04-23 14:00:00,2,0,1,3,14.76,15.91,62,30.0026,2012,23,0,14,95.35727
2012-04-23 15:00:00,2,0,1,2,14.76,16.665,62,26.0027,2012,23,0,15,191.89322
2012-04-23 16:00:00,2,0,1,3,12.3,13.635,81,23.9994,2012,23,0,16,106.858986
2012-04-23 17:00:00,2,0,1,3,12.3,13.635,82,22.0028,2012,23,0,17,284.66962
2012-04-23 18:00:00,2,0,1,3,13.12,16.665,81,8.9981,2012,23,0,18,313.3089
2012-04-23 19:00:00,2,0,1,2,13.94,15.91,76,15.0013,2012,23,0,19,286.8077
2012-04-23 20:00:00,2,0,1,2,13.12,15.91,76,11.0014,2012,23,0,20,207.16075
2012-04-23 21:00:00,2,0,1,2,13.12,15.15,81,15.0013,2012,23,0,21,128.50562
2012-04-23 22:00:00,2,0,1,1,13.12,15.91,76,12.998,2012,23,0,22,103.38265
2012-04-23 23:00:00,2,0,1,1,13.12,15.91,76,11.0014,2012,23,0,23,66.05921
2012-04-24 00:00:00,2,0,1,2,13.12,16.665,76,8.9981,2012,24,1,0,14.518356
2012-04-24 01:00:00,2,0,1,2,13.12,16.665,81,8.9981,2012,24,1,1,6.789734
2012-04-24 02:00:00,2,0,1,1,13.12,15.91,81,12.998,2012,24,1,2,-1.1478577
2012-04-24 03:00:00,2,0,1,1,13.12,15.15,81,15.0013,2012,24,1,3,-4.3537445
2012-04-24 04:00:00,2,0,1,1,12.3,14.395,70,12.998,2012,24,1,4,-0.022628784
2012-04-24 05:00:00,2,0,1,1,12.3,14.395,70,12.998,2012,24,1,5,18.342941
2012-04-24 06:00:00,2,0,1,1,12.3,14.395,70,15.0013,2012,24,1,6,104.01992
2012-04-24 07:00:00,2,0,1,1,13.12,15.15,66,19.0012,2012,24,1,7,327.70132
2012-04-24 08:00:00,2,0,1,1,13.94,15.91,61,16.9979,2012,24,1,8,595.68713
2012-04-24 09:00:00,2,0,1,1,16.4,20.455,47,23.9994,2012,24,1,9,303.59985
2012-04-24 10:00:00,2,0,1,1,17.22,21.21,47,19.9995,2012,24,1,10,206.71657
2012-04-24 11:00:00,2,0,1,1,18.86,22.725,31,26.0027,2012,24,1,11,222.78511
2012-04-24 12:00:00,2,0,1,1,19.68,23.485,29,26.0027,2012,24,1,12,271.27713
2012-04-24 13:00:00,2,0,1,1,20.5,24.24,29,26.0027,2012,24,1,13,280.9664
2012-04-24 14:00:00,2,0,1,1,20.5,24.24,25,26.0027,2012,24,1,14,267.88654
2012-04-24 15:00:00,2,0,1,1,20.5,24.24,23,27.9993,2012,24,1,15,275.7976
2012-04-24 16:00:00,2,0,1,1,20.5,24.24,23,12.998,2012,24,1,16,370.07117
2012-04-24 17:00:00,2,0,1,1,21.32,25.0,22,26.0027,2012,24,1,17,668.7657
2012-04-24 18:00:00,2,0,1,1,20.5,24.24,18,0.0,2012,24,1,18,670.368
2012-04-24 19:00:00,2,0,1,1,20.5,24.24,18,16.9979,2012,24,1,19,481.38113
2012-04-24 20:00:00,2,0,1,1,19.68,23.485,21,22.0028,2012,24,1,20,311.1391
2012-04-24 21:00:00,2,0,1,2,18.86,22.725,28,11.0014,2012,24,1,21,215.20897
2012-04-24 22:00:00,2,0,1,1,18.04,21.97,35,7.0015,2012,24,1,22,147.73921
2012-04-24 23:00:00,2,0,1,1,17.22,21.21,38,6.0032,2012,24,1,23,95.857216
2012-04-25 00:00:00,2,0,1,1,18.04,21.97,38,0.0,2012,25,2,0,14.38765
2012-04-25 01:00:00,2,0,1,1,17.22,21.21,41,0.0,2012,25,2,1,-0.79756165
2012-04-25 02:00:00,2,0,1,1,14.76,18.94,62,0.0,2012,25,2,2,-8.678558
2012-04-25 03:00:00,2,0,1,1,13.12,16.665,70,6.0032,2012,25,2,3,1.9435577
2012-04-25 04:00:00,2,0,1,1,13.94,17.425,66,6.0032,2012,25,2,4,3.8354492
2012-04-25 05:00:00,2,0,1,1,13.94,18.18,66,0.0,2012,25,2,5,15.456955
2012-04-25 06:00:00,2,0,1,1,13.94,18.18,66,0.0,2012,25,2,6,103.42303
2012-04-25 07:00:00,2,0,1,1,13.94,18.18,71,0.0,2012,25,2,7,330.138
2012-04-25 08:00:00,2,0,1,1,14.76,18.18,76,6.0032,2012,25,2,8,609.0333
2012-04-25 09:00:00,2,0,1,1,17.22,21.21,54,0.0,2012,25,2,9,321.75427
2012-04-25 10:00:00,2,0,1,1,21.32,25.0,34,0.0,2012,25,2,10,214.64955
2012-04-25 11:00:00,2,0,1,1,21.32,25.0,32,8.9981,2012,25,2,11,243.12344
2012-04-25 12:00:00,2,0,1,1,22.14,25.76,28,19.0012,2012,25,2,12,293.00577
2012-04-25 13:00:00,2,0,1,1,22.96,26.515,26,15.0013,2012,25,2,13,285.79865
2012-04-25 14:00:00,2,0,1,1,22.96,26.515,22,23.9994,2012,25,2,14,270.64056
2012-04-25 15:00:00,2,0,1,1,23.78,27.275,19,11.0014,2012,25,2,15,297.9897
2012-04-25 16:00:00,2,0,1,1,24.6,29.545,20,22.0028,2012,25,2,16,435.4696
2012-04-25 17:00:00,2,0,1,1,24.6,29.545,20,19.9995,2012,25,2,17,744.76276
2012-04-25 18:00:00,2,0,1,1,24.6,29.545,20,19.0012,2012,25,2,18,739.0626
2012-04-25 19:00:00,2,0,1,1,24.6,29.545,20,12.998,2012,25,2,19,543.0884
2012-04-25 20:00:00,2,0,1,1,22.96,26.515,22,6.0032,2012,25,2,20,387.7234
2012-04-25 21:00:00,2,0,1,1,21.32,25.0,52,8.9981,2012,25,2,21,265.2057
2012-04-25 22:00:00,2,0,1,1,20.5,24.24,51,0.0,2012,25,2,22,173.86133
2012-04-25 23:00:00,2,0,1,2,20.5,24.24,51,6.0032,2012,25,2,23,104.20158
2012-04-26 00:00:00,2,0,1,2,19.68,23.485,63,0.0,2012,26,3,0,40.3416
2012-04-26 01:00:00,2,0,1,2,19.68,23.485,48,6.0032,2012,26,3,1,24.105255
2012-04-26 02:00:00,2,0,1,2,19.68,23.485,55,7.0015,2012,26,3,2,17.262573
2012-04-26 03:00:00,2,0,1,2,19.68,23.485,55,6.0032,2012,26,3,3,15.63147
2012-04-26 04:00:00,2,0,1,2,19.68,23.485,59,6.0032,2012,26,3,4,16.058395
2012-04-26 05:00:00,2,0,1,2,19.68,23.485,63,8.9981,2012,26,3,5,42.29059
2012-04-26 06:00:00,2,0,1,2,19.68,23.485,63,16.9979,2012,26,3,6,147.97917
2012-04-26 07:00:00,2,0,1,3,18.86,22.725,82,23.9994,2012,26,3,7,224.88512
2012-04-26 08:00:00,2,0,1,3,18.86,22.725,82,12.998,2012,26,3,8,369.7528
2012-04-26 09:00:00,2,0,1,3,18.86,22.725,88,11.0014,2012,26,3,9,208.12326
2012-04-26 10:00:00,2,0,1,2,18.86,22.725,94,11.0014,2012,26,3,10,206.93181
2012-04-26 11:00:00,2,0,1,2,18.86,22.725,94,15.0013,2012,26,3,11,209.96828
2012-04-26 12:00:00,2,0,1,2,21.32,25.0,83,8.9981,2012,26,3,12,243.38019
2012-04-26 13:00:00,2,0,1,2,20.5,24.24,82,11.0014,2012,26,3,13,254.04715
2012-04-26 14:00:00,2,0,1,2,22.14,25.76,77,12.998,2012,26,3,14,254.10565
2012-04-26 15:00:00,2,0,1,2,21.32,25.0,83,22.0028,2012,26,3,15,233.58255
2012-04-26 16:00:00,2,0,1,2,21.32,25.0,83,15.0013,2012,26,3,16,319.56097
2012-04-26 17:00:00,2,0,1,1,22.14,25.76,77,11.0014,2012,26,3,17,654.0722
2012-04-26 18:00:00,2,0,1,2,22.14,25.76,77,12.998,2012,26,3,18,621.8941
2012-04-26 19:00:00,2,0,1,2,22.14,25.76,77,15.0013,2012,26,3,19,445.75195
2012-04-26 20:00:00,2,0,1,1,22.14,25.76,77,12.998,2012,26,3,20,351.29248
2012-04-26 21:00:00,2,0,1,1,21.32,25.0,83,15.0013,2012,26,3,21,259.60907
2012-04-26 22:00:00,2,0,1,1,21.32,25.0,83,11.0014,2012,26,3,22,206.21538
2012-04-26 23:00:00,2,0,1,1,20.5,24.24,88,11.0014,2012,26,3,23,142.03604
2012-04-27 00:00:00,2,0,1,1,22.14,25.76,68,36.9974,2012,27,4,0,75.505035
2012-04-27 01:00:00,2,0,1,1,20.5,24.24,59,30.0026,2012,27,4,1,23.111755
2012-04-27 02:00:00,2,0,1,1,19.68,23.485,59,27.9993,2012,27,4,2,21.91571
2012-04-27 03:00:00,2,0,1,1,18.04,21.97,47,32.9975,2012,27,4,3,7.0253296
2012-04-27 04:00:00,2,0,1,1,17.22,21.21,44,16.9979,2012,27,4,4,19.008987
2012-04-27 05:00:00,2,0,1,1,17.22,21.21,44,23.9994,2012,27,4,5,36.167038
2012-04-27 06:00:00,2,0,1,1,16.4,20.455,43,16.9979,2012,27,4,6,133.84834
2012-04-27 07:00:00,2,0,1,1,15.58,19.695,50,19.0012,2012,27,4,7,336.92804
2012-04-27 08:00:00,2,0,1,1,16.4,20.455,50,0.0,2012,27,4,8,570.0556
2012-04-27 09:00:00,2,0,1,1,17.22,21.21,44,32.9975,2012,27,4,9,342.42737
2012-04-27 10:00:00,2,0,1,1,18.04,21.97,38,27.9993,2012,27,4,10,260.4365
2012-04-27 11:00:00,2,0,1,1,18.04,21.97,38,22.0028,2012,27,4,11,271.61807
2012-04-27 12:00:00,2,0,1,1,18.86,22.725,36,23.9994,2012,27,4,12,330.30353
2012-04-27 13:00:00,2,0,1,1,18.86,22.725,33,26.0027,2012,27,4,13,330.82516
2012-04-27 14:00:00,2,0,1,1,18.86,22.725,33,22.0028,2012,27,4,14,323.33337
2012-04-27 15:00:00,2,0,1,1,21.32,25.0,29,32.9975,2012,27,4,15,356.3947
2012-04-27 16:00:00,2,0,1,1,21.32,25.0,29,16.9979,2012,27,4,16,417.34644
2012-04-27 17:00:00,2,0,1,1,22.14,25.76,24,26.0027,2012,27,4,17,660.5938
2012-04-27 18:00:00,2,0,1,1,21.32,25.0,25,23.9994,2012,27,4,18,610.83887
2012-04-27 19:00:00,2,0,1,1,20.5,24.24,27,26.0027,2012,27,4,19,420.39777
2012-04-27 20:00:00,2,0,1,1,18.86,22.725,31,19.0012,2012,27,4,20,282.33826
2012-04-27 21:00:00,2,0,1,1,18.04,21.97,33,19.9995,2012,27,4,21,193.63342
2012-04-27 22:00:00,2,0,1,1,17.22,21.21,38,16.9979,2012,27,4,22,155.05151
2012-04-27 23:00:00,2,0,1,1,16.4,20.455,40,16.9979,2012,27,4,23,139.67578
2012-04-28 00:00:00,2,0,0,1,15.58,19.695,43,11.0014,2012,28,5,0,102.35406
2012-04-28 01:00:00,2,0,0,1,14.76,16.665,50,19.9995,2012,28,5,1,74.60817
2012-04-28 02:00:00,2,0,0,1,14.76,17.425,43,11.0014,2012,28,5,2,67.060135
2012-04-28 03:00:00,2,0,0,1,13.94,15.91,49,15.0013,2012,28,5,3,24.183456
2012-04-28 04:00:00,2,0,0,1,13.94,16.665,49,11.0014,2012,28,5,4,18.190613
2012-04-28 05:00:00,2,0,0,1,13.94,16.665,46,8.9981,2012,28,5,5,16.345078
2012-04-28 06:00:00,2,0,0,1,13.94,16.665,49,12.998,2012,28,5,6,20.824524
2012-04-28 07:00:00,2,0,0,1,13.94,16.665,49,11.0014,2012,28,5,7,68.22284
2012-04-28 08:00:00,2,0,0,1,15.58,19.695,40,8.9981,2012,28,5,8,203.44891
2012-04-28 09:00:00,2,0,0,2,15.58,19.695,37,0.0,2012,28,5,9,258.9604
2012-04-28 10:00:00,2,0,0,2,15.58,19.695,40,11.0014,2012,28,5,10,295.49744
2012-04-28 11:00:00,2,0,0,2,15.58,19.695,40,7.0015,2012,28,5,11,362.41846
2012-04-28 12:00:00,2,0,0,2,15.58,19.695,43,0.0,2012,28,5,12,400.39188
2012-04-28 13:00:00,2,0,0,2,16.4,20.455,37,0.0,2012,28,5,13,404.32648
2012-04-28 14:00:00,2,0,0,1,17.22,21.21,38,7.0015,2012,28,5,14,451.80872
2012-04-28 15:00:00,2,0,0,1,17.22,21.21,41,15.0013,2012,28,5,15,455.95654
2012-04-28 16:00:00,2,0,0,2,18.04,21.97,38,12.998,2012,28,5,16,413.9381
2012-04-28 17:00:00,2,0,0,2,17.22,21.21,41,8.9981,2012,28,5,17,409.02277
2012-04-28 18:00:00,2,0,0,3,16.4,20.455,47,0.0,2012,28,5,18,204.468
2012-04-28 19:00:00,2,0,0,3,14.76,17.425,71,8.9981,2012,28,5,19,122.899185
2012-04-28 20:00:00,2,0,0,2,15.58,19.695,66,0.0,2012,28,5,20,198.96722
2012-04-28 21:00:00,2,0,0,3,14.76,17.425,71,12.998,2012,28,5,21,82.198875
2012-04-28 22:00:00,2,0,0,2,14.76,17.425,71,8.9981,2012,28,5,22,140.5209
2012-04-28 23:00:00,2,0,0,2,15.58,19.695,76,6.0032,2012,28,5,23,127.60013
2012-04-29 00:00:00,2,0,0,3,14.76,17.425,81,8.9981,2012,29,6,0,74.53739
2012-04-29 01:00:00,2,0,0,2,14.76,17.425,81,8.9981,2012,29,6,1,79.472206
2012-04-29 02:00:00,2,0,0,2,14.76,18.18,87,7.0015,2012,29,6,2,60.691254
2012-04-29 03:00:00,2,0,0,2,14.76,17.425,87,12.998,2012,29,6,3,29.841812
2012-04-29 04:00:00,2,0,0,2,14.76,17.425,87,8.9981,2012,29,6,4,17.225616
2012-04-29 05:00:00,2,0,0,1,13.94,18.18,87,0.0,2012,29,6,5,19.32161
2012-04-29 06:00:00,2,0,0,1,13.94,16.665,87,8.9981,2012,29,6,6,20.335785
2012-04-29 07:00:00,2,0,0,2,13.94,16.665,87,8.9981,2012,29,6,7,55.395203
2012-04-29 08:00:00,2,0,0,1,15.58,19.695,76,8.9981,2012,29,6,8,158.39516
2012-04-29 09:00:00,2,0,0,1,16.4,20.455,71,8.9981,2012,29,6,9,230.8223
2012-04-29 10:00:00,2,0,0,1,17.22,21.21,67,6.0032,2012,29,6,10,329.48145
2012-04-29 11:00:00,2,0,0,1,18.86,22.725,51,0.0,2012,29,6,11,403.01547
2012-04-29 12:00:00,2,0,0,1,19.68,23.485,44,7.0015,2012,29,6,12,487.46133
2012-04-29 13:00:00,2,0,0,1,20.5,24.24,45,7.0015,2012,29,6,13,509.4108
2012-04-29 14:00:00,2,0,0,1,22.14,25.76,34,0.0,2012,29,6,14,489.4407
2012-04-29 15:00:00,2,0,0,1,22.96,26.515,37,8.9981,2012,29,6,15,512.99023
2012-04-29 16:00:00,2,0,0,1,24.6,30.305,28,12.998,2012,29,6,16,552.57886
2012-04-29 17:00:00,2,0,0,1,25.42,30.305,27,19.9995,2012,29,6,17,509.6515
2012-04-29 18:00:00,2,0,0,1,24.6,30.305,26,19.0012,2012,29,6,18,452.42303
2012-04-29 19:00:00,2,0,0,1,22.96,26.515,35,8.9981,2012,29,6,19,366.78122
2012-04-29 20:00:00,2,0,0,1,22.96,26.515,32,6.0032,2012,29,6,20,264.4336
2012-04-29 21:00:00,2,0,0,1,21.32,25.0,48,8.9981,2012,29,6,21,175.75171
2012-04-29 22:00:00,2,0,0,1,20.5,24.24,45,0.0,2012,29,6,22,133.43526
2012-04-29 23:00:00,2,0,0,1,19.68,23.485,59,0.0,2012,29,6,23,77.31323
2012-04-30 00:00:00,2,0,1,1,18.04,21.97,72,7.0015,2012,30,0,0,25.941742
2012-04-30 01:00:00,2,0,1,1,17.22,21.21,77,6.0032,2012,30,0,1,10.496613
2012-04-30 02:00:00,2,0,1,1,17.22,21.21,71,8.9981,2012,30,0,2,4.2261963
2012-04-30 03:00:00,2,0,1,1,16.4,20.455,76,11.0014,2012,30,0,3,1.7745667
2012-04-30 04:00:00,2,0,1,1,15.58,19.695,62,16.9979,2012,30,0,4,1.1861267
2012-04-30 05:00:00,2,0,1,1,15.58,19.695,62,16.9979,2012,30,0,5,20.15007
2012-04-30 06:00:00,2,0,1,1,16.4,20.455,47,12.998,2012,30,0,6,121.2021
2012-04-30 07:00:00,2,0,1,1,16.4,20.455,50,12.998,2012,30,0,7,352.74402
2012-04-30 08:00:00,2,0,1,1,16.4,20.455,43,12.998,2012,30,0,8,585.6432
2012-04-30 09:00:00,2,0,1,2,16.4,20.455,43,12.998,2012,30,0,9,294.07953
2012-04-30 10:00:00,2,0,1,2,17.22,21.21,41,11.0014,2012,30,0,10,193.17628
2012-04-30 11:00:00,2,0,1,2,18.04,21.97,44,7.0015,2012,30,0,11,205.46408
2012-04-30 12:00:00,2,0,1,2,18.04,21.97,47,8.9981,2012,30,0,12,232.92868
2012-04-30 13:00:00,2,0,1,2,19.68,23.485,51,6.0032,2012,30,0,13,247.00851
2012-04-30 14:00:00,2,0,1,2,20.5,24.24,55,8.9981,2012,30,0,14,237.39062
2012-04-30 15:00:00,2,0,1,2,21.32,25.0,55,7.0015,2012,30,0,15,253.82162
2012-04-30 16:00:00,2,0,1,1,22.96,26.515,60,12.998,2012,30,0,16,389.28473
2012-04-30 17:00:00,2,0,1,1,22.96,26.515,60,11.0014,2012,30,0,17,704.9325
2012-04-30 18:00:00,2,0,1,2,22.96,26.515,60,15.0013,2012,30,0,18,667.25366
2012-04-30 19:00:00,2,0,1,2,22.14,25.76,64,16.9979,2012,30,0,19,440.19495
2012-04-30 20:00:00,2,0,1,2,21.32,25.0,59,12.998,2012,30,0,20,292.5785
2012-04-30 21:00:00,2,0,1,2,21.32,25.0,59,12.998,2012,30,0,21,215.79147
2012-04-30 22:00:00,2,0,1,2,21.32,25.0,55,11.0014,2012,30,0,22,157.57327
2012-04-30 23:00:00,2,0,1,2,21.32,25.0,55,15.0013,2012,30,0,23,82.18813
2012-05-20 00:00:00,2,0,0,1,23.78,27.275,53,7.0015,2012,20,6,0,132.3737
2012-05-20 01:00:00,2,0,0,1,22.96,26.515,52,0.0,2012,20,6,1,94.0961
2012-05-20 02:00:00,2,0,0,1,22.96,26.515,52,0.0,2012,20,6,2,69.05765
2012-05-20 03:00:00,2,0,0,1,22.14,25.76,56,6.0032,2012,20,6,3,44.02333
2012-05-20 04:00:00,2,0,0,1,21.32,25.0,68,6.0032,2012,20,6,4,21.383759
2012-05-20 05:00:00,2,0,0,1,20.5,24.24,72,7.0015,2012,20,6,5,23.231796
2012-05-20 06:00:00,2,0,0,1,20.5,24.24,63,8.9981,2012,20,6,6,35.932053
2012-05-20 07:00:00,2,0,0,1,21.32,25.0,68,12.998,2012,20,6,7,131.41994
2012-05-20 08:00:00,2,0,0,1,22.96,26.515,56,11.0014,2012,20,6,8,223.808
2012-05-20 09:00:00,2,0,0,1,25.42,31.06,32,16.9979,2012,20,6,9,345.63782
2012-05-20 10:00:00,2,0,0,1,27.06,31.06,34,19.9995,2012,20,6,10,467.62878
2012-05-20 11:00:00,2,0,0,1,27.06,31.06,36,22.0028,2012,20,6,11,558.43713
2012-05-20 12:00:00,2,0,0,1,27.88,31.82,36,22.0028,2012,20,6,12,617.0218
2012-05-20 13:00:00,2,0,0,1,28.7,31.82,37,19.0012,2012,20,6,13,602.5138
2012-05-20 14:00:00,2,0,0,1,29.52,32.575,39,26.0027,2012,20,6,14,584.83154
2012-05-20 15:00:00,2,0,0,2,28.7,31.82,39,27.9993,2012,20,6,15,547.40967
2012-05-20 16:00:00,2,0,0,1,29.52,32.575,42,23.9994,2012,20,6,16,602.2582
2012-05-20 17:00:00,2,0,0,1,29.52,32.575,45,22.0028,2012,20,6,17,558.3512
2012-05-20 18:00:00,2,0,0,1,28.7,32.575,51,22.0028,2012,20,6,18,495.07104
2012-05-20 19:00:00,2,0,0,1,27.06,31.06,61,27.9993,2012,20,6,19,376.26987
2012-05-20 20:00:00,2,0,0,1,27.06,31.06,61,27.9993,2012,20,6,20,278.6773
2012-05-20 21:00:00,2,0,0,1,26.24,30.305,69,26.0027,2012,20,6,21,201.69713
2012-05-20 22:00:00,2,0,0,1,25.42,29.545,73,22.0028,2012,20,6,22,158.5901
2012-05-20 23:00:00,2,0,0,3,24.6,28.79,78,23.9994,2012,20,6,23,34.664963
2012-05-21 00:00:00,2,0,1,3,23.78,27.275,88,19.9995,2012,21,0,0,3.462265
2012-05-21 01:00:00,2,0,1,3,23.78,27.275,88,23.9994,2012,21,0,1,-6.96727
2012-05-21 02:00:00,2,0,1,3,22.96,26.515,94,16.9979,2012,21,0,2,-21.52884
2012-05-21 03:00:00,2,0,1,2,22.96,26.515,88,19.9995,2012,21,0,3,-10.90332
2012-05-21 04:00:00,2,0,1,3,22.96,26.515,88,19.9995,2012,21,0,4,-22.094742
2012-05-21 05:00:00,2,0,1,3,22.96,26.515,88,19.9995,2012,21,0,5,-7.526413
2012-05-21 06:00:00,2,0,1,3,22.96,26.515,88,19.9995,2012,21,0,6,75.96382
2012-05-21 07:00:00,2,0,1,3,22.96,26.515,88,19.9995,2012,21,0,7,216.74127
2012-05-21 08:00:00,2,0,1,3,22.96,26.515,88,16.9979,2012,21,0,8,345.81494
2012-05-21 09:00:00,2,0,1,3,22.96,26.515,88,15.0013,2012,21,0,9,191.20477
2012-05-21 10:00:00,2,0,1,3,23.78,27.275,88,19.0012,2012,21,0,10,56.50174
2012-05-21 11:00:00,2,0,1,2,24.6,28.03,83,11.0014,2012,21,0,11,162.0502
2012-05-21 12:00:00,2,0,1,2,24.6,28.03,83,16.9979,2012,21,0,12,193.80833
2012-05-21 13:00:00,2,0,1,3,24.6,28.03,83,16.9979,2012,21,0,13,116.599
2012-05-21 14:00:00,2,0,1,3,24.6,28.03,83,12.998,2012,21,0,14,111.47177
2012-05-21 15:00:00,2,0,1,2,26.24,30.305,73,12.998,2012,21,0,15,251.43918
2012-05-21 16:00:00,2,0,1,2,26.24,30.305,73,16.9979,2012,21,0,16,357.0432
2012-05-21 17:00:00,2,0,1,2,27.06,31.06,69,16.9979,2012,21,0,17,675.3435
2012-05-21 18:00:00,2,0,1,1,26.24,30.305,73,7.0015,2012,21,0,18,705.5919
2012-05-21 19:00:00,2,0,1,1,27.06,31.06,69,6.0032,2012,21,0,19,534.6578
2012-05-21 20:00:00,2,0,1,1,26.24,30.305,69,8.9981,2012,21,0,20,375.36035
2012-05-21 21:00:00,2,0,1,1,25.42,30.305,69,6.0032,2012,21,0,21,274.82333
2012-05-21 22:00:00,2,0,1,2,25.42,29.545,73,11.0014,2012,21,0,22,169.87733
2012-05-21 23:00:00,2,0,1,1,25.42,29.545,73,19.0012,2012,21,0,23,96.62006
2012-05-22 00:00:00,2,0,1,1,23.78,27.275,83,16.9979,2012,22,1,0,39.939087
2012-05-22 01:00:00,2,0,1,2,23.78,27.275,83,8.9981,2012,22,1,1,15.82692
2012-05-22 02:00:00,2,0,1,2,23.78,27.275,83,7.0015,2012,22,1,2,7.5957947
2012-05-22 03:00:00,2,0,1,2,23.78,27.275,83,7.0015,2012,22,1,3,6.3530884
2012-05-22 04:00:00,2,0,1,2,22.96,26.515,88,11.0014,2012,22,1,4,5.6900177
2012-05-22 05:00:00,2,0,1,3,22.96,26.515,88,12.998,2012,22,1,5,9.549789
2012-05-22 06:00:00,2,0,1,3,22.96,26.515,88,7.0015,2012,22,1,6,104.36625
2012-05-22 07:00:00,2,0,1,3,22.96,26.515,88,7.0015,2012,22,1,7,241.9266
2012-05-22 08:00:00,2,0,1,2,22.96,26.515,88,8.9981,2012,22,1,8,617.9103
2012-05-22 09:00:00,2,0,1,2,24.6,28.03,83,7.0015,2012,22,1,9,311.53564
2012-05-22 10:00:00,2,0,1,2,24.6,28.79,78,6.0032,2012,22,1,10,194.86014
2012-05-22 11:00:00,2,0,1,2,24.6,28.79,78,0.0,2012,22,1,11,187.80225
2012-05-22 12:00:00,2,0,1,2,25.42,29.545,78,7.0015,2012,22,1,12,246.06023
2012-05-22 13:00:00,2,0,1,2,26.24,30.305,73,0.0,2012,22,1,13,250.4366
2012-05-22 14:00:00,2,0,1,2,26.24,30.305,73,7.0015,2012,22,1,14,238.52202
2012-05-22 15:00:00,2,0,1,1,28.7,32.575,61,6.0032,2012,22,1,15,290.76907
2012-05-22 16:00:00,2,0,1,1,27.88,31.82,61,7.0015,2012,22,1,16,418.20303
2012-05-22 17:00:00,2,0,1,1,29.52,33.335,54,0.0,2012,22,1,17,753.5661
2012-05-22 18:00:00,2,0,1,1,27.88,31.82,61,8.9981,2012,22,1,18,740.3456
2012-05-22 19:00:00,2,0,1,1,27.06,31.06,69,15.0013,2012,22,1,19,531.2959
2012-05-22 20:00:00,2,0,1,1,26.24,30.305,73,16.9979,2012,22,1,20,362.80817
2012-05-22 21:00:00,2,0,1,1,25.42,29.545,78,8.9981,2012,22,1,21,265.24567
2012-05-22 22:00:00,2,0,1,1,25.42,29.545,73,6.0032,2012,22,1,22,209.07797
2012-05-22 23:00:00,2,0,1,1,25.42,29.545,73,7.0015,2012,22,1,23,140.61844
2012-05-23 00:00:00,2,0,1,1,25.42,29.545,78,8.9981,2012,23,2,0,47.560074
2012-05-23 01:00:00,2,0,1,1,24.6,28.03,83,11.0014,2012,23,2,1,29.496017
2012-05-23 02:00:00,2,0,1,2,24.6,28.03,83,11.0014,2012,23,2,2,17.075073
2012-05-23 03:00:00,2,0,1,1,24.6,28.79,78,7.0015,2012,23,2,3,20.58136
2012-05-23 04:00:00,2,0,1,3,23.78,27.275,83,12.998,2012,23,2,4,2.668396
2012-05-23 05:00:00,2,0,1,3,22.96,26.515,88,16.9979,2012,23,2,5,10.295639
2012-05-23 06:00:00,2,0,1,1,22.96,26.515,88,7.0015,2012,23,2,6,153.22849
2012-05-23 07:00:00,2,0,1,1,23.78,27.275,83,0.0,2012,23,2,7,392.4578
2012-05-23 08:00:00,2,0,1,1,23.78,27.275,83,0.0,2012,23,2,8,634.2953
2012-05-23 09:00:00,2,0,1,2,25.42,29.545,78,0.0,2012,23,2,9,321.8266
2012-05-23 10:00:00,2,0,1,1,25.42,29.545,78,6.0032,2012,23,2,10,209.63608
2012-05-23 11:00:00,2,0,1,1,26.24,30.305,73,0.0,2012,23,2,11,226.0531
2012-05-23 12:00:00,2,0,1,2,27.06,31.06,69,6.0032,2012,23,2,12,275.47726
2012-05-23 13:00:00,2,0,1,2,27.06,31.06,74,11.0014,2012,23,2,13,264.78796
2012-05-23 14:00:00,2,0,1,1,27.88,31.82,65,8.9981,2012,23,2,14,276.68362
2012-05-23 15:00:00,2,0,1,2,28.7,32.575,61,0.0,2012,23,2,15,275.30487
2012-05-23 16:00:00,2,0,1,3,28.7,32.575,61,6.0032,2012,23,2,16,400.60324
2012-05-23 17:00:00,2,0,1,3,26.24,30.305,69,7.0015,2012,23,2,17,552.09406
2012-05-23 18:00:00,2,0,1,3,26.24,30.305,69,7.0015,2012,23,2,18,577.37573
2012-05-23 19:00:00,2,0,1,2,25.42,28.79,83,11.0014,2012,23,2,19,444.1452
2012-05-23 20:00:00,2,0,1,2,25.42,28.79,83,6.0032,2012,23,2,20,287.80038
2012-05-23 21:00:00,2,0,1,2,25.42,28.79,83,0.0,2012,23,2,21,218.04872
2012-05-23 22:00:00,2,0,1,2,25.42,28.79,83,11.0014,2012,23,2,22,173.30742
2012-05-23 23:00:00,2,0,1,1,24.6,28.03,83,8.9981,2012,23,2,23,144.50247
2012-05-24 00:00:00,2,0,1,1,24.6,28.03,83,6.0032,2012,24,3,0,58.939636
2012-05-24 01:00:00,2,0,1,1,24.6,27.275,88,6.0032,2012,24,3,1,34.681946
2012-05-24 02:00:00,2,0,1,1,24.6,27.275,88,0.0,2012,24,3,2,25.856781
2012-05-24 03:00:00,2,0,1,2,24.6,27.275,88,7.0015,2012,24,3,3,22.098618
2012-05-24 04:00:00,2,0,1,2,24.6,27.275,88,11.0014,2012,24,3,4,28.62378
2012-05-24 05:00:00,2,0,1,2,24.6,27.275,88,11.0014,2012,24,3,5,48.316086
2012-05-24 06:00:00,2,0,1,2,24.6,27.275,88,11.0014,2012,24,3,6,162.86496
2012-05-24 07:00:00,2,0,1,1,24.6,28.03,83,7.0015,2012,24,3,7,417.78586
2012-05-24 08:00:00,2,0,1,1,25.42,29.545,73,8.9981,2012,24,3,8,640.7687
2012-05-24 09:00:00,2,0,1,1,25.42,29.545,73,11.0014,2012,24,3,9,347.04834
2012-05-24 10:00:00,2,0,1,1,26.24,30.305,65,8.9981,2012,24,3,10,219.96327
2012-05-24 11:00:00,2,0,1,1,27.06,31.06,65,8.9981,2012,24,3,11,233.77026
2012-05-24 12:00:00,2,0,1,1,28.7,32.575,58,7.0015,2012,24,3,12,297.54236
2012-05-24 13:00:00,2,0,1,1,29.52,33.335,54,11.0014,2012,24,3,13,304.05142
2012-05-24 14:00:00,2,0,1,1,30.34,34.09,55,15.0013,2012,24,3,14,283.11618
2012-05-24 15:00:00,2,0,1,1,30.34,34.09,55,16.9979,2012,24,3,15,299.07675
2012-05-24 16:00:00,2,0,1,1,30.34,34.09,55,23.9994,2012,24,3,16,425.74133
2012-05-24 17:00:00,2,0,1,1,30.34,34.09,55,19.0012,2012,24,3,17,746.46686
2012-05-24 18:00:00,2,0,1,1,29.52,33.335,54,22.0028,2012,24,3,18,740.1773
2012-05-24 19:00:00,2,0,1,1,28.7,32.575,61,19.9995,2012,24,3,19,538.00244
2012-05-24 20:00:00,2,0,1,2,27.06,31.06,69,19.0012,2012,24,3,20,344.97894
2012-05-24 21:00:00,2,0,1,3,26.24,29.545,78,11.0014,2012,24,3,21,126.42006
2012-05-24 22:00:00,2,0,1,2,26.24,29.545,78,7.0015,2012,24,3,22,180.39882
2012-05-24 23:00:00,2,0,1,2,26.24,29.545,78,8.9981,2012,24,3,23,119.37985
2012-05-25 00:00:00,2,0,1,1,25.42,28.79,83,8.9981,2012,25,4,0,73.411194
2012-05-25 01:00:00,2,0,1,1,25.42,28.79,83,6.0032,2012,25,4,1,36.809265
2012-05-25 02:00:00,2,0,1,2,25.42,28.79,83,0.0,2012,25,4,2,19.738754
2012-05-25 03:00:00,2,0,1,2,25.42,28.03,88,7.0015,2012,25,4,3,20.627502
2012-05-25 04:00:00,2,0,1,2,25.42,28.03,88,0.0,2012,25,4,4,13.361938
2012-05-25 05:00:00,2,0,1,2,25.42,28.03,88,6.0032,2012,25,4,5,36.541016
2012-05-25 06:00:00,2,0,1,2,25.42,28.03,88,7.0015,2012,25,4,6,144.87773
2012-05-25 07:00:00,2,0,1,2,25.42,28.03,88,11.0014,2012,25,4,7,372.912
2012-05-25 08:00:00,2,0,1,2,26.24,28.79,89,7.0015,2012,25,4,8,597.9503
2012-05-25 09:00:00,2,0,1,2,26.24,28.79,89,8.9981,2012,25,4,9,305.87802
2012-05-25 10:00:00,2,0,1,1,27.88,31.82,79,11.0014,2012,25,4,10,257.40005
2012-05-25 11:00:00,2,0,1,1,27.88,31.82,79,8.9981,2012,25,4,11,279.52768
2012-05-25 12:00:00,2,0,1,1,29.52,34.09,66,7.0015,2012,25,4,12,361.1887
2012-05-25 13:00:00,2,0,1,1,30.34,34.09,62,8.9981,2012,25,4,13,354.41876
2012-05-25 14:00:00,2,0,1,1,30.34,34.09,58,8.9981,2012,25,4,14,336.01675
2012-05-25 15:00:00,2,0,1,1,31.16,35.605,62,12.998,2012,25,4,15,355.46228
2012-05-25 16:00:00,2,0,1,1,31.98,35.605,52,15.0013,2012,25,4,16,458.8582
2012-05-25 17:00:00,2,0,1,1,31.16,35.605,62,19.0012,2012,25,4,17,708.4485
2012-05-25 18:00:00,2,0,1,1,31.16,35.605,62,12.998,2012,25,4,18,678.9948
2012-05-25 19:00:00,2,0,1,1,30.34,34.09,62,16.9979,2012,25,4,19,512.7931
2012-05-25 20:00:00,2,0,1,1,28.7,32.575,65,11.0014,2012,25,4,20,373.30795
2012-05-25 21:00:00,2,0,1,1,28.7,32.575,65,8.9981,2012,25,4,21,293.8194
2012-05-25 22:00:00,2,0,1,1,27.06,31.06,74,7.0015,2012,25,4,22,228.6708
2012-05-25 23:00:00,2,0,1,1,27.06,30.305,78,15.0013,2012,25,4,23,180.80232
2012-05-26 00:00:00,2,0,0,1,26.24,28.79,83,11.0014,2012,26,5,0,127.76134
2012-05-26 01:00:00,2,0,0,1,26.24,28.79,83,8.9981,2012,26,5,1,90.69045
2012-05-26 02:00:00,2,0,0,1,26.24,28.79,89,8.9981,2012,26,5,2,64.85152
2012-05-26 03:00:00,2,0,0,1,25.42,28.03,88,7.0015,2012,26,5,3,33.553604
2012-05-26 04:00:00,2,0,0,1,25.42,28.03,88,8.9981,2012,26,5,4,26.20047
2012-05-26 05:00:00,2,0,0,1,25.42,28.79,83,16.9979,2012,26,5,5,22.350555
2012-05-26 06:00:00,2,0,0,1,25.42,28.03,88,12.998,2012,26,5,6,37.67946
2012-05-26 07:00:00,2,0,0,2,25.42,28.03,88,11.0014,2012,26,5,7,120.32599
2012-05-26 08:00:00,2,0,0,1,26.24,29.545,78,8.9981,2012,26,5,8,205.55847
2012-05-26 09:00:00,2,0,0,1,26.24,28.79,83,12.998,2012,26,5,9,287.4322
2012-05-26 10:00:00,2,0,0,1,27.88,31.82,79,15.0013,2012,26,5,10,385.38306
2012-05-26 11:00:00,2,0,0,1,28.7,33.335,74,12.998,2012,26,5,11,477.49286
2012-05-26 12:00:00,2,0,0,1,30.34,34.85,66,15.0013,2012,26,5,12,549.73474
2012-05-26 13:00:00,2,0,0,1,31.16,36.365,66,12.998,2012,26,5,13,551.69995
2012-05-26 14:00:00,2,0,0,1,31.16,36.365,66,15.0013,2012,26,5,14,523.0608
2012-05-26 15:00:00,2,0,0,1,31.16,36.365,66,19.0012,2012,26,5,15,530.20825
2012-05-26 16:00:00,2,0,0,1,31.98,36.365,55,16.9979,2012,26,5,16,551.4155
2012-05-26 17:00:00,2,0,0,2,31.98,35.605,52,16.9979,2012,26,5,17,520.6142
2012-05-26 18:00:00,2,0,0,2,31.16,34.85,52,12.998,2012,26,5,18,514.65735
2012-05-26 19:00:00,2,0,0,2,30.34,34.85,66,15.0013,2012,26,5,19,432.85483
2012-05-26 20:00:00,2,0,0,2,30.34,34.09,55,12.998,2012,26,5,20,337.7854
2012-05-26 21:00:00,2,0,0,2,29.52,34.09,62,12.998,2012,26,5,21,258.99557
2012-05-26 22:00:00,2,0,0,1,28.7,33.335,74,16.9979,2012,26,5,22,218.9728
2012-05-26 23:00:00,2,0,0,1,28.7,33.335,74,16.9979,2012,26,5,23,182.8613
2012-05-27 00:00:00,2,0,0,2,27.88,31.82,69,11.0014,2012,27,6,0,133.50302
2012-05-27 01:00:00,2,0,0,1,27.06,31.06,74,15.0013,2012,27,6,1,100.20691
2012-05-27 02:00:00,2,0,0,1,26.24,30.305,73,15.0013,2012,27,6,2,66.312096
2012-05-27 03:00:00,2,0,0,1,26.24,30.305,73,11.0014,2012,27,6,3,35.564575
2012-05-27 04:00:00,2,0,0,1,25.42,28.79,83,12.998,2012,27,6,4,21.915497
2012-05-27 05:00:00,2,0,0,1,25.42,28.79,83,12.998,2012,27,6,5,21.915497
2012-05-27 06:00:00,2,0,0,1,25.42,28.79,83,11.0014,2012,27,6,6,32.47348
2012-05-27 07:00:00,2,0,0,1,25.42,28.03,88,11.0014,2012,27,6,7,101.12992
2012-05-27 08:00:00,2,0,0,1,26.24,28.79,83,12.998,2012,27,6,8,169.24799
2012-05-27 09:00:00,2,0,0,1,27.06,30.305,83,15.0013,2012,27,6,9,250.94075
2012-05-27 10:00:00,2,0,0,1,27.88,31.82,74,16.9979,2012,27,6,10,368.38873
2012-05-27 11:00:00,2,0,0,1,29.52,34.09,66,15.0013,2012,27,6,11,478.00958
2012-05-27 12:00:00,2,0,0,1,30.34,34.85,66,16.9979,2012,27,6,12,522.98724
2012-05-27 13:00:00,2,0,0,1,31.16,35.605,58,12.998,2012,27,6,13,526.7573
2012-05-27 14:00:00,2,0,0,1,31.16,35.605,58,16.9979,2012,27,6,14,490.35156
2012-05-27 15:00:00,2,0,0,1,31.98,35.605,52,19.0012,2012,27,6,15,500.48203
2012-05-27 16:00:00,2,0,0,1,31.98,35.605,52,19.0012,2012,27,6,16,520.7251
2012-05-27 17:00:00,2,0,0,1,31.98,35.605,49,19.9995,2012,27,6,17,509.64694
2012-05-27 18:00:00,2,0,0,1,31.16,35.605,58,19.9995,2012,27,6,18,477.66095
2012-05-27 19:00:00,2,0,0,1,31.16,35.605,58,12.998,2012,27,6,19,390.4753
2012-05-27 20:00:00,2,0,0,1,30.34,34.09,55,11.0014,2012,27,6,20,312.06155
2012-05-27 21:00:00,2,0,0,3,27.06,31.06,69,27.9993,2012,27,6,21,81.5066
2012-05-27 22:00:00,2,0,0,3,25.42,28.79,83,0.0,2012,27,6,22,25.227112
2012-05-27 23:00:00,2,0,0,3,25.42,28.79,83,8.9981,2012,27,6,23,23.849167
2012-05-28 00:00:00,2,1,0,1,25.42,28.79,83,15.0013,2012,28,0,0,54.648605
2012-05-28 01:00:00,2,1,0,2,25.42,29.545,78,19.9995,2012,28,0,1,44.103973
2012-05-28 02:00:00,2,1,0,1,24.6,28.03,83,15.0013,2012,28,0,2,32.515686
2012-05-28 03:00:00,2,1,0,1,25.42,29.545,73,11.0014,2012,28,0,3,13.603378
2012-05-28 04:00:00,2,1,0,1,24.6,28.79,78,8.9981,2012,28,0,4,14.726212
2012-05-28 05:00:00,2,1,0,1,24.6,28.79,78,8.9981,2012,28,0,5,22.442108
2012-05-28 06:00:00,2,1,0,1,25.42,29.545,73,11.0014,2012,28,0,6,53.12607
2012-05-28 07:00:00,2,1,0,1,25.42,29.545,78,7.0015,2012,28,0,7,225.63983
2012-05-28 08:00:00,2,1,0,1,27.06,31.06,69,0.0,2012,28,0,8,342.5255
2012-05-28 09:00:00,2,1,0,1,28.7,32.575,61,0.0,2012,28,0,9,326.8725
2012-05-28 10:00:00,2,1,0,1,28.7,32.575,61,0.0,2012,28,0,10,331.80862
2012-05-28 11:00:00,2,1,0,1,29.52,34.09,66,8.9981,2012,28,0,11,366.6943
2012-05-28 12:00:00,2,1,0,1,31.16,35.605,62,8.9981,2012,28,0,12,414.83826
2012-05-28 13:00:00,2,1,0,1,32.8,39.395,63,19.0012,2012,28,0,13,434.83502
2012-05-28 14:00:00,2,1,0,1,32.8,39.395,63,19.0012,2012,28,0,14,406.01227
2012-05-28 15:00:00,2,1,0,1,33.62,39.395,56,19.9995,2012,28,0,15,428.68976
2012-05-28 16:00:00,2,1,0,1,33.62,39.395,56,22.0028,2012,28,0,16,501.40475
2012-05-28 17:00:00,2,1,0,1,33.62,39.395,56,19.9995,2012,28,0,17,642.89655
2012-05-28 18:00:00,2,1,0,1,32.8,38.635,59,19.9995,2012,28,0,18,630.34595
2012-05-28 19:00:00,2,1,0,1,32.8,37.88,55,19.9995,2012,28,0,19,564.74817
2012-05-28 20:00:00,2,1,0,1,31.98,37.12,62,19.9995,2012,28,0,20,416.98697
2012-05-28 21:00:00,2,1,0,1,31.16,36.365,66,19.0012,2012,28,0,21,298.3581
2012-05-28 22:00:00,2,1,0,1,30.34,34.85,70,11.0014,2012,28,0,22,243.95724
2012-05-28 23:00:00,2,1,0,1,29.52,34.85,74,11.0014,2012,28,0,23,127.82549
2012-05-29 00:00:00,2,0,1,1,28.7,33.335,79,12.998,2012,29,1,0,51.831924
2012-05-29 01:00:00,2,0,1,1,28.7,33.335,79,12.998,2012,29,1,1,31.304214
2012-05-29 02:00:00,2,0,1,1,27.88,31.82,83,8.9981,2012,29,1,2,17.149017
2012-05-29 03:00:00,2,0,1,1,27.88,31.82,79,19.0012,2012,29,1,3,20.091324
2012-05-29 04:00:00,2,0,1,1,27.06,30.305,78,15.0013,2012,29,1,4,22.09105
2012-05-29 05:00:00,2,0,1,1,27.06,30.305,78,15.0013,2012,29,1,5,41.783325
2012-05-29 06:00:00,2,0,1,1,27.06,30.305,78,15.0013,2012,29,1,6,158.21353
2012-05-29 07:00:00,2,0,1,1,27.06,30.305,78,15.0013,2012,29,1,7,411.03693
2012-05-29 08:00:00,2,0,1,1,28.7,33.335,74,12.998,2012,29,1,8,638.1671
2012-05-29 09:00:00,2,0,1,1,29.52,34.09,70,16.9979,2012,29,1,9,346.015
2012-05-29 10:00:00,2,0,1,1,30.34,34.85,70,19.9995,2012,29,1,10,215.60132
2012-05-29 11:00:00,2,0,1,1,31.16,35.605,62,19.9995,2012,29,1,11,224.77579
2012-05-29 12:00:00,2,0,1,1,32.8,37.88,55,22.0028,2012,29,1,12,287.1223
2012-05-29 13:00:00,2,0,1,1,33.62,38.635,52,26.0027,2012,29,1,13,291.39917
2012-05-29 14:00:00,2,0,1,1,33.62,38.635,52,27.9993,2012,29,1,14,274.69257
2012-05-29 15:00:00,2,0,1,1,33.62,38.635,49,26.0027,2012,29,1,15,289.3603
2012-05-29 16:00:00,2,0,1,1,33.62,38.635,49,32.9975,2012,29,1,16,414.6903
2012-05-29 17:00:00,2,0,1,1,33.62,37.88,46,27.9993,2012,29,1,17,759.15216
2012-05-29 18:00:00,2,0,1,1,32.8,37.12,49,32.9975,2012,29,1,18,732.1435
2012-05-29 19:00:00,2,0,1,1,31.98,35.605,52,23.9994,2012,29,1,19,557.56384
2012-05-29 20:00:00,2,0,1,3,28.7,32.575,61,35.0008,2012,29,1,20,279.26556
2012-05-29 21:00:00,2,0,1,3,24.6,27.275,88,30.0026,2012,29,1,21,117.606514
2012-05-29 22:00:00,2,0,1,2,25.42,28.03,88,6.0032,2012,29,1,22,160.80515
2012-05-29 23:00:00,2,0,1,3,25.42,27.275,94,0.0,2012,29,1,23,4.900543
2012-05-30 00:00:00,2,0,1,3,26.24,28.79,89,7.0015,2012,30,2,0,30.71135
2012-05-30 01:00:00,2,0,1,3,26.24,28.79,89,12.998,2012,30,2,1,14.767242
2012-05-30 02:00:00,2,0,1,3,25.42,27.275,94,6.0032,2012,30,2,2,-2.4408417
2012-05-30 03:00:00,2,0,1,3,25.42,28.03,88,8.9981,2012,30,2,3,5.2561646
2012-05-30 04:00:00,2,0,1,2,25.42,28.03,88,8.9981,2012,30,2,4,12.643723
2012-05-30 05:00:00,2,0,1,2,25.42,29.545,78,8.9981,2012,30,2,5,34.7162
2012-05-30 06:00:00,2,0,1,2,24.6,28.79,78,7.0015,2012,30,2,6,151.48914
2012-05-30 07:00:00,2,0,1,3,24.6,28.79,78,12.998,2012,30,2,7,287.57782
2012-05-30 08:00:00,2,0,1,2,24.6,29.545,73,11.0014,2012,30,2,8,623.14307
2012-05-30 09:00:00,2,0,1,2,25.42,30.305,69,12.998,2012,30,2,9,343.2007
2012-05-30 10:00:00,2,0,1,2,25.42,30.305,69,19.0012,2012,30,2,10,207.32144
2012-05-30 11:00:00,2,0,1,2,27.06,31.06,65,12.998,2012,30,2,11,223.28757
2012-05-30 12:00:00,2,0,1,1,28.7,32.575,54,0.0,2012,30,2,12,301.6541
2012-05-30 13:00:00,2,0,1,1,28.7,32.575,51,0.0,2012,30,2,13,298.77914
2012-05-30 14:00:00,2,0,1,1,29.52,32.575,42,8.9981,2012,30,2,14,292.83527
2012-05-30 15:00:00,2,0,1,1,29.52,33.335,51,8.9981,2012,30,2,15,304.6229
2012-05-30 16:00:00,2,0,1,1,29.52,33.335,51,11.0014,2012,30,2,16,435.63275
2012-05-30 17:00:00,2,0,1,1,30.34,33.335,48,6.0032,2012,30,2,17,747.6318
2012-05-30 18:00:00,2,0,1,1,30.34,33.335,48,11.0014,2012,30,2,18,746.5876
2012-05-30 19:00:00,2,0,1,1,29.52,33.335,54,11.0014,2012,30,2,19,561.8192
2012-05-30 20:00:00,2,0,1,2,22.14,25.76,60,8.9981,2012,30,2,20,308.29184
2012-05-30 21:00:00,2,0,1,1,27.88,31.82,57,7.0015,2012,30,2,21,313.95364
2012-05-30 22:00:00,2,0,1,1,27.06,31.06,69,7.0015,2012,30,2,22,235.74623
2012-05-30 23:00:00,2,0,1,1,27.06,31.06,65,7.0015,2012,30,2,23,164.06015
2012-05-31 00:00:00,2,0,1,1,26.24,30.305,69,8.9981,2012,31,3,0,51.774673
2012-05-31 01:00:00,2,0,1,1,26.24,30.305,69,6.0032,2012,31,3,1,28.15767
2012-05-31 02:00:00,2,0,1,1,26.24,30.305,65,6.0032,2012,31,3,2,19.422897
2012-05-31 03:00:00,2,0,1,1,25.42,30.305,69,6.0032,2012,31,3,3,20.52713
2012-05-31 04:00:00,2,0,1,1,25.42,30.305,69,0.0,2012,31,3,4,20.470001
2012-05-31 05:00:00,2,0,1,1,25.42,30.305,69,16.9979,2012,31,3,5,39.98761
2012-05-31 06:00:00,2,0,1,1,24.6,29.545,73,15.0013,2012,31,3,6,170.79913
2012-05-31 07:00:00,2,0,1,1,24.6,30.305,64,19.0012,2012,31,3,7,408.55035
2012-05-31 08:00:00,2,0,1,1,25.42,31.06,57,16.9979,2012,31,3,8,626.71967
2012-05-31 09:00:00,2,0,1,1,27.06,31.06,47,16.9979,2012,31,3,9,349.21588
2012-05-31 10:00:00,2,0,1,1,28.7,31.82,39,26.0027,2012,31,3,10,250.01678
2012-05-31 11:00:00,2,0,1,1,29.52,32.575,37,19.0012,2012,31,3,11,257.01917
2012-05-31 12:00:00,2,0,1,1,29.52,32.575,37,12.998,2012,31,3,12,322.96667
2012-05-31 13:00:00,2,0,1,1,30.34,32.575,35,8.9981,2012,31,3,13,320.44318
2012-05-31 14:00:00,2,0,1,1,31.16,33.335,31,12.998,2012,31,3,14,311.95255
2012-05-31 15:00:00,2,0,1,1,31.16,33.335,33,19.9995,2012,31,3,15,323.85425
2012-05-31 16:00:00,2,0,1,1,31.16,33.335,33,19.0012,2012,31,3,16,458.597
2012-05-31 17:00:00,2,0,1,1,31.16,33.335,31,11.0014,2012,31,3,17,786.7232
2012-05-31 18:00:00,2,0,1,1,30.34,32.575,30,12.998,2012,31,3,18,785.79333
2012-05-31 19:00:00,2,0,1,1,29.52,32.575,34,11.0014,2012,31,3,19,586.1685
2012-05-31 20:00:00,2,0,1,1,27.88,31.82,44,11.0014,2012,31,3,20,425.64233
2012-05-31 21:00:00,2,0,1,1,27.88,31.82,44,11.0014,2012,31,3,21,331.5708
2012-05-31 22:00:00,2,0,1,1,27.06,31.06,50,11.0014,2012,31,3,22,248.5542
2012-05-31 23:00:00,2,0,1,1,27.06,31.06,54,15.0013,2012,31,3,23,181.43015
2012-06-20 00:00:00,2,0,1,1,28.7,33.335,79,12.998,2012,20,2,0,52.133316
2012-06-20 01:00:00,2,0,1,1,27.88,31.82,79,12.998,2012,20,2,1,30.731155
2012-06-20 02:00:00,2,0,1,1,27.06,30.305,83,11.0014,2012,20,2,2,21.356964
2012-06-20 03:00:00,2,0,1,1,27.06,30.305,83,8.9981,2012,20,2,3,20.114258
2012-06-20 04:00:00,2,0,1,1,27.06,30.305,83,6.0032,2012,20,2,4,20.114258
2012-06-20 05:00:00,2,0,1,1,27.06,30.305,83,6.0032,2012,20,2,5,39.806534
2012-06-20 06:00:00,2,0,1,2,26.24,28.79,89,6.0032,2012,20,2,6,146.95596
2012-06-20 07:00:00,2,0,1,2,27.06,29.545,89,0.0,2012,20,2,7,398.18417
2012-06-20 08:00:00,2,0,1,2,28.7,33.335,79,7.0015,2012,20,2,8,631.27673
2012-06-20 09:00:00,2,0,1,2,29.52,34.85,74,0.0,2012,20,2,9,338.40143
2012-06-20 10:00:00,2,0,1,1,33.62,38.635,52,8.9981,2012,20,2,10,200.70056
2012-06-20 11:00:00,2,0,1,1,34.44,39.395,49,12.998,2012,20,2,11,194.06758
2012-06-20 12:00:00,2,0,1,1,35.26,40.15,47,11.0014,2012,20,2,12,271.35367
2012-06-20 13:00:00,2,0,1,1,35.26,39.395,44,7.0015,2012,20,2,13,267.27734
2012-06-20 14:00:00,2,0,1,1,36.08,40.15,39,12.998,2012,20,2,14,244.03046
2012-06-20 15:00:00,2,0,1,1,36.9,40.91,35,0.0,2012,20,2,15,259.7815
2012-06-20 16:00:00,2,0,1,1,36.9,40.91,35,7.0015,2012,20,2,16,396.17093
2012-06-20 17:00:00,2,0,1,1,36.9,40.91,37,0.0,2012,20,2,17,733.13885
2012-06-20 18:00:00,2,0,1,1,36.9,40.91,37,0.0,2012,20,2,18,714.7041
2012-06-20 19:00:00,2,0,1,1,36.08,39.395,37,16.9979,2012,20,2,19,547.13135
2012-06-20 20:00:00,2,0,1,1,35.26,38.635,39,15.0013,2012,20,2,20,421.33398
2012-06-20 21:00:00,2,0,1,1,34.44,37.88,44,6.0032,2012,20,2,21,333.1769
2012-06-20 22:00:00,2,0,1,1,33.62,37.88,46,7.0015,2012,20,2,22,252.7692
2012-06-20 23:00:00,2,0,1,1,31.98,37.12,59,7.0015,2012,20,2,23,148.50574
2012-06-21 00:00:00,3,0,1,1,30.34,34.85,70,6.0032,2012,21,3,0,48.707657
2012-06-21 01:00:00,3,0,1,1,29.52,34.85,79,8.9981,2012,21,3,1,29.069962
2012-06-21 02:00:00,3,0,1,1,29.52,34.85,79,7.0015,2012,21,3,2,20.783356
2012-06-21 03:00:00,3,0,1,1,29.52,34.85,74,0.0,2012,21,3,3,20.280396
2012-06-21 04:00:00,3,0,1,1,28.7,33.335,84,6.0032,2012,21,3,4,17.348297
2012-06-21 05:00:00,3,0,1,1,28.7,33.335,84,7.0015,2012,21,3,5,39.127197
2012-06-21 06:00:00,3,0,1,2,28.7,33.335,84,6.0032,2012,21,3,6,167.90828
2012-06-21 07:00:00,3,0,1,2,28.7,33.335,84,6.0032,2012,21,3,7,429.49628
2012-06-21 08:00:00,3,0,1,1,30.34,34.85,70,0.0,2012,21,3,8,624.8636
2012-06-21 09:00:00,3,0,1,1,32.8,37.88,55,12.998,2012,21,3,9,327.82727
2012-06-21 10:00:00,3,0,1,1,34.44,39.395,49,7.0015,2012,21,3,10,177.19453
2012-06-21 11:00:00,3,0,1,1,35.26,39.395,41,8.9981,2012,21,3,11,186.20819
2012-06-21 12:00:00,3,0,1,1,36.9,40.91,35,12.998,2012,21,3,12,266.39386
2012-06-21 13:00:00,3,0,1,1,36.9,40.91,35,0.0,2012,21,3,13,260.3538
2012-06-21 14:00:00,3,0,1,1,36.08,39.395,37,11.0014,2012,21,3,14,238.96564
2012-06-21 15:00:00,3,0,1,1,37.72,41.665,33,11.0014,2012,21,3,15,235.5484
2012-06-21 16:00:00,3,0,1,1,36.9,40.91,35,8.9981,2012,21,3,16,408.6046
2012-06-21 17:00:00,3,0,1,1,36.08,39.395,37,0.0,2012,21,3,17,750.07104
2012-06-21 18:00:00,3,0,1,1,35.26,39.395,41,12.998,2012,21,3,18,767.66473
2012-06-21 19:00:00,3,0,1,1,36.08,40.15,39,15.0013,2012,21,3,19,558.3474
2012-06-21 20:00:00,3,0,1,1,35.26,39.395,44,12.998,2012,21,3,20,424.12604
2012-06-21 21:00:00,3,0,1,1,33.62,38.635,52,12.998,2012,21,3,21,345.6198
2012-06-21 22:00:00,3,0,1,1,32.8,39.395,63,11.0014,2012,21,3,22,253.65414
2012-06-21 23:00:00,3,0,1,1,32.8,38.635,59,6.0032,2012,21,3,23,158.87918
2012-06-22 00:00:00,3,0,1,2,31.16,36.365,70,7.0015,2012,22,4,0,72.27408
2012-06-22 01:00:00,3,0,1,1,31.16,37.12,75,11.0014,2012,22,4,1,32.311188
2012-06-22 02:00:00,3,0,1,1,30.34,35.605,79,0.0,2012,22,4,2,22.884384
2012-06-22 03:00:00,3,0,1,1,30.34,35.605,79,0.0,2012,22,4,3,13.914017
2012-06-22 04:00:00,3,0,1,2,31.16,36.365,66,0.0,2012,22,4,4,14.26593
2012-06-22 05:00:00,3,0,1,2,30.34,34.85,66,6.0032,2012,22,4,5,31.857224
2012-06-22 06:00:00,3,0,1,2,30.34,34.85,66,0.0,2012,22,4,6,154.95929
2012-06-22 07:00:00,3,0,1,1,30.34,34.09,58,11.0014,2012,22,4,7,375.81616
2012-06-22 08:00:00,3,0,1,1,31.16,34.85,55,8.9981,2012,22,4,8,582.8065
2012-06-22 09:00:00,3,0,1,1,31.16,35.605,58,15.0013,2012,22,4,9,342.6225
2012-06-22 10:00:00,3,0,1,1,32.8,37.12,52,23.9994,2012,22,4,10,248.38281
2012-06-22 11:00:00,3,0,1,1,32.8,37.12,49,11.0014,2012,22,4,11,267.22836
2012-06-22 12:00:00,3,0,1,1,34.44,39.395,49,8.9981,2012,22,4,12,328.19104
2012-06-22 13:00:00,3,0,1,1,36.08,40.15,39,15.0013,2012,22,4,13,311.3901
2012-06-22 14:00:00,3,0,1,1,36.08,40.15,39,15.0013,2012,22,4,14,293.79086
2012-06-22 15:00:00,3,0,1,1,36.9,40.91,35,23.9994,2012,22,4,15,300.3868
2012-06-22 16:00:00,3,0,1,1,36.9,40.15,31,15.0013,2012,22,4,16,426.4641
2012-06-22 17:00:00,3,0,1,2,33.62,36.365,38,11.0014,2012,22,4,17,756.6743
2012-06-22 18:00:00,3,0,1,2,32.8,37.88,55,12.998,2012,22,4,18,691.5381
2012-06-22 19:00:00,3,0,1,2,31.16,34.85,55,35.0008,2012,22,4,19,492.9831
2012-06-22 20:00:00,3,0,1,2,31.16,34.85,55,35.0008,2012,22,4,20,353.0248
2012-06-22 21:00:00,3,0,1,3,27.88,31.82,65,19.0012,2012,22,4,21,207.38898
2012-06-22 22:00:00,3,0,1,1,27.88,31.82,69,8.9981,2012,22,4,22,238.45715
2012-06-22 23:00:00,3,0,1,2,27.06,31.06,74,0.0,2012,22,4,23,146.10703
2012-06-23 00:00:00,3,0,0,1,26.24,28.79,83,0.0,2012,23,5,0,134.91595
2012-06-23 01:00:00,3,0,0,1,27.06,30.305,78,8.9981,2012,23,5,1,101.09057
2012-06-23 02:00:00,3,0,0,2,26.24,28.79,83,12.998,2012,23,5,2,62.654953
2012-06-23 03:00:00,3,0,0,2,26.24,28.79,83,6.0032,2012,23,5,3,22.355148
2012-06-23 04:00:00,3,0,0,2,26.24,28.79,83,11.0014,2012,23,5,4,11.948441
2012-06-23 05:00:00,3,0,0,2,26.24,28.79,83,12.998,2012,23,5,5,7.9763184
2012-06-23 06:00:00,3,0,0,1,26.24,28.79,83,6.0032,2012,23,5,6,27.288254
2012-06-23 07:00:00,3,0,0,1,26.24,28.79,83,11.0014,2012,23,5,7,119.06445
2012-06-23 08:00:00,3,0,0,1,27.88,31.82,69,15.0013,2012,23,5,8,248.82849
2012-06-23 09:00:00,3,0,0,1,29.52,34.09,62,12.998,2012,23,5,9,336.60947
2012-06-23 10:00:00,3,0,0,1,30.34,34.09,55,12.998,2012,23,5,10,418.9213
2012-06-23 11:00:00,3,0,0,1,31.16,34.09,48,15.0013,2012,23,5,11,511.77914
2012-06-23 12:00:00,3,0,0,1,32.8,36.365,43,12.998,2012,23,5,12,578.67224
2012-06-23 13:00:00,3,0,0,1,33.62,36.365,34,12.998,2012,23,5,13,622.78296
2012-06-23 14:00:00,3,0,0,1,31.98,34.09,33,16.9979,2012,23,5,14,605.3738
2012-06-23 15:00:00,3,0,0,1,34.44,36.365,30,22.0028,2012,23,5,15,558.10657
2012-06-23 16:00:00,3,0,0,1,34.44,35.605,26,19.9995,2012,23,5,16,572.2671
2012-06-23 17:00:00,3,0,0,1,33.62,35.605,26,16.9979,2012,23,5,17,598.7402
2012-06-23 18:00:00,3,0,0,1,33.62,35.605,26,19.9995,2012,23,5,18,556.4132
2012-06-23 19:00:00,3,0,0,1,32.8,34.85,27,12.998,2012,23,5,19,477.91937
2012-06-23 20:00:00,3,0,0,1,31.98,34.09,31,12.998,2012,23,5,20,381.0901
2012-06-23 21:00:00,3,0,0,1,31.16,33.335,33,8.9981,2012,23,5,21,340.61877
2012-06-23 22:00:00,3,0,0,1,30.34,32.575,37,7.0015,2012,23,5,22,303.07288
2012-06-23 23:00:00,3,0,0,1,29.52,32.575,44,0.0,2012,23,5,23,231.15648
2012-06-24 00:00:00,3,0,0,1,28.7,32.575,51,0.0,2012,24,6,0,145.18796
2012-06-24 01:00:00,3,0,0,2,27.88,31.82,54,6.0032,2012,24,6,1,103.14615
2012-06-24 02:00:00,3,0,0,2,27.88,31.82,51,0.0,2012,24,6,2,76.42461
2012-06-24 03:00:00,3,0,0,2,27.06,31.06,65,6.0032,2012,24,6,3,32.22902
2012-06-24 04:00:00,3,0,0,2,27.06,31.06,65,0.0,2012,24,6,4,4.178543
2012-06-24 05:00:00,3,0,0,1,25.42,30.305,69,8.9981,2012,24,6,5,11.305252
2012-06-24 06:00:00,3,0,0,1,26.24,30.305,65,11.0014,2012,24,6,6,20.760223
2012-06-24 07:00:00,3,0,0,1,26.24,30.305,69,7.0015,2012,24,6,7,129.79453
2012-06-24 08:00:00,3,0,0,1,28.7,32.575,58,0.0,2012,24,6,8,208.74796
2012-06-24 09:00:00,3,0,0,1,29.52,33.335,51,0.0,2012,24,6,9,306.50488
2012-06-24 10:00:00,3,0,0,1,31.16,34.09,40,0.0,2012,24,6,10,453.3604
2012-06-24 11:00:00,3,0,0,1,31.16,34.09,40,8.9981,2012,24,6,11,546.95355
2012-06-24 12:00:00,3,0,0,1,32.8,34.85,33,15.0013,2012,24,6,12,599.64575
2012-06-24 13:00:00,3,0,0,1,32.8,34.85,33,19.0012,2012,24,6,13,598.4475
2012-06-24 14:00:00,3,0,0,1,34.44,36.365,30,19.9995,2012,24,6,14,528.13184
2012-06-24 15:00:00,3,0,0,1,35.26,37.12,28,15.0013,2012,24,6,15,470.792
2012-06-24 16:00:00,3,0,0,1,34.44,36.365,30,16.9979,2012,24,6,16,532.2899
2012-06-24 17:00:00,3,0,0,1,34.44,36.365,32,16.9979,2012,24,6,17,535.1164
2012-06-24 18:00:00,3,0,0,1,33.62,36.365,34,16.9979,2012,24,6,18,519.51465
2012-06-24 19:00:00,3,0,0,1,32.8,35.605,38,19.9995,2012,24,6,19,416.79254
2012-06-24 20:00:00,3,0,0,1,31.98,34.85,46,16.9979,2012,24,6,20,267.17856
2012-06-24 21:00:00,3,0,0,1,31.16,34.85,55,15.0013,2012,24,6,21,221.68103
2012-06-24 22:00:00,3,0,0,1,30.34,34.09,55,7.0015,2012,24,6,22,190.33984
2012-06-24 23:00:00,3,0,0,1,30.34,34.09,58,7.0015,2012,24,6,23,107.32969
2012-06-25 00:00:00,3,0,1,1,29.52,34.09,62,16.9979,2012,25,0,0,46.052383
2012-06-25 01:00:00,3,0,1,1,28.7,32.575,65,15.0013,2012,25,0,1,27.507462
2012-06-25 02:00:00,3,0,1,1,28.7,32.575,70,15.0013,2012,25,0,2,16.395432
2012-06-25 03:00:00,3,0,1,1,27.88,31.82,69,16.9979,2012,25,0,3,13.5668335
2012-06-25 04:00:00,3,0,1,1,27.06,30.305,78,16.9979,2012,25,0,4,12.797989
2012-06-25 05:00:00,3,0,1,1,27.06,31.06,74,11.0014,2012,25,0,5,37.0571
2012-06-25 06:00:00,3,0,1,1,26.24,29.545,78,11.0014,2012,25,0,6,163.407
2012-06-25 07:00:00,3,0,1,1,27.06,31.06,74,15.0013,2012,25,0,7,422.77606
2012-06-25 08:00:00,3,0,1,1,27.06,31.06,69,12.998,2012,25,0,8,616.8907
2012-06-25 09:00:00,3,0,1,1,28.7,32.575,65,12.998,2012,25,0,9,343.41888
2012-06-25 10:00:00,3,0,1,1,31.16,34.85,55,11.0014,2012,25,0,10,214.55457
2012-06-25 11:00:00,3,0,1,1,32.8,36.365,43,22.0028,2012,25,0,11,203.80429
2012-06-25 12:00:00,3,0,1,2,31.16,34.09,45,19.9995,2012,25,0,12,277.13187
2012-06-25 13:00:00,3,0,1,1,29.52,33.335,51,19.9995,2012,25,0,13,292.99326
2012-06-25 14:00:00,3,0,1,1,31.98,34.85,43,16.9979,2012,25,0,14,266.32623
2012-06-25 15:00:00,3,0,1,1,31.98,34.09,38,31.0009,2012,25,0,15,289.66266
2012-06-25 16:00:00,3,0,1,1,32.8,34.85,31,26.0027,2012,25,0,16,446.09494
2012-06-25 17:00:00,3,0,1,1,32.8,34.09,24,31.0009,2012,25,0,17,794.8379
2012-06-25 18:00:00,3,0,1,1,31.16,33.335,27,30.0026,2012,25,0,18,799.8435
2012-06-25 19:00:00,3,0,1,1,30.34,32.575,27,31.0009,2012,25,0,19,598.989
2012-06-25 20:00:00,3,0,1,1,29.52,32.575,30,30.0026,2012,25,0,20,436.66095
2012-06-25 21:00:00,3,0,1,1,27.88,31.06,30,22.0028,2012,25,0,21,342.40768
2012-06-25 22:00:00,3,0,1,1,27.06,31.06,29,26.0027,2012,25,0,22,248.48285
2012-06-25 23:00:00,3,0,1,1,26.24,31.06,33,22.0028,2012,25,0,23,166.90172
2012-06-26 00:00:00,3,0,1,1,25.42,31.06,33,22.0028,2012,26,1,0,77.96882
2012-06-26 01:00:00,3,0,1,1,24.6,31.06,35,26.0027,2012,26,1,1,57.73822
2012-06-26 02:00:00,3,0,1,1,22.96,26.515,43,19.0012,2012,26,1,2,29.566452
2012-06-26 03:00:00,3,0,1,1,22.14,25.76,45,19.0012,2012,26,1,3,28.422546
2012-06-26 04:00:00,3,0,1,1,22.14,25.76,45,19.9995,2012,26,1,4,28.422546
2012-06-26 05:00:00,3,0,1,1,21.32,25.0,48,26.0027,2012,26,1,5,41.141098
2012-06-26 06:00:00,3,0,1,1,21.32,25.0,52,19.9995,2012,26,1,6,172.83177
2012-06-26 07:00:00,3,0,1,1,21.32,25.0,52,23.9994,2012,26,1,7,418.26447
2012-06-26 08:00:00,3,0,1,1,22.96,26.515,49,22.0028,2012,26,1,8,620.97205
2012-06-26 09:00:00,3,0,1,1,23.78,27.275,46,27.9993,2012,26,1,9,370.23837
2012-06-26 10:00:00,3,0,1,1,25.42,31.06,41,23.9994,2012,26,1,10,236.00963
2012-06-26 11:00:00,3,0,1,1,26.24,31.06,36,27.9993,2012,26,1,11,254.93327
2012-06-26 12:00:00,3,0,1,1,27.06,31.06,34,30.0026,2012,26,1,12,316.7561
2012-06-26 13:00:00,3,0,1,1,28.7,31.82,30,31.0009,2012,26,1,13,328.41638
2012-06-26 14:00:00,3,0,1,1,28.7,31.82,30,31.0009,2012,26,1,14,316.2702
2012-06-26 15:00:00,3,0,1,1,29.52,32.575,28,31.0009,2012,26,1,15,324.28436
2012-06-26 16:00:00,3,0,1,1,29.52,31.82,26,32.9975,2012,26,1,16,475.77286
2012-06-26 17:00:00,3,0,1,1,29.52,32.575,28,27.9993,2012,26,1,17,820.80646
2012-06-26 18:00:00,3,0,1,1,29.52,32.575,28,23.9994,2012,26,1,18,810.32587
2012-06-26 19:00:00,3,0,1,1,29.52,32.575,28,15.0013,2012,26,1,19,608.92804
2012-06-26 20:00:00,3,0,1,1,28.7,31.82,30,19.0012,2012,26,1,20,465.44077
2012-06-26 21:00:00,3,0,1,1,27.88,31.82,34,12.998,2012,26,1,21,366.9029
2012-06-26 22:00:00,3,0,1,1,27.06,31.06,34,16.9979,2012,26,1,22,274.30032
2012-06-26 23:00:00,3,0,1,1,25.42,31.06,41,8.9981,2012,26,1,23,185.44919
2012-06-27 00:00:00,3,0,1,1,25.42,31.06,41,12.998,2012,27,2,0,59.71167
2012-06-27 01:00:00,3,0,1,1,24.6,31.06,43,11.0014,2012,27,2,1,38.289337
2012-06-27 02:00:00,3,0,1,1,22.96,26.515,49,8.9981,2012,27,2,2,27.754013
2012-06-27 03:00:00,3,0,1,1,23.78,27.275,46,6.0032,2012,27,2,3,26.97406
2012-06-27 04:00:00,3,0,1,1,24.6,31.06,40,16.9979,2012,27,2,4,33.367065
2012-06-27 05:00:00,3,0,1,1,24.6,31.06,43,19.0012,2012,27,2,5,49.34816
2012-06-27 06:00:00,3,0,1,1,23.78,27.275,46,19.0012,2012,27,2,6,176.61392
2012-06-27 07:00:00,3,0,1,1,24.6,31.06,43,23.9994,2012,27,2,7,425.2893
2012-06-27 08:00:00,3,0,1,1,25.42,31.06,43,22.0028,2012,27,2,8,616.44293
2012-06-27 09:00:00,3,0,1,1,27.06,31.06,41,23.9994,2012,27,2,9,368.31827
2012-06-27 10:00:00,3,0,1,1,28.7,31.82,37,16.9979,2012,27,2,10,249.01263
2012-06-27 11:00:00,3,0,1,1,30.34,32.575,30,22.0028,2012,27,2,11,257.13593
2012-06-27 12:00:00,3,0,1,1,31.16,33.335,29,19.9995,2012,27,2,12,320.75684
2012-06-27 13:00:00,3,0,1,1,32.8,34.85,27,22.0028,2012,27,2,13,302.27094
2012-06-27 14:00:00,3,0,1,1,32.8,34.09,24,23.9994,2012,27,2,14,298.34998
2012-06-27 15:00:00,3,0,1,1,32.8,34.85,26,31.0009,2012,27,2,15,309.19193
2012-06-27 16:00:00,3,0,1,1,33.62,34.85,24,30.0026,2012,27,2,16,456.87622
2012-06-27 17:00:00,3,0,1,1,33.62,34.85,24,26.0027,2012,27,2,17,793.5112
2012-06-27 18:00:00,3,0,1,1,32.8,34.85,27,22.0028,2012,27,2,18,792.4177
2012-06-27 19:00:00,3,0,1,1,31.98,34.09,29,22.0028,2012,27,2,19,595.8779
2012-06-27 20:00:00,3,0,1,1,31.16,33.335,31,12.998,2012,27,2,20,473.0592
2012-06-27 21:00:00,3,0,1,1,30.34,32.575,35,8.9981,2012,27,2,21,370.0538
2012-06-27 22:00:00,3,0,1,1,29.52,32.575,39,6.0032,2012,27,2,22,285.56726
2012-06-27 23:00:00,3,0,1,1,27.88,31.82,47,8.9981,2012,27,2,23,178.37857
2012-06-28 00:00:00,3,0,1,1,27.06,31.06,50,7.0015,2012,28,3,0,55.512634
2012-06-28 01:00:00,3,0,1,1,27.06,31.06,54,0.0,2012,28,3,1,33.041824
2012-06-28 02:00:00,3,0,1,1,27.06,31.06,50,6.0032,2012,28,3,2,23.226013
2012-06-28 03:00:00,3,0,1,1,27.06,31.06,50,6.0032,2012,28,3,3,21.983322
2012-06-28 04:00:00,3,0,1,1,25.42,30.305,61,7.0015,2012,28,3,4,23.094894
2012-06-28 05:00:00,3,0,1,1,25.42,31.06,57,6.0032,2012,28,3,5,45.281326
2012-06-28 06:00:00,3,0,1,1,25.42,31.06,57,6.0032,2012,28,3,6,172.7932
2012-06-28 07:00:00,3,0,1,1,25.42,30.305,61,7.0015,2012,28,3,7,414.68866
2012-06-28 08:00:00,3,0,1,1,27.06,31.06,50,8.9981,2012,28,3,8,626.80664
2012-06-28 09:00:00,3,0,1,1,28.7,32.575,54,11.0014,2012,28,3,9,357.641
2012-06-28 10:00:00,3,0,1,1,30.34,33.335,48,12.998,2012,28,3,10,225.38043
2012-06-28 11:00:00,3,0,1,1,32.8,34.85,31,12.998,2012,28,3,11,232.11163
2012-06-28 12:00:00,3,0,1,1,34.44,35.605,26,19.0012,2012,28,3,12,294.26718
2012-06-28 13:00:00,3,0,1,1,35.26,37.12,26,15.0013,2012,28,3,13,297.8406
2012-06-28 14:00:00,3,0,1,1,35.26,36.365,25,22.0028,2012,28,3,14,281.99606
2012-06-28 15:00:00,3,0,1,1,35.26,36.365,25,22.0028,2012,28,3,15,298.62335
2012-06-28 16:00:00,3,0,1,1,36.08,37.12,23,12.998,2012,28,3,16,479.85135
2012-06-28 17:00:00,3,0,1,1,36.08,37.12,22,12.998,2012,28,3,17,797.7548
2012-06-28 18:00:00,3,0,1,1,35.26,36.365,25,15.0013,2012,28,3,18,791.6759
2012-06-28 19:00:00,3,0,1,1,34.44,36.365,30,19.9995,2012,28,3,19,587.4613
2012-06-28 20:00:00,3,0,1,1,33.62,36.365,34,12.998,2012,28,3,20,459.62378
2012-06-28 21:00:00,3,0,1,1,31.16,34.85,55,12.998,2012,28,3,21,336.4005
2012-06-28 22:00:00,3,0,1,1,31.16,34.85,52,11.0014,2012,28,3,22,257.43982
2012-06-28 23:00:00,3,0,1,1,30.34,33.335,48,8.9981,2012,28,3,23,184.96375
2012-06-29 00:00:00,3,0,1,1,30.34,33.335,48,8.9981,2012,29,4,0,77.4089
2012-06-29 01:00:00,3,0,1,1,30.34,33.335,51,11.0014,2012,29,4,1,38.459137
2012-06-29 02:00:00,3,0,1,1,29.52,33.335,58,12.998,2012,29,4,2,34.11104
2012-06-29 03:00:00,3,0,1,1,29.52,33.335,58,12.998,2012,29,4,3,28.836533
2012-06-29 04:00:00,3,0,1,1,28.7,32.575,65,11.0014,2012,29,4,4,27.371323
2012-06-29 05:00:00,3,0,1,1,28.7,32.575,61,7.0015,2012,29,4,5,44.08853
2012-06-29 06:00:00,3,0,1,2,28.7,32.575,61,11.0014,2012,29,4,6,165.76408
2012-06-29 07:00:00,3,0,1,1,28.7,32.575,61,7.0015,2012,29,4,7,383.5664
2012-06-29 08:00:00,3,0,1,2,30.34,34.09,55,7.0015,2012,29,4,8,568.977
2012-06-29 09:00:00,3,0,1,1,31.16,34.85,55,11.0014,2012,29,4,9,346.45258
2012-06-29 10:00:00,3,0,1,1,36.9,41.665,39,19.9995,2012,29,4,10,208.5471
2012-06-29 11:00:00,3,0,1,2,36.9,42.425,42,19.0012,2012,29,4,11,227.53488
2012-06-29 12:00:00,3,0,1,2,37.72,43.94,40,16.9979,2012,29,4,12,258.93173
2012-06-29 13:00:00,3,0,1,1,38.54,43.94,38,12.998,2012,29,4,13,233.77318
2012-06-29 14:00:00,3,0,1,1,39.36,45.455,36,15.0013,2012,29,4,14,206.6798
2012-06-29 15:00:00,3,0,1,1,39.36,45.455,36,0.0,2012,29,4,15,209.71202
2012-06-29 16:00:00,3,0,1,1,39.36,45.455,36,0.0,2012,29,4,16,330.56012
2012-06-29 17:00:00,3,0,1,1,40.18,46.21,34,12.998,2012,29,4,17,619.82556
2012-06-29 18:00:00,3,0,1,1,39.36,43.18,31,0.0,2012,29,4,18,602.052
2012-06-29 19:00:00,3,0,1,1,36.9,43.94,47,12.998,2012,29,4,19,477.55698
2012-06-29 20:00:00,3,0,1,1,37.72,44.695,42,16.9979,2012,29,4,20,322.41766
2012-06-29 21:00:00,3,0,1,2,35.26,41.665,53,12.998,2012,29,4,21,262.03467
2012-06-29 22:00:00,3,0,1,3,33.62,41.665,63,12.998,2012,29,4,22,199.9205
2012-06-29 23:00:00,3,0,1,3,33.62,41.665,63,12.998,2012,29,4,23,140.97655
2012-06-30 00:00:00,3,0,0,3,26.24,28.79,89,11.0014,2012,30,5,0,100.26349
2012-06-30 01:00:00,3,0,0,3,26.24,28.79,89,15.0013,2012,30,5,1,70.50498
2012-06-30 02:00:00,3,0,0,2,26.24,28.79,89,0.0,2012,30,5,2,56.39302
2012-06-30 03:00:00,3,0,0,2,26.24,28.79,89,0.0,2012,30,5,3,16.777634
2012-06-30 04:00:00,3,0,0,2,25.42,27.275,94,0.0,2012,30,5,4,-0.7223511
2012-06-30 05:00:00,3,0,0,1,26.24,28.79,89,11.0014,2012,30,5,5,11.71402
2012-06-30 06:00:00,3,0,0,1,26.24,28.79,89,11.0014,2012,30,5,6,27.229584
2012-06-30 07:00:00,3,0,0,1,26.24,28.79,89,11.0014,2012,30,5,7,119.0058
2012-06-30 08:00:00,3,0,0,1,26.24,28.79,89,11.0014,2012,30,5,8,200.25447
2012-06-30 09:00:00,3,0,0,1,26.24,28.79,89,11.0014,2012,30,5,9,278.94086
2012-06-30 10:00:00,3,0,0,1,36.08,38.635,30,16.9979,2012,30,5,10,373.76855
2012-06-30 11:00:00,3,0,0,1,36.08,38.635,30,16.9979,2012,30,5,11,466.7391
2012-06-30 12:00:00,3,0,0,1,36.08,38.635,30,16.9979,2012,30,5,12,526.79663
2012-06-30 13:00:00,3,0,0,1,36.08,38.635,30,16.9979,2012,30,5,13,526.79663
2012-06-30 14:00:00,3,0,0,1,36.08,38.635,30,16.9979,2012,30,5,14,504.51462
2012-06-30 15:00:00,3,0,0,1,36.08,38.635,30,16.9979,2012,30,5,15,487.06934
2012-06-30 16:00:00,3,0,0,1,36.9,39.395,29,11.0014,2012,30,5,16,508.87866
2012-06-30 17:00:00,3,0,0,1,36.08,38.635,32,8.9981,2012,30,5,17,525.70483
2012-06-30 18:00:00,3,0,0,1,36.08,39.395,35,0.0,2012,30,5,18,486.31277
2012-06-30 19:00:00,3,0,0,1,34.44,37.88,44,16.9979,2012,30,5,19,435.86404
2012-06-30 20:00:00,3,0,0,1,33.62,38.635,52,11.0014,2012,30,5,20,345.12357
2012-06-30 21:00:00,3,0,0,1,33.62,38.635,52,11.0014,2012,30,5,21,276.76938
2012-06-30 22:00:00,3,0,0,1,31.98,37.12,62,11.0014,2012,30,5,22,223.02112
2012-06-30 23:00:00,3,0,0,1,31.98,37.12,62,6.0032,2012,30,5,23,170.50688
2012-07-20 00:00:00,3,0,1,3,27.06,29.545,89,6.0032,2012,20,4,0,63.086365
2012-07-20 01:00:00,3,0,1,1,27.06,29.545,89,8.9981,2012,20,4,1,35.315292
2012-07-20 02:00:00,3,0,1,2,27.06,29.545,89,6.0032,2012,20,4,2,22.53894
2012-07-20 03:00:00,3,0,1,2,27.06,29.545,89,7.0015,2012,20,4,3,13.568558
2012-07-20 04:00:00,3,0,1,2,27.06,29.545,89,11.0014,2012,20,4,4,12.178665
2012-07-20 05:00:00,3,0,1,2,27.06,29.545,89,8.9981,2012,20,4,5,29.855179
2012-07-20 06:00:00,3,0,1,2,27.06,29.545,89,11.0014,2012,20,4,6,149.85089
2012-07-20 07:00:00,3,0,1,2,27.06,29.545,89,12.998,2012,20,4,7,385.0259
2012-07-20 08:00:00,3,0,1,2,27.88,31.82,83,11.0014,2012,20,4,8,599.13586
2012-07-20 09:00:00,3,0,1,2,28.7,33.335,79,8.9981,2012,20,4,9,323.07288
2012-07-20 10:00:00,3,0,1,2,28.7,33.335,79,11.0014,2012,20,4,10,242.69135
2012-07-20 11:00:00,3,0,1,3,29.52,34.85,74,12.998,2012,20,4,11,248.18431
2012-07-20 12:00:00,3,0,1,3,27.88,31.82,83,11.0014,2012,20,4,12,201.77255
2012-07-20 13:00:00,3,0,1,3,27.88,31.82,83,7.0015,2012,20,4,13,200.69669
2012-07-20 14:00:00,3,0,1,3,28.7,33.335,84,11.0014,2012,20,4,14,250.40166
2012-07-20 15:00:00,3,0,1,2,28.7,33.335,84,19.9995,2012,20,4,15,270.2603
2012-07-20 16:00:00,3,0,1,2,27.88,31.82,83,22.0028,2012,20,4,16,356.1505
2012-07-20 17:00:00,3,0,1,2,27.06,29.545,89,27.9993,2012,20,4,17,561.07025
2012-07-20 18:00:00,3,0,1,2,27.06,30.305,78,22.0028,2012,20,4,18,593.9706
2012-07-20 19:00:00,3,0,1,2,26.24,28.79,83,19.0012,2012,20,4,19,407.6595
2012-07-20 20:00:00,3,0,1,3,26.24,28.79,83,26.0027,2012,20,4,20,152.42067
2012-07-20 21:00:00,3,0,1,3,25.42,28.79,83,22.0028,2012,20,4,21,124.16665
2012-07-20 22:00:00,3,0,1,2,25.42,28.79,83,12.998,2012,20,4,22,181.40704
2012-07-20 23:00:00,3,0,1,2,25.42,28.79,83,19.0012,2012,20,4,23,156.84297
2012-07-21 00:00:00,3,0,0,3,25.42,28.79,83,19.0012,2012,21,5,0,95.389175
2012-07-21 01:00:00,3,0,0,2,25.42,28.79,83,16.9979,2012,21,5,1,89.93309
2012-07-21 02:00:00,3,0,0,3,24.6,27.275,88,19.0012,2012,21,5,2,56.71785
2012-07-21 03:00:00,3,0,0,3,24.6,27.275,88,16.9979,2012,21,5,3,17.985123
2012-07-21 04:00:00,3,0,0,3,23.78,27.275,88,19.0012,2012,21,5,4,8.901001
2012-07-21 05:00:00,3,0,0,3,23.78,27.275,88,16.9979,2012,21,5,5,4.194397
2012-07-21 06:00:00,3,0,0,3,23.78,27.275,88,16.9979,2012,21,5,6,2.8960266
2012-07-21 07:00:00,3,0,0,2,23.78,27.275,88,16.9979,2012,21,5,7,128.54721
2012-07-21 08:00:00,3,0,0,2,23.78,27.275,83,16.9979,2012,21,5,8,217.92372
2012-07-21 09:00:00,3,0,0,2,23.78,27.275,83,12.998,2012,21,5,9,271.4783
2012-07-21 10:00:00,3,0,0,3,23.78,27.275,88,16.9979,2012,21,5,10,239.26462
2012-07-21 11:00:00,3,0,0,2,24.6,28.03,83,16.9979,2012,21,5,11,419.4599
2012-07-21 12:00:00,3,0,0,3,24.6,28.03,83,15.0013,2012,21,5,12,378.47675
2012-07-21 13:00:00,3,0,0,3,24.6,28.03,83,11.0014,2012,21,5,13,381.1156
2012-07-21 14:00:00,3,0,0,2,24.6,27.275,88,16.9979,2012,21,5,14,440.80243
2012-07-21 15:00:00,3,0,0,3,24.6,27.275,88,16.9979,2012,21,5,15,368.68823
2012-07-21 16:00:00,3,0,0,3,24.6,27.275,88,12.998,2012,21,5,16,391.68372
2012-07-21 17:00:00,3,0,0,3,24.6,27.275,88,11.0014,2012,21,5,17,356.74866
2012-07-21 18:00:00,3,0,0,2,24.6,27.275,88,12.998,2012,21,5,18,396.31763
2012-07-21 19:00:00,3,0,0,2,24.6,27.275,88,11.0014,2012,21,5,19,360.37506
2012-07-21 20:00:00,3,0,0,3,24.6,27.275,88,11.0014,2012,21,5,20,187.83864
2012-07-21 21:00:00,3,0,0,2,24.6,27.275,88,11.0014,2012,21,5,21,203.26843
2012-07-21 22:00:00,3,0,0,2,24.6,27.275,88,7.0015,2012,21,5,22,169.65385
2012-07-21 23:00:00,3,0,0,2,24.6,27.275,88,0.0,2012,21,5,23,141.66278
2012-07-22 00:00:00,3,0,0,2,24.6,27.275,88,7.0015,2012,22,6,0,120.58671
2012-07-22 01:00:00,3,0,0,2,24.6,27.275,88,11.0014,2012,22,6,1,89.41915
2012-07-22 02:00:00,3,0,0,2,24.6,27.275,88,7.0015,2012,22,6,2,61.70642
2012-07-22 03:00:00,3,0,0,2,24.6,27.275,88,7.0015,2012,22,6,3,23.882492
2012-07-22 04:00:00,3,0,0,1,24.6,27.275,88,0.0,2012,22,6,4,9.423889
2012-07-22 05:00:00,3,0,0,1,24.6,27.275,88,0.0,2012,22,6,5,9.423889
2012-07-22 06:00:00,3,0,0,2,25.42,28.79,83,6.0032,2012,22,6,6,7.199875
2012-07-22 07:00:00,3,0,0,2,25.42,28.79,83,0.0,2012,22,6,7,69.709145
2012-07-22 08:00:00,3,0,0,2,26.24,29.545,78,0.0,2012,22,6,8,137.77661
2012-07-22 09:00:00,3,0,0,2,27.06,31.06,69,0.0,2012,22,6,9,258.5781
2012-07-22 10:00:00,3,0,0,2,27.06,31.06,74,0.0,2012,22,6,10,319.6189
2012-07-22 11:00:00,3,0,0,2,27.06,31.06,74,0.0,2012,22,6,11,401.82654
2012-07-22 12:00:00,3,0,0,2,28.7,32.575,70,7.0015,2012,22,6,12,481.00464
2012-07-22 13:00:00,3,0,0,2,28.7,32.575,65,6.0032,2012,22,6,13,488.438
2012-07-22 14:00:00,3,0,0,1,29.52,34.09,66,7.0015,2012,22,6,14,477.74173
2012-07-22 15:00:00,3,0,0,1,29.52,34.09,66,7.0015,2012,22,6,15,485.08743
2012-07-22 16:00:00,3,0,0,1,30.34,34.85,66,7.0015,2012,22,6,16,508.08728
2012-07-22 17:00:00,3,0,0,1,30.34,34.85,66,15.0013,2012,22,6,17,495.58463
2012-07-22 18:00:00,3,0,0,1,30.34,34.85,66,11.0014,2012,22,6,18,465.81097
2012-07-22 19:00:00,3,0,0,1,29.52,34.09,70,11.0014,2012,22,6,19,371.3724
2012-07-22 20:00:00,3,0,0,1,28.7,33.335,74,11.0014,2012,22,6,20,248.41364
2012-07-22 21:00:00,3,0,0,1,28.7,33.335,79,7.0015,2012,22,6,21,167.54506
2012-07-22 22:00:00,3,0,0,1,28.7,33.335,74,12.998,2012,22,6,22,148.23265
2012-07-22 23:00:00,3,0,0,1,27.88,31.82,79,11.0014,2012,22,6,23,104.329185
2012-07-23 00:00:00,3,0,1,1,27.06,29.545,89,6.0032,2012,23,0,0,37.98085
2012-07-23 01:00:00,3,0,1,1,27.06,29.545,89,12.998,2012,23,0,1,17.387695
2012-07-23 02:00:00,3,0,1,2,27.06,29.545,94,6.0032,2012,23,0,2,-0.70980835
2012-07-23 03:00:00,3,0,1,2,27.06,29.545,94,6.0032,2012,23,0,3,-1.9525299
2012-07-23 04:00:00,3,0,1,2,27.06,29.545,94,8.9981,2012,23,0,4,1.4354706
2012-07-23 05:00:00,3,0,1,2,27.06,29.545,94,8.9981,2012,23,0,5,23.214401
2012-07-23 06:00:00,3,0,1,2,27.88,31.82,89,6.0032,2012,23,0,6,157.84277
2012-07-23 07:00:00,3,0,1,1,28.7,33.335,84,8.9981,2012,23,0,7,413.07608
2012-07-23 08:00:00,3,0,1,1,29.52,34.85,79,7.0015,2012,23,0,8,639.8981
2012-07-23 09:00:00,3,0,1,2,30.34,35.605,74,8.9981,2012,23,0,9,336.4605
2012-07-23 10:00:00,3,0,1,2,31.98,37.12,62,0.0,2012,23,0,10,198.9788
2012-07-23 11:00:00,3,0,1,2,32.8,37.12,52,11.0014,2012,23,0,11,219.35391
2012-07-23 12:00:00,3,0,1,2,32.8,37.12,52,11.0014,2012,23,0,12,274.78452
2012-07-23 13:00:00,3,0,1,2,32.8,37.12,52,7.0015,2012,23,0,13,272.18594
2012-07-23 14:00:00,3,0,1,2,31.98,37.12,59,11.0014,2012,23,0,14,247.0608
2012-07-23 15:00:00,3,0,1,1,32.8,37.88,55,12.998,2012,23,0,15,286.67075
2012-07-23 16:00:00,3,0,1,1,33.62,38.635,52,8.9981,2012,23,0,16,431.86624
2012-07-23 17:00:00,3,0,1,1,33.62,38.635,52,8.9981,2012,23,0,17,781.92694
2012-07-23 18:00:00,3,0,1,1,33.62,37.88,46,7.0015,2012,23,0,18,775.04724
2012-07-23 19:00:00,3,0,1,1,32.8,37.12,52,16.9979,2012,23,0,19,577.99
2012-07-23 20:00:00,3,0,1,1,31.16,35.605,62,11.0014,2012,23,0,20,421.7486
2012-07-23 21:00:00,3,0,1,1,31.16,35.605,62,12.998,2012,23,0,21,316.4009
2012-07-23 22:00:00,3,0,1,1,30.34,34.09,62,12.998,2012,23,0,22,228.86032
2012-07-23 23:00:00,3,0,1,1,29.52,34.09,66,11.0014,2012,23,0,23,143.77512
2012-07-24 00:00:00,3,0,1,1,28.7,33.335,74,8.9981,2012,24,1,0,50.079376
2012-07-24 01:00:00,3,0,1,1,27.88,31.82,79,11.0014,2012,24,1,1,29.111588
2012-07-24 02:00:00,3,0,1,1,27.06,30.305,83,11.0014,2012,24,1,2,13.138489
2012-07-24 03:00:00,3,0,1,1,27.06,30.305,83,11.0014,2012,24,1,3,11.895767
2012-07-24 04:00:00,3,0,1,1,27.06,30.305,83,6.0032,2012,24,1,4,11.895767
2012-07-24 05:00:00,3,0,1,1,27.06,30.305,83,7.0015,2012,24,1,5,33.674667
2012-07-24 06:00:00,3,0,1,1,27.06,30.305,83,8.9981,2012,24,1,6,163.97179
2012-07-24 07:00:00,3,0,1,1,28.7,33.335,74,11.0014,2012,24,1,7,430.88696
2012-07-24 08:00:00,3,0,1,1,30.34,34.85,70,12.998,2012,24,1,8,622.3267
2012-07-24 09:00:00,3,0,1,1,34.44,40.15,53,0.0,2012,24,1,9,303.6315
2012-07-24 10:00:00,3,0,1,1,33.62,39.395,56,19.9995,2012,24,1,10,199.98325
2012-07-24 11:00:00,3,0,1,2,34.44,40.15,53,22.0028,2012,24,1,11,196.92964
2012-07-24 12:00:00,3,0,1,2,33.62,39.395,56,15.0013,2012,24,1,12,276.0924
2012-07-24 13:00:00,3,0,1,2,34.44,40.15,53,19.9995,2012,24,1,13,249.96896
2012-07-24 14:00:00,3,0,1,2,34.44,40.15,53,15.0013,2012,24,1,14,233.40907
2012-07-24 15:00:00,3,0,1,1,33.62,38.635,49,19.9995,2012,24,1,15,285.2379
2012-07-24 16:00:00,3,0,1,1,32.8,37.88,55,19.9995,2012,24,1,16,427.88773
2012-07-24 17:00:00,3,0,1,1,32.8,37.12,52,22.0028,2012,24,1,17,773.10614
2012-07-24 18:00:00,3,0,1,1,31.16,35.605,62,22.0028,2012,24,1,18,748.6723
2012-07-24 19:00:00,3,0,1,1,31.16,35.605,62,11.0014,2012,24,1,19,560.2936
2012-07-24 20:00:00,3,0,1,1,30.34,34.85,66,11.0014,2012,24,1,20,416.64532
2012-07-24 21:00:00,3,0,1,1,30.34,34.85,66,15.0013,2012,24,1,21,314.84583
2012-07-24 22:00:00,3,0,1,1,30.34,34.85,66,16.9979,2012,24,1,22,230.9754
2012-07-24 23:00:00,3,0,1,1,30.34,34.09,58,22.0028,2012,24,1,23,138.23575
2012-07-25 00:00:00,3,0,1,1,29.52,33.335,58,19.9995,2012,25,2,0,51.01532
2012-07-25 01:00:00,3,0,1,1,28.7,32.575,58,12.998,2012,25,2,1,31.934814
2012-07-25 02:00:00,3,0,1,1,27.88,31.82,61,15.0013,2012,25,2,2,23.311096
2012-07-25 03:00:00,3,0,1,1,27.06,31.06,65,15.0013,2012,25,2,3,20.954971
2012-07-25 04:00:00,3,0,1,1,26.24,30.305,65,15.0013,2012,25,2,4,20.420334
2012-07-25 05:00:00,3,0,1,1,26.24,30.305,65,11.0014,2012,25,2,5,39.500366
2012-07-25 06:00:00,3,0,1,1,26.24,30.305,65,12.998,2012,25,2,6,167.74268
2012-07-25 07:00:00,3,0,1,1,27.06,31.06,50,22.0028,2012,25,2,7,411.22525
2012-07-25 08:00:00,3,0,1,1,28.7,31.82,42,16.9979,2012,25,2,8,631.9461
2012-07-25 09:00:00,3,0,1,1,29.52,32.575,37,19.9995,2012,25,2,9,373.87564
2012-07-25 10:00:00,3,0,1,1,30.34,32.575,37,0.0,2012,25,2,10,241.97092
2012-07-25 11:00:00,3,0,1,1,31.16,33.335,33,0.0,2012,25,2,11,259.19638
2012-07-25 12:00:00,3,0,1,1,31.16,33.335,33,0.0,2012,25,2,12,323.37775
2012-07-25 13:00:00,3,0,1,1,31.98,34.09,31,11.0014,2012,25,2,13,306.22733
2012-07-25 14:00:00,3,0,1,1,32.8,34.85,29,8.9981,2012,25,2,14,289.8484
2012-07-25 15:00:00,3,0,1,1,31.98,34.09,31,6.0032,2012,25,2,15,304.00568
2012-07-25 16:00:00,3,0,1,1,32.8,34.85,29,11.0014,2012,25,2,16,453.52216
2012-07-25 17:00:00,3,0,1,1,32.8,34.85,31,0.0,2012,25,2,17,798.83466
2012-07-25 18:00:00,3,0,1,1,32.8,34.85,27,8.9981,2012,25,2,18,800.2913
2012-07-25 19:00:00,3,0,1,1,31.16,33.335,33,8.9981,2012,25,2,19,613.4089
2012-07-25 20:00:00,3,0,1,1,30.34,32.575,40,11.0014,2012,25,2,20,457.91864
2012-07-25 21:00:00,3,0,1,1,29.52,32.575,45,8.9981,2012,25,2,21,343.3083
2012-07-25 22:00:00,3,0,1,1,28.7,32.575,58,8.9981,2012,25,2,22,243.9044
2012-07-25 23:00:00,3,0,1,1,27.88,31.82,57,19.9995,2012,25,2,23,173.13339
2012-07-26 00:00:00,3,0,1,1,27.06,31.06,65,12.998,2012,26,3,0,55.133835
2012-07-26 01:00:00,3,0,1,1,27.06,31.06,65,15.0013,2012,26,3,1,31.015686
2012-07-26 02:00:00,3,0,1,1,27.06,31.06,69,16.9979,2012,26,3,2,18.317764
2012-07-26 03:00:00,3,0,1,1,27.06,31.06,69,15.0013,2012,26,3,3,18.66095
2012-07-26 04:00:00,3,0,1,1,27.06,31.06,74,12.998,2012,26,3,4,18.723633
2012-07-26 05:00:00,3,0,1,1,27.06,31.06,74,12.998,2012,26,3,5,40.502533
2012-07-26 06:00:00,3,0,1,1,27.06,30.305,78,16.9979,2012,26,3,6,170.01472
2012-07-26 07:00:00,3,0,1,1,28.7,33.335,74,16.9979,2012,26,3,7,432.56848
2012-07-26 08:00:00,3,0,1,2,28.7,33.335,74,16.9979,2012,26,3,8,621.98157
2012-07-26 09:00:00,3,0,1,2,29.52,34.09,70,8.9981,2012,26,3,9,344.99713
2012-07-26 10:00:00,3,0,1,1,30.34,34.85,70,15.0013,2012,26,3,10,223.32652
2012-07-26 11:00:00,3,0,1,1,32.8,40.15,66,15.0013,2012,26,3,11,214.63028
2012-07-26 12:00:00,3,0,1,1,34.44,40.91,56,16.9979,2012,26,3,12,272.4068
2012-07-26 13:00:00,3,0,1,1,35.26,41.665,53,19.9995,2012,26,3,13,267.66568
2012-07-26 14:00:00,3,0,1,1,36.9,43.94,47,16.9979,2012,26,3,14,235.3023
2012-07-26 15:00:00,3,0,1,1,37.72,44.695,42,19.9995,2012,26,3,15,213.52422
2012-07-26 16:00:00,3,0,1,1,38.54,43.94,38,26.0027,2012,26,3,16,333.72235
2012-07-26 17:00:00,3,0,1,1,36.9,43.18,45,27.9993,2012,26,3,17,740.76935
2012-07-26 18:00:00,3,0,1,1,37.72,43.94,40,23.9994,2012,26,3,18,724.32043
2012-07-26 19:00:00,3,0,1,1,36.9,43.18,45,22.0028,2012,26,3,19,536.8507
2012-07-26 20:00:00,3,0,1,1,35.26,40.91,50,16.9979,2012,26,3,20,418.51755
2012-07-26 21:00:00,3,0,1,1,32.8,37.12,49,40.9973,2012,26,3,21,313.13788
2012-07-26 22:00:00,3,0,1,1,32.8,37.12,49,40.9973,2012,26,3,22,232.1562
2012-07-26 23:00:00,3,0,1,1,29.52,34.09,70,8.9981,2012,26,3,23,161.36081
2012-07-27 00:00:00,3,0,1,1,29.52,34.09,70,0.0,2012,27,4,0,81.41169
2012-07-27 01:00:00,3,0,1,1,29.52,34.09,70,7.0015,2012,27,4,1,41.40364
2012-07-27 02:00:00,3,0,1,1,28.7,33.335,79,8.9981,2012,27,4,2,31.621658
2012-07-27 03:00:00,3,0,1,1,28.7,33.335,74,11.0014,2012,27,4,3,23.091354
2012-07-27 04:00:00,3,0,1,1,28.7,33.335,79,0.0,2012,27,4,4,21.561127
2012-07-27 05:00:00,3,0,1,1,28.7,33.335,84,0.0,2012,27,4,5,34.804886
2012-07-27 06:00:00,3,0,1,1,28.7,33.335,79,0.0,2012,27,4,6,162.47382
2012-07-27 07:00:00,3,0,1,1,29.52,34.09,70,12.998,2012,27,4,7,382.00204
2012-07-27 08:00:00,3,0,1,1,31.16,36.365,66,6.0032,2012,27,4,8,576.057
2012-07-27 09:00:00,3,0,1,1,33.62,38.635,49,19.0012,2012,27,4,9,322.32822
2012-07-27 10:00:00,3,0,1,1,34.44,38.635,47,0.0,2012,27,4,10,212.69135
2012-07-27 11:00:00,3,0,1,1,34.44,38.635,47,22.0028,2012,27,4,11,247.1878
2012-07-27 12:00:00,3,0,1,1,34.44,39.395,49,23.9994,2012,27,4,12,337.3689
2012-07-27 13:00:00,3,0,1,1,34.44,38.635,47,19.0012,2012,27,4,13,325.9121
2012-07-27 14:00:00,3,0,1,1,35.26,40.15,47,19.9995,2012,27,4,14,308.6128
2012-07-27 15:00:00,3,0,1,1,35.26,39.395,41,15.0013,2012,27,4,15,322.82822
2012-07-27 16:00:00,3,0,1,1,34.44,38.635,47,15.0013,2012,27,4,16,444.8686
2012-07-27 17:00:00,3,0,1,1,35.26,39.395,41,19.0012,2012,27,4,17,718.4825
2012-07-27 18:00:00,3,0,1,1,33.62,37.88,46,11.0014,2012,27,4,18,707.1482
2012-07-27 19:00:00,3,0,1,1,33.62,38.635,52,12.998,2012,27,4,19,528.80676
2012-07-27 20:00:00,3,0,1,1,31.98,37.12,59,7.0015,2012,27,4,20,384.20584
2012-07-27 21:00:00,3,0,1,1,31.98,37.12,59,7.0015,2012,27,4,21,302.18042
2012-07-27 22:00:00,3,0,1,1,31.98,37.12,59,8.9981,2012,27,4,22,247.49457
2012-07-27 23:00:00,3,0,1,1,31.16,36.365,66,0.0,2012,27,4,23,185.74437
2012-07-28 00:00:00,3,0,0,1,30.34,34.09,62,8.9981,2012,28,5,0,132.51752
2012-07-28 01:00:00,3,0,0,1,29.52,34.09,70,6.0032,2012,28,5,1,102.68758
2012-07-28 02:00:00,3,0,0,1,29.52,34.09,70,0.0,2012,28,5,2,75.80373
2012-07-28 03:00:00,3,0,0,1,29.52,34.09,70,0.0,2012,28,5,3,36.188354
2012-07-28 04:00:00,3,0,0,1,28.7,33.335,79,12.998,2012,28,5,4,24.784851
2012-07-28 05:00:00,3,0,0,1,27.88,31.82,79,11.0014,2012,28,5,5,20.329895
2012-07-28 06:00:00,3,0,0,1,28.7,32.575,70,7.0015,2012,28,5,6,36.34099
2012-07-28 07:00:00,3,0,0,1,29.52,34.09,70,8.9981,2012,28,5,7,171.4806
2012-07-28 08:00:00,3,0,0,1,30.34,34.85,66,11.0014,2012,28,5,8,241.0074
2012-07-28 09:00:00,3,0,0,1,31.98,37.12,59,7.0015,2012,28,5,9,300.7376
2012-07-28 10:00:00,3,0,0,1,33.62,38.635,52,15.0013,2012,28,5,10,395.01273
2012-07-28 11:00:00,3,0,0,1,34.44,37.12,39,15.0013,2012,28,5,11,498.61163
2012-07-28 12:00:00,3,0,0,1,34.44,37.88,41,15.0013,2012,28,5,12,544.35205
2012-07-28 13:00:00,3,0,0,1,35.26,39.395,41,19.0012,2012,28,5,13,517.29626
2012-07-28 14:00:00,3,0,0,1,35.26,38.635,39,16.9979,2012,28,5,14,513.3236
2012-07-28 15:00:00,3,0,0,1,36.08,38.635,32,19.0012,2012,28,5,15,486.50818
2012-07-28 16:00:00,3,0,0,1,35.26,38.635,39,15.0013,2012,28,5,16,516.50854
2012-07-28 17:00:00,3,0,0,1,33.62,37.88,46,12.998,2012,28,5,17,544.3305
2012-07-28 18:00:00,3,0,0,1,33.62,37.12,43,19.0012,2012,28,5,18,515.97266
2012-07-28 19:00:00,3,0,0,1,27.88,31.82,83,0.0,2012,28,5,19,391.06366
2012-07-28 20:00:00,3,0,0,1,27.06,30.305,83,15.0013,2012,28,5,20,282.1021
2012-07-28 21:00:00,3,0,0,1,27.06,30.305,78,6.0032,2012,28,5,21,240.29366
2012-07-28 22:00:00,3,0,0,1,27.06,30.305,78,6.0032,2012,28,5,22,206.30794
2012-07-28 23:00:00,3,0,0,1,27.06,30.305,83,6.0032,2012,28,5,23,192.83133
2012-07-29 00:00:00,3,0,0,1,27.06,29.545,89,8.9981,2012,29,6,0,136.15926
2012-07-29 01:00:00,3,0,0,1,27.06,30.305,83,7.0015,2012,29,6,1,98.03638
2012-07-29 02:00:00,3,0,0,1,27.06,31.06,74,8.9981,2012,29,6,2,73.983925
2012-07-29 03:00:00,3,0,0,1,27.06,31.06,69,15.0013,2012,29,6,3,35.941788
2012-07-29 04:00:00,3,0,0,1,26.24,30.305,69,12.998,2012,29,6,4,6.8862762
2012-07-29 05:00:00,3,0,0,1,25.42,29.545,78,12.998,2012,29,6,5,11.506714
2012-07-29 06:00:00,3,0,0,1,26.24,30.305,73,11.0014,2012,29,6,6,16.765137
2012-07-29 07:00:00,3,0,0,1,27.06,31.06,69,16.9979,2012,29,6,7,133.7475
2012-07-29 08:00:00,3,0,0,1,28.7,32.575,65,15.0013,2012,29,6,8,208.4958
2012-07-29 09:00:00,3,0,0,1,29.52,34.09,62,16.9979,2012,29,6,9,281.92737
2012-07-29 10:00:00,3,0,0,1,30.34,34.09,62,0.0,2012,29,6,10,372.87628
2012-07-29 11:00:00,3,0,0,1,31.16,34.85,55,15.0013,2012,29,6,11,488.2349
2012-07-29 12:00:00,3,0,0,1,31.16,34.85,55,22.0028,2012,29,6,12,542.6892
2012-07-29 13:00:00,3,0,0,1,32.8,37.12,49,15.0013,2012,29,6,13,519.3634
2012-07-29 14:00:00,3,0,0,1,32.8,36.365,46,12.998,2012,29,6,14,496.44568
2012-07-29 15:00:00,3,0,0,1,32.8,36.365,43,8.9981,2012,29,6,15,510.8487
2012-07-29 16:00:00,3,0,0,1,32.8,36.365,43,8.9981,2012,29,6,16,525.3438
2012-07-29 17:00:00,3,0,0,1,33.62,37.12,41,11.0014,2012,29,6,17,535.008
2012-07-29 18:00:00,3,0,0,1,32.8,35.605,41,19.9995,2012,29,6,18,487.19913
2012-07-29 19:00:00,3,0,0,1,31.16,34.85,55,11.0014,2012,29,6,19,401.78815
2012-07-29 20:00:00,3,0,0,1,30.34,34.85,66,7.0015,2012,29,6,20,269.7284
2012-07-29 21:00:00,3,0,0,1,29.52,34.09,70,8.9981,2012,29,6,21,188.13141
2012-07-29 22:00:00,3,0,0,1,28.7,32.575,70,7.0015,2012,29,6,22,158.93115
2012-07-29 23:00:00,3,0,0,1,28.7,32.575,70,0.0,2012,29,6,23,105.88419
2012-07-30 00:00:00,3,0,1,1,28.7,33.335,74,6.0032,2012,30,0,0,45.837845
2012-07-30 01:00:00,3,0,1,1,28.7,33.335,74,0.0,2012,30,0,1,23.924942
2012-07-30 02:00:00,3,0,1,1,27.88,31.82,74,0.0,2012,30,0,2,15.638336
2012-07-30 03:00:00,3,0,1,1,27.06,30.305,83,0.0,2012,30,0,3,7.0512238
2012-07-30 04:00:00,3,0,1,1,27.06,30.305,83,0.0,2012,30,0,4,7.0512238
2012-07-30 05:00:00,3,0,1,1,27.06,30.305,83,7.0015,2012,30,0,5,30.032043
2012-07-30 06:00:00,3,0,1,1,27.06,30.305,83,11.0014,2012,30,0,6,158.0894
2012-07-30 07:00:00,3,0,1,1,28.7,33.335,79,6.0032,2012,30,0,7,424.4867
2012-07-30 08:00:00,3,0,1,2,29.52,34.85,74,7.0015,2012,30,0,8,622.014
2012-07-30 09:00:00,3,0,1,2,30.34,34.85,70,0.0,2012,30,0,9,333.64252
2012-07-30 10:00:00,3,0,1,2,30.34,34.85,66,15.0013,2012,30,0,10,211.27509
2012-07-30 11:00:00,3,0,1,2,31.98,36.365,55,8.9981,2012,30,0,11,221.71317
2012-07-30 12:00:00,3,0,1,2,31.16,35.605,58,7.0015,2012,30,0,12,275.73956
2012-07-30 13:00:00,3,0,1,1,32.8,37.12,49,11.0014,2012,30,0,13,284.92282
2012-07-30 14:00:00,3,0,1,1,32.8,37.12,49,15.0013,2012,30,0,14,267.49203
2012-07-30 15:00:00,3,0,1,1,32.8,37.12,49,16.9979,2012,30,0,15,284.39142
2012-07-30 16:00:00,3,0,1,1,32.8,37.12,49,19.0012,2012,30,0,16,426.62158
2012-07-30 17:00:00,3,0,1,1,31.16,34.85,55,22.0028,2012,30,0,17,773.48926
2012-07-30 18:00:00,3,0,1,1,31.16,35.605,58,27.9993,2012,30,0,18,752.16943
2012-07-30 19:00:00,3,0,1,1,33.62,38.635,52,11.0014,2012,30,0,19,581.4783
2012-07-30 20:00:00,3,0,1,1,29.52,34.09,70,15.0013,2012,30,0,20,390.6413
2012-07-30 21:00:00,3,0,1,1,29.52,34.09,70,12.998,2012,30,0,21,296.28702
2012-07-30 22:00:00,3,0,1,2,28.7,33.335,74,15.0013,2012,30,0,22,181.86516
2012-07-30 23:00:00,3,0,1,1,28.7,33.335,74,12.998,2012,30,0,23,128.88867
2012-07-31 00:00:00,3,0,1,1,27.88,31.82,79,8.9981,2012,31,1,0,49.37216
2012-07-31 01:00:00,3,0,1,1,27.06,30.305,83,8.9981,2012,31,1,1,21.425095
2012-07-31 02:00:00,3,0,1,1,27.06,30.305,83,8.9981,2012,31,1,2,13.138489
2012-07-31 03:00:00,3,0,1,1,27.06,30.305,83,6.0032,2012,31,1,3,11.895767
2012-07-31 04:00:00,3,0,1,1,27.06,30.305,83,6.0032,2012,31,1,4,11.895767
2012-07-31 05:00:00,3,0,1,1,27.06,30.305,83,11.0014,2012,31,1,5,33.674667
2012-07-31 06:00:00,3,0,1,1,26.24,28.79,89,11.0014,2012,31,1,6,162.64938
2012-07-31 07:00:00,3,0,1,1,27.88,31.82,83,15.0013,2012,31,1,7,420.09375
2012-07-31 08:00:00,3,0,1,1,28.7,33.335,79,8.9981,2012,31,1,8,648.4844
2012-07-31 09:00:00,3,0,1,1,29.52,34.09,70,7.0015,2012,31,1,9,350.05597
2012-07-31 10:00:00,3,0,1,1,29.52,34.09,66,0.0,2012,31,1,10,223.1513
2012-07-31 11:00:00,3,0,1,1,31.16,35.605,58,0.0,2012,31,1,11,227.3978
2012-07-31 12:00:00,3,0,1,1,32.8,36.365,46,0.0,2012,31,1,12,290.10052
2012-07-31 13:00:00,3,0,1,1,32.8,37.88,55,19.0012,2012,31,1,13,287.88757
2012-07-31 14:00:00,3,0,1,1,32.8,37.88,55,19.0012,2012,31,1,14,269.92813
2012-07-31 15:00:00,3,0,1,1,31.16,35.605,62,8.9981,2012,31,1,15,289.7844
2012-07-31 16:00:00,3,0,1,1,31.16,35.605,58,15.0013,2012,31,1,16,429.606
2012-07-31 17:00:00,3,0,1,1,31.98,35.605,52,15.0013,2012,31,1,17,774.9344
2012-07-31 18:00:00,3,0,1,1,31.16,34.85,55,19.0012,2012,31,1,18,763.001
2012-07-31 19:00:00,3,0,1,3,30.34,34.09,62,23.9994,2012,31,1,19,479.65216
2012-07-31 20:00:00,3,0,1,3,28.7,32.575,70,12.998,2012,31,1,20,350.0812
2012-07-31 21:00:00,3,0,1,1,27.88,31.82,79,12.998,2012,31,1,21,281.52145
2012-07-31 22:00:00,3,0,1,1,27.88,31.82,74,16.9979,2012,31,1,22,214.85112
2012-07-31 23:00:00,3,0,1,2,27.06,30.305,83,11.0014,2012,31,1,23,114.3539
2012-08-20 00:00:00,3,0,1,2,24.6,28.03,83,7.0015,2012,20,0,0,35.31909
2012-08-20 01:00:00,3,0,1,1,24.6,28.03,83,11.0014,2012,20,0,1,21.897568
2012-08-20 02:00:00,3,0,1,1,24.6,28.03,83,11.0014,2012,20,0,2,13.610962
2012-08-20 03:00:00,3,0,1,1,24.6,27.275,88,7.0015,2012,20,0,3,12.365051
2012-08-20 04:00:00,3,0,1,2,24.6,28.03,83,6.0032,2012,20,0,4,8.197357
2012-08-20 05:00:00,3,0,1,2,24.6,28.03,83,0.0,2012,20,0,5,16.339996
2012-08-20 06:00:00,3,0,1,2,24.6,28.79,78,8.9981,2012,20,0,6,165.05101
2012-08-20 07:00:00,3,0,1,2,25.42,29.545,78,8.9981,2012,20,0,7,420.51636
2012-08-20 08:00:00,3,0,1,2,25.42,29.545,73,7.0015,2012,20,0,8,619.3005
2012-08-20 09:00:00,3,0,1,2,26.24,30.305,69,0.0,2012,20,0,9,327.2882
2012-08-20 10:00:00,3,0,1,2,26.24,30.305,69,6.0032,2012,20,0,10,206.7201
2012-08-20 11:00:00,3,0,1,1,27.06,31.06,65,7.0015,2012,20,0,11,227.20352
2012-08-20 12:00:00,3,0,1,2,27.06,31.06,61,7.0015,2012,20,0,12,274.0406
2012-08-20 13:00:00,3,0,1,1,28.7,32.575,58,8.9981,2012,20,0,13,289.95264
2012-08-20 14:00:00,3,0,1,1,29.52,33.335,54,11.0014,2012,20,0,14,276.4079
2012-08-20 15:00:00,3,0,1,1,29.52,33.335,54,16.9979,2012,20,0,15,295.3463
2012-08-20 16:00:00,3,0,1,1,29.52,33.335,54,16.9979,2012,20,0,16,444.776
2012-08-20 17:00:00,3,0,1,1,28.7,32.575,58,19.0012,2012,20,0,17,761.2585
2012-08-20 18:00:00,3,0,1,2,25.42,29.545,78,16.9979,2012,20,0,18,675.9312
2012-08-20 19:00:00,3,0,1,2,25.42,29.545,78,12.998,2012,20,0,19,486.00003
2012-08-20 20:00:00,3,0,1,2,25.42,28.79,83,19.0012,2012,20,0,20,268.69827
2012-08-20 21:00:00,3,0,1,1,24.6,28.03,83,0.0,2012,20,0,21,251.56122
2012-08-20 22:00:00,3,0,1,2,24.6,28.03,83,0.0,2012,20,0,22,155.3816
2012-08-20 23:00:00,3,0,1,2,24.6,28.03,83,0.0,2012,20,0,23,87.41017
2012-08-21 00:00:00,3,0,1,2,24.6,28.03,83,6.0032,2012,21,1,0,34.66353
2012-08-21 01:00:00,3,0,1,2,24.6,28.03,83,8.9981,2012,21,1,1,17.414536
2012-08-21 02:00:00,3,0,1,2,23.78,27.275,88,19.0012,2012,21,1,2,10.009506
2012-08-21 03:00:00,3,0,1,1,22.96,26.515,88,0.0,2012,21,1,3,7.96579
2012-08-21 04:00:00,3,0,1,1,22.96,26.515,88,0.0,2012,21,1,4,7.96579
2012-08-21 05:00:00,3,0,1,1,22.96,26.515,83,6.0032,2012,21,1,5,37.621094
2012-08-21 06:00:00,3,0,1,1,22.96,26.515,83,7.0015,2012,21,1,6,167.5792
2012-08-21 07:00:00,3,0,1,1,24.6,28.79,78,7.0015,2012,21,1,7,433.8543
2012-08-21 08:00:00,3,0,1,1,24.6,28.79,78,8.9981,2012,21,1,8,650.5637
2012-08-21 09:00:00,3,0,1,1,26.24,30.305,69,0.0,2012,21,1,9,346.6339
2012-08-21 10:00:00,3,0,1,1,27.06,31.06,61,7.0015,2012,21,1,10,221.37018
2012-08-21 11:00:00,3,0,1,1,28.7,32.575,54,0.0,2012,21,1,11,236.85834
2012-08-21 12:00:00,3,0,1,1,29.52,32.575,45,0.0,2012,21,1,12,302.91165
2012-08-21 13:00:00,3,0,1,1,30.34,32.575,40,0.0,2012,21,1,13,304.4283
2012-08-21 14:00:00,3,0,1,1,31.16,33.335,37,6.0032,2012,21,1,14,291.57977
2012-08-21 15:00:00,3,0,1,1,31.16,33.335,37,0.0,2012,21,1,15,307.32806
2012-08-21 16:00:00,3,0,1,1,31.16,33.335,37,0.0,2012,21,1,16,456.25916
2012-08-21 17:00:00,3,0,1,1,30.34,33.335,51,19.0012,2012,21,1,17,767.37756
2012-08-21 18:00:00,3,0,1,1,29.52,33.335,54,15.0013,2012,21,1,18,768.81995
2012-08-21 19:00:00,3,0,1,3,25.42,29.545,73,7.0015,2012,21,1,19,404.77295
2012-08-21 20:00:00,3,0,1,1,26.24,30.305,73,0.0,2012,21,1,20,373.89163
2012-08-21 21:00:00,3,0,1,1,26.24,30.305,73,0.0,2012,21,1,21,279.48862
2012-08-21 22:00:00,3,0,1,1,26.24,29.545,78,0.0,2012,21,1,22,204.42517
2012-08-21 23:00:00,3,0,1,1,25.42,28.79,83,0.0,2012,21,1,23,135.2356
2012-08-22 00:00:00,3,0,1,1,25.42,28.79,83,7.0015,2012,22,2,0,46.391373
2012-08-22 01:00:00,3,0,1,1,25.42,29.545,78,0.0,2012,22,2,1,28.490158
2012-08-22 02:00:00,3,0,1,1,25.42,29.545,78,0.0,2012,22,2,2,20.203552
2012-08-22 03:00:00,3,0,1,1,25.42,29.545,78,0.0,2012,22,2,3,18.960846
2012-08-22 04:00:00,3,0,1,1,23.78,27.275,83,7.0015,2012,22,2,4,21.14679
2012-08-22 05:00:00,3,0,1,1,24.6,28.79,78,0.0,2012,22,2,5,37.438385
2012-08-22 06:00:00,3,0,1,1,25.42,29.545,73,0.0,2012,22,2,6,172.45782
2012-08-22 07:00:00,3,0,1,1,25.42,29.545,78,0.0,2012,22,2,7,434.83136
2012-08-22 08:00:00,3,0,1,1,26.24,30.305,73,6.0032,2012,22,2,8,643.6367
2012-08-22 09:00:00,3,0,1,1,27.88,31.82,65,0.0,2012,22,2,9,353.23572
2012-08-22 10:00:00,3,0,1,1,28.7,32.575,61,6.0032,2012,22,2,10,225.469
2012-08-22 11:00:00,3,0,1,1,29.52,33.335,58,6.0032,2012,22,2,11,235.44862
2012-08-22 12:00:00,3,0,1,1,30.34,33.335,51,0.0,2012,22,2,12,301.6548
2012-08-22 13:00:00,3,0,1,1,31.16,34.09,48,7.0015,2012,22,2,13,297.1416
2012-08-22 14:00:00,3,0,1,1,31.16,34.09,45,7.0015,2012,22,2,14,280.1361
2012-08-22 15:00:00,3,0,1,1,31.16,34.09,48,8.9981,2012,22,2,15,298.2093
2012-08-22 16:00:00,3,0,1,3,30.34,34.09,55,15.0013,2012,22,2,16,453.81662
2012-08-22 17:00:00,3,0,1,3,30.34,34.09,55,15.0013,2012,22,2,17,746.61664
2012-08-22 18:00:00,3,0,1,3,27.06,31.06,61,15.0013,2012,22,2,18,635.7715
2012-08-22 19:00:00,3,0,1,2,27.06,31.06,74,0.0,2012,22,2,19,493.33047
2012-08-22 20:00:00,3,0,1,1,26.24,30.305,73,12.998,2012,22,2,20,377.50723
2012-08-22 21:00:00,3,0,1,1,26.24,30.305,73,0.0,2012,22,2,21,281.73602
2012-08-22 22:00:00,3,0,1,1,26.24,30.305,73,0.0,2012,22,2,22,218.65369
2012-08-22 23:00:00,3,0,1,1,26.24,28.79,83,0.0,2012,22,2,23,139.62466
2012-08-23 00:00:00,3,0,1,1,26.24,29.545,78,0.0,2012,23,3,0,51.244186
2012-08-23 01:00:00,3,0,1,1,25.42,28.79,83,0.0,2012,23,3,1,27.413925
2012-08-23 02:00:00,3,0,1,1,25.42,28.79,83,0.0,2012,23,3,2,19.12732
2012-08-23 03:00:00,3,0,1,1,25.42,28.79,83,6.0032,2012,23,3,3,17.941727
2012-08-23 04:00:00,3,0,1,1,25.42,28.79,83,0.0,2012,23,3,4,17.884598
2012-08-23 05:00:00,3,0,1,1,25.42,28.79,83,0.0,2012,23,3,5,39.663513
2012-08-23 06:00:00,3,0,1,2,24.6,27.275,88,6.0032,2012,23,3,6,167.74373
2012-08-23 07:00:00,3,0,1,2,25.42,28.79,83,6.0032,2012,23,3,7,423.33624
2012-08-23 08:00:00,3,0,1,2,27.06,31.06,74,6.0032,2012,23,3,8,626.813
2012-08-23 09:00:00,3,0,1,2,28.7,32.575,70,0.0,2012,23,3,9,345.29684
2012-08-23 10:00:00,3,0,1,1,30.34,34.09,58,6.0032,2012,23,3,10,221.7362
2012-08-23 11:00:00,3,0,1,1,31.16,34.09,48,6.0032,2012,23,3,11,235.7929
2012-08-23 12:00:00,3,0,1,1,31.98,34.09,38,0.0,2012,23,3,12,302.34024
2012-08-23 13:00:00,3,0,1,1,33.62,36.365,38,6.0032,2012,23,3,13,302.04053
2012-08-23 14:00:00,3,0,1,1,31.98,34.85,46,15.0013,2012,23,3,14,273.9399
2012-08-23 15:00:00,3,0,1,1,31.98,34.85,46,8.9981,2012,23,3,15,292.1269
2012-08-23 16:00:00,3,0,1,1,31.16,34.09,48,11.0014,2012,23,3,16,441.35596
2012-08-23 17:00:00,3,0,1,1,31.16,34.09,45,15.0013,2012,23,3,17,775.7551
2012-08-23 18:00:00,3,0,1,1,30.34,33.335,48,15.0013,2012,23,3,18,762.1416
2012-08-23 19:00:00,3,0,1,1,29.52,33.335,51,6.0032,2012,23,3,19,567.0514
2012-08-23 20:00:00,3,0,1,1,28.7,32.575,61,7.0015,2012,23,3,20,414.26776
2012-08-23 21:00:00,3,0,1,1,28.7,32.575,61,8.9981,2012,23,3,21,322.81873
2012-08-23 22:00:00,3,0,1,2,27.88,31.82,61,7.0015,2012,23,3,22,228.09521
2012-08-23 23:00:00,3,0,1,2,27.06,31.06,69,0.0,2012,23,3,23,148.21962
2012-08-24 00:00:00,3,0,1,2,27.06,31.06,69,0.0,2012,24,4,0,71.21582
2012-08-24 01:00:00,3,0,1,2,26.24,30.305,73,0.0,2012,24,4,1,29.3284
2012-08-24 02:00:00,3,0,1,1,27.06,31.06,69,0.0,2012,24,4,2,31.3154
2012-08-24 03:00:00,3,0,1,1,26.24,30.305,73,0.0,2012,24,4,3,18.731491
2012-08-24 04:00:00,3,0,1,2,26.24,30.305,73,0.0,2012,24,4,4,9.681641
2012-08-24 05:00:00,3,0,1,1,26.24,29.545,78,0.0,2012,24,4,5,34.95633
2012-08-24 06:00:00,3,0,1,2,25.42,28.79,83,0.0,2012,24,4,6,141.56879
2012-08-24 07:00:00,3,0,1,2,26.24,29.545,78,0.0,2012,24,4,7,382.66876
2012-08-24 08:00:00,3,0,1,2,27.06,31.06,74,0.0,2012,24,4,8,576.26996
2012-08-24 09:00:00,3,0,1,2,29.52,33.335,58,0.0,2012,24,4,9,343.38745
2012-08-24 10:00:00,3,0,1,2,31.16,34.09,48,0.0,2012,24,4,10,254.7559
2012-08-24 11:00:00,3,0,1,2,31.16,34.09,48,7.0015,2012,24,4,11,275.25006
2012-08-24 12:00:00,3,0,1,2,31.16,34.09,45,6.0032,2012,24,4,12,343.01416
2012-08-24 13:00:00,3,0,1,2,32.8,35.605,41,7.0015,2012,24,4,13,331.3534
2012-08-24 14:00:00,3,0,1,1,31.98,34.85,43,7.0015,2012,24,4,14,336.03592
2012-08-24 15:00:00,3,0,1,2,31.16,34.09,48,8.9981,2012,24,4,15,333.62384
2012-08-24 16:00:00,3,0,1,2,31.16,34.09,48,8.9981,2012,24,4,16,460.05728
2012-08-24 17:00:00,3,0,1,2,30.34,33.335,51,15.0013,2012,24,4,17,722.21576
2012-08-24 18:00:00,3,0,1,2,29.52,34.09,62,12.998,2012,24,4,18,674.3848
2012-08-24 19:00:00,3,0,1,2,29.52,33.335,58,11.0014,2012,24,4,19,498.57925
2012-08-24 20:00:00,3,0,1,2,28.7,32.575,65,15.0013,2012,24,4,20,353.02515
2012-08-24 21:00:00,3,0,1,2,28.7,32.575,61,11.0014,2012,24,4,21,280.81738
2012-08-24 22:00:00,3,0,1,2,28.7,32.575,61,0.0,2012,24,4,22,224.75256
2012-08-24 23:00:00,3,0,1,2,27.88,31.82,69,6.0032,2012,24,4,23,172.92992
2012-08-25 00:00:00,3,0,0,2,28.7,32.575,61,0.0,2012,25,5,0,138.15082
2012-08-25 01:00:00,3,0,0,2,27.88,31.82,69,0.0,2012,25,5,1,105.19544
2012-08-25 02:00:00,3,0,0,2,27.06,31.06,74,6.0032,2012,25,5,2,73.30617
2012-08-25 03:00:00,3,0,0,1,27.06,31.06,69,6.0032,2012,25,5,3,34.78717
2012-08-25 04:00:00,3,0,0,2,27.06,31.06,69,7.0015,2012,25,5,4,23.33957
2012-08-25 05:00:00,3,0,0,2,26.24,30.305,73,11.0014,2012,25,5,5,14.173752
2012-08-25 06:00:00,3,0,0,2,26.24,29.545,78,11.0014,2012,25,5,6,26.387054
2012-08-25 07:00:00,3,0,0,2,26.24,29.545,78,12.998,2012,25,5,7,118.00039
2012-08-25 08:00:00,3,0,0,2,27.06,31.06,74,16.9979,2012,25,5,8,212.58798
2012-08-25 09:00:00,3,0,0,2,27.88,31.82,69,19.0012,2012,25,5,9,318.67517
2012-08-25 10:00:00,3,0,0,2,28.7,32.575,65,19.9995,2012,25,5,10,401.7071
2012-08-25 11:00:00,3,0,0,2,29.52,34.09,62,19.0012,2012,25,5,11,487.7651
2012-08-25 12:00:00,3,0,0,3,29.52,33.335,54,26.0027,2012,25,5,12,474.3082
2012-08-25 13:00:00,3,0,0,2,29.52,33.335,51,23.9994,2012,25,5,13,537.6301
2012-08-25 14:00:00,3,0,0,3,27.06,31.06,65,16.9979,2012,25,5,14,393.9472
2012-08-25 15:00:00,3,0,0,2,26.24,30.305,73,22.0028,2012,25,5,15,457.41873
2012-08-25 16:00:00,3,0,0,2,27.06,31.06,74,19.9995,2012,25,5,16,499.87268
2012-08-25 17:00:00,3,0,0,2,27.06,31.06,74,22.0028,2012,25,5,17,469.3071
2012-08-25 18:00:00,3,0,0,2,27.06,31.06,69,31.0009,2012,25,5,18,475.4746
2012-08-25 19:00:00,3,0,0,2,26.24,29.545,78,19.9995,2012,25,5,19,372.17316
2012-08-25 20:00:00,3,0,0,3,25.42,28.79,83,16.9979,2012,25,5,20,132.63608
2012-08-25 21:00:00,3,0,0,1,25.42,28.79,83,23.9994,2012,25,5,21,227.8738
2012-08-25 22:00:00,3,0,0,1,25.42,28.79,83,23.9994,2012,25,5,22,191.20908
2012-08-25 23:00:00,3,0,0,2,25.42,28.79,83,16.9979,2012,25,5,23,167.5777
2012-08-26 00:00:00,3,0,0,1,26.24,28.79,89,16.9979,2012,26,6,0,130.52669
2012-08-26 01:00:00,3,0,0,1,26.24,28.79,89,12.998,2012,26,6,1,93.30787
2012-08-26 02:00:00,3,0,0,2,26.24,28.79,89,15.0013,2012,26,6,2,57.279053
2012-08-26 03:00:00,3,0,0,2,26.24,28.79,89,16.9979,2012,26,6,3,18.129547
2012-08-26 04:00:00,3,0,0,2,26.24,28.79,89,12.998,2012,26,6,4,-4.673813
2012-08-26 05:00:00,3,0,0,1,26.24,28.79,89,12.998,2012,26,6,5,4.430069
2012-08-26 06:00:00,3,0,0,1,25.42,28.03,88,19.9995,2012,26,6,6,19.163986
2012-08-26 07:00:00,3,0,0,1,26.24,28.79,89,12.998,2012,26,6,7,84.705315
2012-08-26 08:00:00,3,0,0,1,27.88,31.82,79,19.0012,2012,26,6,8,155.57545
2012-08-26 09:00:00,3,0,0,1,27.88,31.82,79,16.9979,2012,26,6,9,247.07608
2012-08-26 10:00:00,3,0,0,1,30.34,34.85,66,26.0027,2012,26,6,10,372.441
2012-08-26 11:00:00,3,0,0,1,30.34,34.85,66,23.9994,2012,26,6,11,458.693
2012-08-26 12:00:00,3,0,0,3,29.52,34.85,74,23.9994,2012,26,6,12,367.21338
2012-08-26 13:00:00,3,0,0,3,27.06,30.305,78,27.9993,2012,26,6,13,311.56314
2012-08-26 14:00:00,3,0,0,1,26.24,28.79,89,7.0015,2012,26,6,14,430.27145
2012-08-26 15:00:00,3,0,0,3,26.24,28.79,89,19.0012,2012,26,6,15,265.6413
2012-08-26 16:00:00,3,0,0,3,26.24,28.79,89,19.0012,2012,26,6,16,294.82544
2012-08-26 17:00:00,3,0,0,1,26.24,28.79,89,15.0013,2012,26,6,17,414.84625
2012-08-26 18:00:00,3,0,0,2,26.24,28.79,89,6.0032,2012,26,6,18,347.1615
2012-08-26 19:00:00,3,0,0,2,26.24,28.79,89,11.0014,2012,26,6,19,277.2467
2012-08-26 20:00:00,3,0,0,1,26.24,28.79,89,11.0014,2012,26,6,20,214.33751
2012-08-26 21:00:00,3,0,0,1,26.24,28.79,83,8.9981,2012,26,6,21,162.06058
2012-08-26 22:00:00,3,0,0,1,25.42,28.03,88,6.0032,2012,26,6,22,131.47562
2012-08-26 23:00:00,3,0,0,1,25.42,28.79,83,6.0032,2012,26,6,23,124.52457
2012-08-27 00:00:00,3,0,1,1,25.42,28.79,83,0.0,2012,27,0,0,36.64557
2012-08-27 01:00:00,3,0,1,1,25.42,28.03,88,6.0032,2012,27,0,1,19.144089
2012-08-27 02:00:00,3,0,1,1,25.42,28.03,88,8.9981,2012,27,0,2,10.857483
2012-08-27 03:00:00,3,0,1,1,25.42,28.03,88,6.0032,2012,27,0,3,9.614761
2012-08-27 04:00:00,3,0,1,1,25.42,28.79,83,0.0,2012,27,0,4,8.114655
2012-08-27 05:00:00,3,0,1,1,25.42,28.03,88,0.0,2012,27,0,5,29.8349
2012-08-27 06:00:00,3,0,1,1,25.42,28.03,88,0.0,2012,27,0,6,157.89227
2012-08-27 07:00:00,3,0,1,1,27.06,30.305,83,0.0,2012,27,0,7,411.55484
2012-08-27 08:00:00,3,0,1,1,27.06,30.305,83,6.0032,2012,27,0,8,638.0484
2012-08-27 09:00:00,3,0,1,1,27.06,30.305,83,7.0015,2012,27,0,9,312.01324
2012-08-27 10:00:00,3,0,1,1,29.52,34.85,74,8.9981,2012,27,0,10,214.12286
2012-08-27 11:00:00,3,0,1,1,30.34,34.85,66,12.998,2012,27,0,11,226.39456
2012-08-27 12:00:00,3,0,1,1,31.16,35.605,62,0.0,2012,27,0,12,288.50635
2012-08-27 13:00:00,3,0,1,1,31.16,35.605,57,11.0014,2012,27,0,13,292.87772
2012-08-27 14:00:00,3,0,1,1,32.8,37.12,49,6.0032,2012,27,0,14,264.83502
2012-08-27 15:00:00,3,0,1,1,32.8,37.88,55,19.9995,2012,27,0,15,282.26248
2012-08-27 16:00:00,3,0,1,1,32.8,37.88,55,16.9979,2012,27,0,16,430.39807
2012-08-27 17:00:00,3,0,1,1,32.8,36.365,46,15.0013,2012,27,0,17,779.93524
2012-08-27 18:00:00,3,0,1,1,31.98,35.605,52,16.9979,2012,27,0,18,775.3113
2012-08-27 19:00:00,3,0,1,1,30.34,34.85,70,15.0013,2012,27,0,19,558.8103
2012-08-27 20:00:00,3,0,1,1,30.34,34.85,70,12.998,2012,27,0,20,405.17657
2012-08-27 21:00:00,3,0,1,1,29.52,34.85,74,12.998,2012,27,0,21,286.10925
2012-08-27 22:00:00,3,0,1,1,28.7,33.335,84,12.998,2012,27,0,22,182.50002
2012-08-27 23:00:00,3,0,1,1,28.7,33.335,84,11.0014,2012,27,0,23,115.8683
2012-08-28 00:00:00,3,0,1,1,28.7,33.335,84,16.9979,2012,28,1,0,40.49359
2012-08-28 01:00:00,3,0,1,1,27.88,31.82,89,12.998,2012,28,1,1,22.266357
2012-08-28 02:00:00,3,0,1,1,27.88,31.82,83,16.9979,2012,28,1,2,12.334366
2012-08-28 03:00:00,3,0,1,1,27.06,29.545,89,8.9981,2012,28,1,3,11.837097
2012-08-28 04:00:00,3,0,1,1,27.06,30.305,83,8.9981,2012,28,1,4,11.895767
2012-08-28 05:00:00,3,0,1,2,27.06,30.305,83,6.0032,2012,28,1,5,28.595795
2012-08-28 06:00:00,3,0,1,2,27.06,29.545,89,7.0015,2012,28,1,6,155.59381
2012-08-28 07:00:00,3,0,1,2,27.06,30.305,83,7.0015,2012,28,1,7,410.14532
2012-08-28 08:00:00,3,0,1,2,27.06,31.06,85,7.0015,2012,28,1,8,630.0769
2012-08-28 09:00:00,3,0,1,2,28.7,33.335,79,11.0014,2012,28,1,9,328.98944
2012-08-28 10:00:00,3,0,1,1,30.34,34.09,62,16.9979,2012,28,1,10,217.33247
2012-08-28 11:00:00,3,0,1,1,31.98,36.365,55,16.9979,2012,28,1,11,212.0818
2012-08-28 12:00:00,3,0,1,1,32.8,37.12,49,19.0012,2012,28,1,12,289.9109
2012-08-28 13:00:00,3,0,1,1,33.62,37.12,43,19.9995,2012,28,1,13,285.37317
2012-08-28 14:00:00,3,0,1,1,34.44,37.12,38,22.0028,2012,28,1,14,258.02203
2012-08-28 15:00:00,3,0,1,1,33.62,36.365,34,19.9995,2012,28,1,15,292.54013
2012-08-28 16:00:00,3,0,1,1,33.62,35.605,33,22.0028,2012,28,1,16,444.9654
2012-08-28 17:00:00,3,0,1,1,32.8,34.85,35,26.0027,2012,28,1,17,801.91797
2012-08-28 18:00:00,3,0,1,1,31.98,34.85,40,16.9979,2012,28,1,18,784.1882
2012-08-28 19:00:00,3,0,1,1,30.34,33.335,45,11.0014,2012,28,1,19,581.68604
2012-08-28 20:00:00,3,0,1,1,29.52,33.335,48,7.0015,2012,28,1,20,424.6423
2012-08-28 21:00:00,3,0,1,1,29.52,33.335,48,6.0032,2012,28,1,21,329.46176
2012-08-28 22:00:00,3,0,1,1,28.7,32.575,54,0.0,2012,28,1,22,250.47595
2012-08-28 23:00:00,3,0,1,1,27.88,31.82,57,0.0,2012,28,1,23,177.59448
2012-08-29 00:00:00,3,0,1,1,27.06,31.06,69,0.0,2012,29,2,0,48.587677
2012-08-29 01:00:00,3,0,1,1,26.24,30.305,69,8.9981,2012,29,2,1,26.511917
2012-08-29 02:00:00,3,0,1,1,25.42,29.545,73,8.9981,2012,29,2,2,20.322464
2012-08-29 03:00:00,3,0,1,1,25.42,29.545,73,7.0015,2012,29,2,3,19.079773
2012-08-29 04:00:00,3,0,1,1,24.6,29.545,73,15.0013,2012,29,2,4,23.640259
2012-08-29 05:00:00,3,0,1,1,24.6,29.545,73,12.998,2012,29,2,5,45.41919
2012-08-29 06:00:00,3,0,1,1,24.6,29.545,73,12.998,2012,29,2,6,177.07547
2012-08-29 07:00:00,3,0,1,1,26.24,30.305,65,6.0032,2012,29,2,7,411.40186
2012-08-29 08:00:00,3,0,1,1,27.06,31.06,61,11.0014,2012,29,2,8,624.8451
2012-08-29 09:00:00,3,0,1,1,28.7,32.575,51,12.998,2012,29,2,9,356.73645
2012-08-29 10:00:00,3,0,1,1,29.52,33.335,48,11.0014,2012,29,2,10,228.91571
2012-08-29 11:00:00,3,0,1,1,29.52,32.575,45,0.0,2012,29,2,11,243.46915
2012-08-29 12:00:00,3,0,1,1,31.16,34.09,40,0.0,2012,29,2,12,309.4814
2012-08-29 13:00:00,3,0,1,1,30.34,33.335,42,0.0,2012,29,2,13,306.49445
2012-08-29 14:00:00,3,0,1,1,31.16,34.09,40,6.0032,2012,29,2,14,286.23163
2012-08-29 15:00:00,3,0,1,1,31.16,34.09,40,12.998,2012,29,2,15,307.67264
2012-08-29 16:00:00,3,0,1,1,31.16,33.335,37,8.9981,2012,29,2,16,462.20425
2012-08-29 17:00:00,3,0,1,1,31.98,34.09,35,15.0013,2012,29,2,17,794.6276
2012-08-29 18:00:00,3,0,1,1,30.34,33.335,42,11.0014,2012,29,2,18,788.97064
2012-08-29 19:00:00,3,0,1,1,28.7,32.575,54,12.998,2012,29,2,19,569.81116
2012-08-29 20:00:00,3,0,1,1,27.88,31.82,57,0.0,2012,29,2,20,417.3521
2012-08-29 21:00:00,3,0,1,1,27.06,31.06,54,7.0015,2012,29,2,21,319.8014
2012-08-29 22:00:00,3,0,1,1,27.06,31.06,54,0.0,2012,29,2,22,252.10507
2012-08-29 23:00:00,3,0,1,1,27.06,31.06,57,0.0,2012,29,2,23,179.65524
2012-08-30 00:00:00,3,0,1,1,26.24,30.305,69,0.0,2012,30,3,0,50.9601
2012-08-30 01:00:00,3,0,1,1,26.24,30.305,65,0.0,2012,30,3,1,29.95404
2012-08-30 02:00:00,3,0,1,1,25.42,29.545,73,0.0,2012,30,3,2,21.224548
2012-08-30 03:00:00,3,0,1,1,25.42,29.545,73,0.0,2012,30,3,3,19.981842
2012-08-30 04:00:00,3,0,1,1,25.42,29.545,73,0.0,2012,30,3,4,19.981842
2012-08-30 05:00:00,3,0,1,1,25.42,29.545,73,0.0,2012,30,3,5,41.760773
2012-08-30 06:00:00,3,0,1,1,24.6,28.03,83,11.0014,2012,30,3,6,184.16228
2012-08-30 07:00:00,3,0,1,1,26.24,30.305,73,0.0,2012,30,3,7,431.87344
2012-08-30 08:00:00,3,0,1,1,27.06,31.06,65,0.0,2012,30,3,8,626.43396
2012-08-30 09:00:00,3,0,1,1,28.7,32.575,58,0.0,2012,30,3,9,353.5714
2012-08-30 10:00:00,3,0,1,1,29.52,33.335,54,0.0,2012,30,3,10,231.05997
2012-08-30 11:00:00,3,0,1,1,31.16,34.09,40,6.0032,2012,30,3,11,249.21927
2012-08-30 12:00:00,3,0,1,1,31.16,34.09,45,8.9981,2012,30,3,12,306.16455
2012-08-30 13:00:00,3,0,1,1,31.16,34.09,48,7.0015,2012,30,3,13,297.25433
2012-08-30 14:00:00,3,0,1,1,31.16,34.09,48,8.9981,2012,30,3,14,277.29742
2012-08-30 15:00:00,3,0,1,1,32.8,36.365,46,11.0014,2012,30,3,15,292.1269
2012-08-30 16:00:00,3,0,1,1,32.8,36.365,43,11.0014,2012,30,3,16,441.2254
2012-08-30 17:00:00,3,0,1,1,33.62,36.365,34,15.0013,2012,30,3,17,795.5573
2012-08-30 18:00:00,3,0,1,1,32.8,35.605,38,8.9981,2012,30,3,18,791.697
2012-08-30 19:00:00,3,0,1,1,31.16,34.09,48,8.9981,2012,30,3,19,572.6429
2012-08-30 20:00:00,3,0,1,1,30.34,34.09,58,11.0014,2012,30,3,20,420.9704
2012-08-30 21:00:00,3,0,1,1,29.52,34.09,66,8.9981,2012,30,3,21,319.93658
2012-08-30 22:00:00,3,0,1,1,28.7,32.575,70,0.0,2012,30,3,22,239.1442
2012-08-30 23:00:00,3,0,1,1,28.7,33.335,74,7.0015,2012,30,3,23,160.6045
2012-08-31 00:00:00,3,0,1,1,27.88,31.82,83,11.0014,2012,31,4,0,76.28248
2012-08-31 01:00:00,3,0,1,1,27.88,31.82,83,11.0014,2012,31,4,1,36.47545
2012-08-31 02:00:00,3,0,1,1,27.06,29.545,89,8.9981,2012,31,4,2,26.028809
2012-08-31 03:00:00,3,0,1,1,27.06,29.545,89,7.0015,2012,31,4,3,17.058426
2012-08-31 04:00:00,3,0,1,1,26.24,28.79,89,8.9981,2012,31,4,4,12.645523
2012-08-31 05:00:00,3,0,1,1,26.24,28.79,89,11.0014,2012,31,4,5,30.322037
2012-08-31 06:00:00,3,0,1,2,26.24,28.79,89,11.0014,2012,31,4,6,145.9322
2012-08-31 07:00:00,3,0,1,2,26.24,28.79,89,6.0032,2012,31,4,7,381.30878
2012-08-31 08:00:00,3,0,1,2,28.7,33.335,74,0.0,2012,31,4,8,586.6173
2012-08-31 09:00:00,3,0,1,1,30.34,34.85,70,0.0,2012,31,4,9,336.5374
2012-08-31 10:00:00,3,0,1,1,31.16,35.605,62,6.0032,2012,31,4,10,258.6336
2012-08-31 11:00:00,3,0,1,1,35.26,37.12,28,19.9995,2012,31,4,11,258.3772
2012-08-31 12:00:00,3,0,1,1,35.26,37.12,26,16.9979,2012,31,4,12,349.39584
2012-08-31 13:00:00,3,0,1,1,36.08,37.88,27,22.0028,2012,31,4,13,333.9997
2012-08-31 14:00:00,3,0,1,1,36.9,38.635,25,15.0013,2012,31,4,14,326.37518
2012-08-31 15:00:00,3,0,1,1,36.9,39.395,27,19.9995,2012,31,4,15,321.35886
2012-08-31 16:00:00,3,0,1,1,36.9,39.395,27,16.9979,2012,31,4,16,438.77505
2012-08-31 17:00:00,3,0,1,1,36.08,38.635,32,11.0014,2012,31,4,17,710.2174
2012-08-31 18:00:00,3,0,1,1,35.26,37.88,36,16.9979,2012,31,4,18,684.3565
2012-08-31 19:00:00,3,0,1,1,32.8,37.12,49,8.9981,2012,31,4,19,527.68335
2012-08-31 20:00:00,3,0,1,1,32.8,37.12,49,8.9981,2012,31,4,20,391.0241
2012-08-31 21:00:00,3,0,1,1,31.16,35.605,58,12.998,2012,31,4,21,301.21857
2012-08-31 22:00:00,3,0,1,1,31.16,35.605,58,12.998,2012,31,4,22,244.48225
2012-08-31 23:00:00,3,0,1,1,30.34,34.09,62,7.0015,2012,31,4,23,190.14024
2012-09-20 00:00:00,3,0,1,1,20.5,24.24,63,0.0,2012,20,3,0,57.428757
2012-09-20 01:00:00,3,0,1,1,18.86,22.725,72,7.0015,2012,20,3,1,32.543884
2012-09-20 02:00:00,3,0,1,1,18.86,22.725,72,6.0032,2012,20,3,2,24.257263
2012-09-20 03:00:00,3,0,1,1,18.04,21.97,77,0.0,2012,20,3,3,19.537476
2012-09-20 04:00:00,3,0,1,1,18.04,21.97,77,7.0015,2012,20,3,4,19.009537
2012-09-20 05:00:00,3,0,1,1,18.04,21.97,77,7.0015,2012,20,3,5,40.060074
2012-09-20 06:00:00,3,0,1,1,18.04,21.97,77,0.0,2012,20,3,6,169.7433
2012-09-20 07:00:00,3,0,1,1,18.86,22.725,82,7.0015,2012,20,3,7,429.76306
2012-09-20 08:00:00,3,0,1,1,20.5,24.24,68,6.0032,2012,20,3,8,648.5193
2012-09-20 09:00:00,3,0,1,1,22.96,26.515,60,6.0032,2012,20,3,9,368.30005
2012-09-20 10:00:00,3,0,1,1,23.78,27.275,53,6.0032,2012,20,3,10,240.70612
2012-09-20 11:00:00,3,0,1,1,25.42,31.06,43,0.0,2012,20,3,11,241.89355
2012-09-20 12:00:00,3,0,1,1,25.42,31.06,43,8.9981,2012,20,3,12,308.64233
2012-09-20 13:00:00,3,0,1,1,26.24,31.06,44,8.9981,2012,20,3,13,305.7708
2012-09-20 14:00:00,3,0,1,1,26.24,31.06,47,12.998,2012,20,3,14,280.35712
2012-09-20 15:00:00,3,0,1,1,27.06,31.06,47,12.998,2012,20,3,15,301.91632
2012-09-20 16:00:00,3,0,1,1,26.24,31.06,47,11.0014,2012,20,3,16,446.97424
2012-09-20 17:00:00,3,0,1,1,26.24,31.06,50,15.0013,2012,20,3,17,760.7194
2012-09-20 18:00:00,3,0,1,1,24.6,31.06,56,16.9979,2012,20,3,18,773.64624
2012-09-20 19:00:00,3,0,1,1,23.78,27.275,60,15.0013,2012,20,3,19,537.369
2012-09-20 20:00:00,3,0,1,1,22.96,26.515,64,8.9981,2012,20,3,20,409.85864
2012-09-20 21:00:00,3,0,1,1,22.96,26.515,64,12.998,2012,20,3,21,308.6912
2012-09-20 22:00:00,3,0,1,1,22.14,25.76,73,7.0015,2012,20,3,22,220.1042
2012-09-20 23:00:00,3,0,1,1,22.14,25.76,68,7.0015,2012,20,3,23,158.41296
2012-09-21 00:00:00,3,0,1,1,22.14,25.76,68,0.0,2012,21,4,0,79.88408
2012-09-21 01:00:00,3,0,1,1,21.32,25.0,72,0.0,2012,21,4,1,41.104126
2012-09-21 02:00:00,3,0,1,1,21.32,25.0,72,0.0,2012,21,4,2,31.817657
2012-09-21 03:00:00,3,0,1,1,20.5,24.24,77,6.0032,2012,21,4,3,25.924759
2012-09-21 04:00:00,3,0,1,1,20.5,24.24,77,0.0,2012,21,4,4,23.996292
2012-09-21 05:00:00,3,0,1,1,20.5,24.24,82,0.0,2012,21,4,5,41.03116
2012-09-21 06:00:00,3,0,1,1,20.5,24.24,77,6.0032,2012,21,4,6,164.84499
2012-09-21 07:00:00,3,0,1,1,21.32,25.0,77,0.0,2012,21,4,7,390.7016
2012-09-21 08:00:00,3,0,1,1,22.14,25.76,73,8.9981,2012,21,4,8,595.6561
2012-09-21 09:00:00,3,0,1,1,23.78,27.275,68,8.9981,2012,21,4,9,355.16425
2012-09-21 10:00:00,3,0,1,1,25.42,30.305,61,15.0013,2012,21,4,10,265.50922
2012-09-21 11:00:00,3,0,1,1,27.06,31.06,57,15.0013,2012,21,4,11,297.0124
2012-09-21 12:00:00,3,0,1,1,27.88,31.82,57,11.0014,2012,21,4,12,369.4748
2012-09-21 13:00:00,3,0,1,1,28.7,32.575,54,11.0014,2012,21,4,13,364.08136
2012-09-21 14:00:00,3,0,1,1,28.7,32.575,54,19.9995,2012,21,4,14,346.7962
2012-09-21 15:00:00,3,0,1,1,28.7,32.575,54,15.0013,2012,21,4,15,366.35175
2012-09-21 16:00:00,3,0,1,1,28.7,32.575,54,12.998,2012,21,4,16,485.8558
2012-09-21 17:00:00,3,0,1,1,27.88,31.82,57,19.0012,2012,21,4,17,739.3804
2012-09-21 18:00:00,3,0,1,1,27.06,31.06,61,16.9979,2012,21,4,18,687.3651
2012-09-21 19:00:00,3,0,1,1,26.24,30.305,65,16.9979,2012,21,4,19,494.0396
2012-09-21 20:00:00,3,0,1,1,25.42,30.305,69,12.998,2012,21,4,20,360.06067
2012-09-21 21:00:00,3,0,1,1,24.6,29.545,73,16.9979,2012,21,4,21,269.80493
2012-09-21 22:00:00,3,0,1,1,24.6,29.545,73,12.998,2012,21,4,22,229.50424
2012-09-21 23:00:00,3,0,1,1,24.6,29.545,73,22.0028,2012,21,4,23,178.33315
2012-09-22 00:00:00,3,0,0,1,24.6,29.545,73,19.0012,2012,22,5,0,144.09962
2012-09-22 01:00:00,3,0,0,1,23.78,27.275,83,19.9995,2012,22,5,1,103.62881
2012-09-22 02:00:00,3,0,0,1,22.96,26.515,88,16.9979,2012,22,5,2,75.42649
2012-09-22 03:00:00,3,0,0,1,22.96,26.515,83,19.0012,2012,22,5,3,37.00827
2012-09-22 04:00:00,3,0,0,1,22.96,26.515,83,19.0012,2012,22,5,4,26.601547
2012-09-22 05:00:00,3,0,0,1,22.96,26.515,83,22.0028,2012,22,5,5,24.893295
2012-09-22 06:00:00,3,0,0,1,22.96,26.515,83,19.9995,2012,22,5,6,39.096893
2012-09-22 07:00:00,3,0,0,1,23.78,27.275,78,16.9979,2012,22,5,7,139.19315
2012-09-22 08:00:00,3,0,0,1,24.6,29.545,73,19.9995,2012,22,5,8,222.70317
2012-09-22 09:00:00,3,0,0,1,26.24,30.305,69,16.9979,2012,22,5,9,329.12952
2012-09-22 10:00:00,3,0,0,1,27.06,31.06,65,22.0028,2012,22,5,10,412.56235
2012-09-22 11:00:00,3,0,0,1,28.7,32.575,58,19.0012,2012,22,5,11,503.67133
2012-09-22 12:00:00,3,0,0,1,29.52,33.335,54,19.9995,2012,22,5,12,569.0383
2012-09-22 13:00:00,3,0,0,1,30.34,33.335,51,23.9994,2012,22,5,13,561.7687
2012-09-22 14:00:00,3,0,0,1,31.16,34.09,48,19.0012,2012,22,5,14,539.8987
2012-09-22 15:00:00,3,0,0,1,30.34,33.335,48,26.0027,2012,22,5,15,544.38
2012-09-22 16:00:00,3,0,0,1,30.34,33.335,51,22.0028,2012,22,5,16,570.312
2012-09-22 17:00:00,3,0,0,1,30.34,33.335,51,22.0028,2012,22,5,17,556.8278
2012-09-22 18:00:00,3,0,0,1,29.52,33.335,54,19.0012,2012,22,5,18,519.0459
2012-09-22 19:00:00,3,0,0,1,28.7,32.575,58,12.998,2012,22,5,19,445.3871
2012-09-22 20:00:00,3,0,0,1,28.7,32.575,54,16.9979,2012,22,5,20,356.4323
2012-09-22 21:00:00,3,0,0,1,26.24,31.06,57,16.9979,2012,22,5,21,289.84097
2012-09-22 22:00:00,3,0,0,1,25.42,31.06,57,12.998,2012,22,5,22,257.0641
2012-09-22 23:00:00,3,0,0,1,25.42,31.06,50,12.998,2012,22,5,23,215.2642
2012-09-23 00:00:00,4,0,0,1,25.42,31.06,38,16.9979,2012,23,6,0,252.79181
2012-09-23 01:00:00,4,0,0,1,22.14,25.76,52,23.9994,2012,23,6,1,129.93378
2012-09-23 02:00:00,4,0,0,1,21.32,25.0,48,16.9979,2012,23,6,2,100.9818
2012-09-23 03:00:00,4,0,0,1,19.68,23.485,55,19.9995,2012,23,6,3,49.085663
2012-09-23 04:00:00,4,0,0,1,18.86,22.725,55,15.0013,2012,23,6,4,21.468018
2012-09-23 05:00:00,4,0,0,1,18.86,22.725,59,16.9979,2012,23,6,5,19.775925
2012-09-23 06:00:00,4,0,0,1,18.04,21.97,62,16.9979,2012,23,6,6,22.468475
2012-09-23 07:00:00,4,0,0,1,18.86,22.725,59,15.0013,2012,23,6,7,131.44597
2012-09-23 08:00:00,4,0,0,1,19.68,23.485,55,23.9994,2012,23,6,8,221.96957
2012-09-23 09:00:00,4,0,0,1,20.5,24.24,51,22.0028,2012,23,6,9,286.86356
2012-09-23 10:00:00,4,0,0,1,22.14,25.76,45,16.9979,2012,23,6,10,411.46512
2012-09-23 11:00:00,4,0,0,1,22.96,26.515,46,16.9979,2012,23,6,11,506.82068
2012-09-23 12:00:00,4,0,0,1,22.96,26.515,43,7.0015,2012,23,6,12,565.7175
2012-09-23 13:00:00,4,0,0,1,24.6,31.06,38,11.0014,2012,23,6,13,664.91046
2012-09-23 14:00:00,4,0,0,1,24.6,31.06,38,12.998,2012,23,6,14,638.5737
2012-09-23 15:00:00,4,0,0,1,24.6,31.06,33,15.0013,2012,23,6,15,640.47437
2012-09-23 16:00:00,4,0,0,1,24.6,31.06,33,22.0028,2012,23,6,16,667.72473
2012-09-23 17:00:00,4,0,0,1,22.96,26.515,35,19.9995,2012,23,6,17,604.84485
2012-09-23 18:00:00,4,0,0,1,22.14,25.76,37,12.998,2012,23,6,18,530.6105
2012-09-23 19:00:00,4,0,0,1,21.32,25.0,42,11.0014,2012,23,6,19,379.93964
2012-09-23 20:00:00,4,0,0,1,21.32,25.0,42,11.0014,2012,23,6,20,281.98758
2012-09-23 21:00:00,4,0,0,2,21.32,25.0,48,7.0015,2012,23,6,21,158.59155
2012-09-23 22:00:00,4,0,0,1,21.32,25.0,48,0.0,2012,23,6,22,154.41321
2012-09-23 23:00:00,4,0,0,2,20.5,24.24,59,7.0015,2012,23,6,23,86.312195
2012-09-24 00:00:00,4,0,1,1,18.86,22.725,63,12.998,2012,24,0,0,51.094086
2012-09-24 01:00:00,4,0,1,1,18.86,22.725,67,8.9981,2012,24,0,1,28.98555
2012-09-24 02:00:00,4,0,1,2,18.86,22.725,63,8.9981,2012,24,0,2,24.398193
2012-09-24 03:00:00,4,0,1,1,18.86,22.725,63,11.0014,2012,24,0,3,22.965607
2012-09-24 04:00:00,4,0,1,1,18.04,21.97,67,7.0015,2012,24,0,4,11.356842
2012-09-24 05:00:00,4,0,1,1,18.86,22.725,63,0.0,2012,24,0,5,26.687378
2012-09-24 06:00:00,4,0,1,1,18.86,22.725,59,0.0,2012,24,0,6,148.60968
2012-09-24 07:00:00,4,0,1,1,18.86,22.725,67,8.9981,2012,24,0,7,421.36435
2012-09-24 08:00:00,4,0,1,1,20.5,24.24,55,12.998,2012,24,0,8,637.81274
2012-09-24 09:00:00,4,0,1,1,21.32,25.0,52,12.998,2012,24,0,9,376.0102
2012-09-24 10:00:00,4,0,1,1,22.14,25.76,49,15.0013,2012,24,0,10,245.29832
2012-09-24 11:00:00,4,0,1,1,22.96,26.515,37,12.998,2012,24,0,11,276.979
2012-09-24 12:00:00,4,0,1,1,22.96,26.515,35,19.9995,2012,24,0,12,324.57697
2012-09-24 13:00:00,4,0,1,1,24.6,31.06,31,19.9995,2012,24,0,13,334.6399
2012-09-24 14:00:00,4,0,1,1,24.6,30.305,28,0.0,2012,24,0,14,298.19348
2012-09-24 15:00:00,4,0,1,1,24.6,31.06,31,0.0,2012,24,0,15,320.70642
2012-09-24 16:00:00,4,0,1,1,23.78,27.275,30,16.9979,2012,24,0,16,452.21765
2012-09-24 17:00:00,4,0,1,1,23.78,27.275,30,0.0,2012,24,0,17,770.5175
2012-09-24 18:00:00,4,0,1,1,22.14,25.76,37,11.0014,2012,24,0,18,753.5845
2012-09-24 19:00:00,4,0,1,1,21.32,25.0,39,8.9981,2012,24,0,19,544.31775
2012-09-24 20:00:00,4,0,1,1,21.32,25.0,52,7.0015,2012,24,0,20,366.7975
2012-09-24 21:00:00,4,0,1,1,20.5,24.24,51,8.9981,2012,24,0,21,280.29004
2012-09-24 22:00:00,4,0,1,1,20.5,24.24,51,15.0013,2012,24,0,22,193.70064
2012-09-24 23:00:00,4,0,1,1,18.86,22.725,63,8.9981,2012,24,0,23,114.29124
2012-09-25 00:00:00,4,0,1,1,18.86,22.725,67,11.0014,2012,25,1,0,49.531403
2012-09-25 01:00:00,4,0,1,1,18.04,21.97,72,8.9981,2012,25,1,1,21.918228
2012-09-25 02:00:00,4,0,1,1,17.22,21.21,77,8.9981,2012,25,1,2,14.683395
2012-09-25 03:00:00,4,0,1,1,17.22,21.21,71,6.0032,2012,25,1,3,12.919601
2012-09-25 04:00:00,4,0,1,1,17.22,21.21,71,8.9981,2012,25,1,4,13.32724
2012-09-25 05:00:00,4,0,1,1,17.22,21.21,77,6.0032,2012,25,1,5,34.41188
2012-09-25 06:00:00,4,0,1,1,18.04,21.97,77,15.0013,2012,25,1,6,162.00174
2012-09-25 07:00:00,4,0,1,1,18.04,21.97,77,12.998,2012,25,1,7,413.88177
2012-09-25 08:00:00,4,0,1,1,19.68,23.485,67,12.998,2012,25,1,8,642.77673
2012-09-25 09:00:00,4,0,1,1,22.14,25.76,56,16.9979,2012,25,1,9,388.41504
2012-09-25 10:00:00,4,0,1,1,22.96,26.515,52,19.9995,2012,25,1,10,251.14554
2012-09-25 11:00:00,4,0,1,1,24.6,31.06,46,19.9995,2012,25,1,11,262.63055
2012-09-25 12:00:00,4,0,1,1,25.42,31.06,43,19.0012,2012,25,1,12,324.94357
2012-09-25 13:00:00,4,0,1,1,26.24,31.06,47,16.9979,2012,25,1,13,314.57666
2012-09-25 14:00:00,4,0,1,1,27.06,31.06,39,22.0028,2012,25,1,14,324.22256
2012-09-25 15:00:00,4,0,1,1,27.06,31.06,36,22.0028,2012,25,1,15,341.42773
2012-09-25 16:00:00,4,0,1,1,27.06,31.06,39,19.9995,2012,25,1,16,491.50317
2012-09-25 17:00:00,4,0,1,1,27.06,31.06,39,19.0012,2012,25,1,17,833.4401
2012-09-25 18:00:00,4,0,1,1,26.24,31.06,41,15.0013,2012,25,1,18,804.6086
2012-09-25 19:00:00,4,0,1,1,25.42,31.06,50,16.9979,2012,25,1,19,563.43176
2012-09-25 20:00:00,4,0,1,1,24.6,31.06,56,19.9995,2012,25,1,20,420.48816
2012-09-25 21:00:00,4,0,1,1,24.6,31.06,56,19.9995,2012,25,1,21,322.51157
2012-09-25 22:00:00,4,0,1,1,24.6,31.06,56,19.0012,2012,25,1,22,253.19826
2012-09-25 23:00:00,4,0,1,1,24.6,31.06,56,22.0028,2012,25,1,23,183.63512
2012-09-26 00:00:00,4,0,1,1,23.78,27.275,64,19.9995,2012,26,2,0,72.58091
2012-09-26 01:00:00,4,0,1,1,23.78,27.275,64,22.0028,2012,26,2,1,54.942
2012-09-26 02:00:00,4,0,1,2,23.78,27.275,64,19.0012,2012,26,2,2,37.00609
2012-09-26 03:00:00,4,0,1,2,23.78,27.275,64,19.0012,2012,26,2,3,35.98288
2012-09-26 04:00:00,4,0,1,1,22.96,26.515,73,16.9979,2012,26,2,4,39.508804
2012-09-26 05:00:00,4,0,1,1,22.96,26.515,73,15.0013,2012,26,2,5,61.28778
2012-09-26 06:00:00,4,0,1,1,22.14,25.76,73,12.998,2012,26,2,6,192.60498
2012-09-26 07:00:00,4,0,1,1,22.14,25.76,77,8.9981,2012,26,2,7,447.51093
2012-09-26 08:00:00,4,0,1,1,22.96,26.515,73,19.9995,2012,26,2,8,658.139
2012-09-26 09:00:00,4,0,1,1,24.6,30.305,64,12.998,2012,26,2,9,376.08624
2012-09-26 10:00:00,4,0,1,1,24.6,29.545,73,19.0012,2012,26,2,10,248.7639
2012-09-26 11:00:00,4,0,1,1,26.24,31.06,61,16.9979,2012,26,2,11,251.41151
2012-09-26 12:00:00,4,0,1,1,27.88,31.82,61,15.0013,2012,26,2,12,317.34088
2012-09-26 13:00:00,4,0,1,1,28.7,32.575,58,15.0013,2012,26,2,13,314.96124
2012-09-26 14:00:00,4,0,1,1,30.34,33.335,48,19.0012,2012,26,2,14,296.9997
2012-09-26 15:00:00,4,0,1,1,30.34,33.335,48,19.9995,2012,26,2,15,314.2049
2012-09-26 16:00:00,4,0,1,1,30.34,33.335,45,19.0012,2012,26,2,16,462.97757
2012-09-26 17:00:00,4,0,1,1,30.34,33.335,48,19.9995,2012,26,2,17,780.59937
2012-09-26 18:00:00,4,0,1,1,30.34,33.335,48,15.0013,2012,26,2,18,778.01794
2012-09-26 19:00:00,4,0,1,1,28.7,32.575,54,11.0014,2012,26,2,19,584.83234
2012-09-26 20:00:00,4,0,1,1,27.06,31.06,69,12.998,2012,26,2,20,416.07108
2012-09-26 21:00:00,4,0,1,1,27.06,31.06,65,12.998,2012,26,2,21,321.8643
2012-09-26 22:00:00,4,0,1,3,25.42,30.305,69,12.998,2012,26,2,22,165.81721
2012-09-26 23:00:00,4,0,1,2,24.6,28.79,78,16.9979,2012,26,2,23,140.4907
2012-09-27 00:00:00,4,0,1,1,24.6,28.79,78,6.0032,2012,27,3,0,77.138435
2012-09-27 01:00:00,4,0,1,1,24.6,28.79,78,6.0032,2012,27,3,1,52.939346
2012-09-27 02:00:00,4,0,1,1,24.6,28.79,78,6.0032,2012,27,3,2,44.65274
2012-09-27 03:00:00,4,0,1,1,24.6,28.79,78,0.0,2012,27,3,3,43.090942
2012-09-27 04:00:00,4,0,1,1,22.96,26.515,94,8.9981,2012,27,3,4,39.935226
2012-09-27 05:00:00,4,0,1,1,23.78,27.275,83,0.0,2012,27,3,5,55.826614
2012-09-27 06:00:00,4,0,1,1,22.96,26.515,88,6.0032,2012,27,3,6,187.0748
2012-09-27 07:00:00,4,0,1,1,24.6,28.79,78,0.0,2012,27,3,7,460.00565
2012-09-27 08:00:00,4,0,1,1,25.42,30.305,71,6.0032,2012,27,3,8,647.22424
2012-09-27 09:00:00,4,0,1,1,27.06,31.06,65,0.0,2012,27,3,9,372.72406
2012-09-27 10:00:00,4,0,1,2,28.7,32.575,51,19.0012,2012,27,3,10,231.61276
2012-09-27 11:00:00,4,0,1,2,29.52,33.335,51,11.0014,2012,27,3,11,249.21848
2012-09-27 12:00:00,4,0,1,2,30.34,33.335,48,8.9981,2012,27,3,12,295.8645
2012-09-27 13:00:00,4,0,1,2,30.34,33.335,48,0.0,2012,27,3,13,290.69067
2012-09-27 14:00:00,4,0,1,2,31.16,34.09,45,6.0032,2012,27,3,14,281.83582
2012-09-27 15:00:00,4,0,1,2,31.16,34.09,45,0.0,2012,27,3,15,303.795
2012-09-27 16:00:00,4,0,1,2,29.52,33.335,58,22.0028,2012,27,3,16,428.7876
2012-09-27 17:00:00,4,0,1,2,27.06,31.06,69,19.9995,2012,27,3,17,701.67566
2012-09-27 18:00:00,4,0,1,2,27.06,31.06,69,15.0013,2012,27,3,18,726.4009
2012-09-27 19:00:00,4,0,1,1,27.06,31.06,65,8.9981,2012,27,3,19,560.4247
2012-09-27 20:00:00,4,0,1,2,26.24,30.305,69,15.0013,2012,27,3,20,367.85883
2012-09-27 21:00:00,4,0,1,3,25.42,28.79,83,19.9995,2012,27,3,21,152.31348
2012-09-27 22:00:00,4,0,1,3,25.42,28.79,83,19.9995,2012,27,3,22,105.41886
2012-09-27 23:00:00,4,0,1,3,25.42,28.79,83,11.0014,2012,27,3,23,59.08127
2012-09-28 00:00:00,4,0,1,3,24.6,27.275,88,11.0014,2012,28,4,0,63.65042
2012-09-28 01:00:00,4,0,1,3,24.6,27.275,88,0.0,2012,28,4,1,19.103027
2012-09-28 02:00:00,4,0,1,3,24.6,27.275,88,19.9995,2012,28,4,2,22.549408
2012-09-28 03:00:00,4,0,1,2,24.6,28.03,83,8.9981,2012,28,4,3,19.85141
2012-09-28 04:00:00,4,0,1,3,22.96,26.515,88,7.0015,2012,28,4,4,6.7066803
2012-09-28 05:00:00,4,0,1,1,22.96,26.515,88,0.0,2012,28,4,5,44.729095
2012-09-28 06:00:00,4,0,1,2,22.96,26.515,94,6.0032,2012,28,4,6,147.39229
2012-09-28 07:00:00,4,0,1,2,22.96,26.515,94,0.0,2012,28,4,7,372.28015
2012-09-28 08:00:00,4,0,1,1,24.6,28.03,83,6.0032,2012,28,4,8,620.69385
2012-09-28 09:00:00,4,0,1,2,25.42,28.79,83,7.0015,2012,28,4,9,313.9967
2012-09-28 10:00:00,4,0,1,2,26.24,29.545,78,8.9981,2012,28,4,10,247.23238
2012-09-28 11:00:00,4,0,1,2,27.06,31.06,69,0.0,2012,28,4,11,276.0425
2012-09-28 12:00:00,4,0,1,2,28.7,32.575,54,16.9979,2012,28,4,12,350.30713
2012-09-28 13:00:00,4,0,1,2,28.7,32.575,51,16.9979,2012,28,4,13,347.70856
2012-09-28 14:00:00,4,0,1,2,28.7,32.575,54,16.9979,2012,28,4,14,331.39722
2012-09-28 15:00:00,4,0,1,2,27.88,31.82,54,19.0012,2012,28,4,15,346.56543
2012-09-28 16:00:00,4,0,1,2,27.06,31.06,50,15.0013,2012,28,4,16,473.79382
2012-09-28 17:00:00,4,0,1,2,27.06,31.06,54,19.9995,2012,28,4,17,727.033
2012-09-28 18:00:00,4,0,1,2,26.24,31.06,50,15.0013,2012,28,4,18,685.66394
2012-09-28 19:00:00,4,0,1,3,25.42,31.06,50,16.9979,2012,28,4,19,427.8937
2012-09-28 20:00:00,4,0,1,3,24.6,31.06,53,11.0014,2012,28,4,20,323.07745
2012-09-28 21:00:00,4,0,1,3,24.6,31.06,53,12.998,2012,28,4,21,260.4552
2012-09-28 22:00:00,4,0,1,2,23.78,27.275,53,15.0013,2012,28,4,22,220.42114
2012-09-28 23:00:00,4,0,1,2,22.96,26.515,56,12.998,2012,28,4,23,174.07626
2012-09-29 00:00:00,4,0,0,1,22.14,25.76,60,15.0013,2012,29,5,0,161.39723
2012-09-29 01:00:00,4,0,0,1,22.14,25.76,60,15.0013,2012,29,5,1,120.7974
2012-09-29 02:00:00,4,0,0,2,22.14,25.76,56,15.0013,2012,29,5,2,87.39256
2012-09-29 03:00:00,4,0,0,2,21.32,25.0,59,12.998,2012,29,5,3,51.370758
2012-09-29 04:00:00,4,0,0,1,21.32,25.0,59,16.9979,2012,29,5,4,51.89151
2012-09-29 05:00:00,4,0,0,1,20.5,24.24,63,12.998,2012,29,5,5,48.812927
2012-09-29 06:00:00,4,0,0,1,20.5,24.24,63,16.9979,2012,29,5,6,64.877396
2012-09-29 07:00:00,4,0,0,1,19.68,23.485,67,19.0012,2012,29,5,7,160.94789
2012-09-29 08:00:00,4,0,0,1,20.5,24.24,68,19.0012,2012,29,5,8,258.8324
2012-09-29 09:00:00,4,0,0,1,20.5,24.24,63,12.998,2012,29,5,9,335.58835
2012-09-29 10:00:00,4,0,0,1,22.14,25.76,56,16.9979,2012,29,5,10,415.6943
2012-09-29 11:00:00,4,0,0,1,22.96,26.515,52,19.0012,2012,29,5,11,519.3974
2012-09-29 12:00:00,4,0,0,1,25.42,31.06,41,19.9995,2012,29,5,12,637.83545
2012-09-29 13:00:00,4,0,0,1,25.42,31.06,41,19.9995,2012,29,5,13,636.2019
2012-09-29 14:00:00,4,0,0,1,24.6,31.06,40,16.9979,2012,29,5,14,615.8639
2012-09-29 15:00:00,4,0,0,1,24.6,31.06,43,16.9979,2012,29,5,15,599.8137
2012-09-29 16:00:00,4,0,0,1,25.42,31.06,41,16.9979,2012,29,5,16,642.54596
2012-09-29 17:00:00,4,0,0,1,24.6,31.06,38,23.9994,2012,29,5,17,664.34033
2012-09-29 18:00:00,4,0,0,1,22.96,26.515,46,12.998,2012,29,5,18,516.6377
2012-09-29 19:00:00,4,0,0,1,21.32,25.0,55,11.0014,2012,29,5,19,422.71674
2012-09-29 20:00:00,4,0,0,1,21.32,25.0,55,12.998,2012,29,5,20,323.15332
2012-09-29 21:00:00,4,0,0,1,21.32,25.0,55,8.9981,2012,29,5,21,266.01263
2012-09-29 22:00:00,4,0,0,1,20.5,24.24,63,7.0015,2012,29,5,22,224.6781
2012-09-29 23:00:00,4,0,0,1,20.5,24.24,59,6.0032,2012,29,5,23,197.5923
2012-09-30 00:00:00,4,0,0,1,20.5,24.24,59,0.0,2012,30,6,0,131.83267
2012-09-30 01:00:00,4,0,0,1,20.5,24.24,59,0.0,2012,30,6,1,111.41518
2012-09-30 02:00:00,4,0,0,1,19.68,23.485,63,0.0,2012,30,6,2,72.63407
2012-09-30 03:00:00,4,0,0,1,18.86,22.725,67,6.0032,2012,30,6,3,37.714417
2012-09-30 04:00:00,4,0,0,1,18.86,22.725,67,6.0032,2012,30,6,4,14.885147
2012-09-30 05:00:00,4,0,0,1,18.04,21.97,72,0.0,2012,30,6,5,8.425613
2012-09-30 06:00:00,4,0,0,1,18.04,21.97,72,6.0032,2012,30,6,6,16.665848
2012-09-30 07:00:00,4,0,0,1,18.04,21.97,77,0.0,2012,30,6,7,117.78001
2012-09-30 08:00:00,4,0,0,1,19.68,23.485,67,7.0015,2012,30,6,8,207.99287
2012-09-30 09:00:00,4,0,0,1,21.32,25.0,63,7.0015,2012,30,6,9,289.31247
2012-09-30 10:00:00,4,0,0,1,23.78,27.275,46,11.0014,2012,30,6,10,414.07858
2012-09-30 11:00:00,4,0,0,1,24.6,31.06,43,15.0013,2012,30,6,11,547.88574
2012-09-30 12:00:00,4,0,0,1,25.42,31.06,41,19.9995,2012,30,6,12,623.0469
2012-09-30 13:00:00,4,0,0,1,25.42,31.06,41,16.9979,2012,30,6,13,621.354
2012-09-30 14:00:00,4,0,0,1,25.42,31.06,41,16.9979,2012,30,6,14,594.27875
2012-09-30 15:00:00,4,0,0,1,26.24,31.06,36,16.9979,2012,30,6,15,642.5421
2012-09-30 16:00:00,4,0,0,1,26.24,31.06,36,15.0013,2012,30,6,16,667.3639
2012-09-30 17:00:00,4,0,0,1,25.42,31.06,35,19.0012,2012,30,6,17,647.63403
2012-09-30 18:00:00,4,0,0,1,21.32,25.0,59,30.0026,2012,30,6,18,444.9889
2012-09-30 19:00:00,4,0,0,3,20.5,24.24,72,8.9981,2012,30,6,19,242.66676
2012-09-30 20:00:00,4,0,0,3,20.5,24.24,72,8.9981,2012,30,6,20,153.72398
2012-09-30 21:00:00,4,0,0,1,20.5,24.24,68,0.0,2012,30,6,21,185.93626
2012-09-30 22:00:00,4,0,0,1,19.68,23.485,72,0.0,2012,30,6,22,114.25386
2012-09-30 23:00:00,4,0,0,1,19.68,23.485,72,6.0032,2012,30,6,23,81.01887
2012-10-20 00:00:00,4,0,0,1,18.86,22.725,82,8.9981,2012,20,5,0,117.939384
2012-10-20 01:00:00,4,0,0,1,18.86,22.725,72,8.9981,2012,20,5,1,93.56746
2012-10-20 02:00:00,4,0,0,1,18.04,21.97,77,7.0015,2012,20,5,2,64.98127
2012-10-20 03:00:00,4,0,0,1,17.22,21.21,77,8.9981,2012,20,5,3,26.9832
2012-10-20 04:00:00,4,0,0,1,18.04,21.97,72,0.0,2012,20,5,4,15.166092
2012-10-20 05:00:00,4,0,0,1,16.4,20.455,82,0.0,2012,20,5,5,14.359985
2012-10-20 06:00:00,4,0,0,1,17.22,21.21,71,0.0,2012,20,5,6,25.900345
2012-10-20 07:00:00,4,0,0,1,16.4,20.455,82,0.0,2012,20,5,7,134.93816
2012-10-20 08:00:00,4,0,0,1,18.86,22.725,67,8.9981,2012,20,5,8,244.37346
2012-10-20 09:00:00,4,0,0,1,20.5,24.24,59,8.9981,2012,20,5,9,336.73132
2012-10-20 10:00:00,4,0,0,1,21.32,25.0,52,8.9981,2012,20,5,10,415.29932
2012-10-20 11:00:00,4,0,0,1,22.14,25.76,52,15.0013,2012,20,5,11,508.1771
2012-10-20 12:00:00,4,0,0,1,22.96,26.515,46,7.0015,2012,20,5,12,572.3047
2012-10-20 13:00:00,4,0,0,1,22.96,26.515,43,11.0014,2012,20,5,13,583.58606
2012-10-20 14:00:00,4,0,0,1,22.96,26.515,40,0.0,2012,20,5,14,574.0004
2012-10-20 15:00:00,4,0,0,1,22.96,26.515,43,0.0,2012,20,5,15,557.7317
2012-10-20 16:00:00,4,0,0,1,22.14,25.76,42,19.0012,2012,20,5,16,568.59546
2012-10-20 17:00:00,4,0,0,1,22.14,25.76,37,15.0013,2012,20,5,17,591.6657
2012-10-20 18:00:00,4,0,0,1,21.32,25.0,39,15.0013,2012,20,5,18,541.2738
2012-10-20 19:00:00,4,0,0,1,20.5,24.24,45,8.9981,2012,20,5,19,417.97266
2012-10-20 20:00:00,4,0,0,1,20.5,24.24,39,15.0013,2012,20,5,20,367.06067
2012-10-20 21:00:00,4,0,0,1,18.86,22.725,47,15.0013,2012,20,5,21,211.4199
2012-10-20 22:00:00,4,0,0,1,18.04,21.97,51,7.0015,2012,20,5,22,157.54683
2012-10-20 23:00:00,4,0,0,1,17.22,21.21,58,0.0,2012,20,5,23,144.83838
2012-10-21 00:00:00,4,0,0,1,18.04,21.97,54,11.0014,2012,21,6,0,105.26697
2012-10-21 01:00:00,4,0,0,1,17.22,21.21,58,15.0013,2012,21,6,1,85.43602
2012-10-21 02:00:00,4,0,0,1,16.4,20.455,62,11.0014,2012,21,6,2,64.909485
2012-10-21 03:00:00,4,0,0,1,15.58,19.695,66,6.0032,2012,21,6,3,30.551178
2012-10-21 04:00:00,4,0,0,1,14.76,17.425,71,11.0014,2012,21,6,4,6.491379
2012-10-21 05:00:00,4,0,0,1,15.58,19.695,66,6.0032,2012,21,6,5,4.6871643
2012-10-21 06:00:00,4,0,0,1,16.4,20.455,62,0.0,2012,21,6,6,14.691803
2012-10-21 07:00:00,4,0,0,1,16.4,20.455,62,0.0,2012,21,6,7,106.852615
2012-10-21 08:00:00,4,0,0,1,17.22,21.21,67,0.0,2012,21,6,8,197.0675
2012-10-21 09:00:00,4,0,0,1,18.86,22.725,55,11.0014,2012,21,6,9,271.10638
2012-10-21 10:00:00,4,0,0,1,20.5,24.24,48,19.9995,2012,21,6,10,380.42462
2012-10-21 11:00:00,4,0,0,1,21.32,25.0,44,22.0028,2012,21,6,11,507.9029
2012-10-21 12:00:00,4,0,0,1,22.14,25.76,39,22.0028,2012,21,6,12,622.0868
2012-10-21 13:00:00,4,0,0,1,22.96,26.515,37,16.9979,2012,21,6,13,630.7982
2012-10-21 14:00:00,4,0,0,1,22.96,26.515,35,12.998,2012,21,6,14,605.9136
2012-10-21 15:00:00,4,0,0,1,22.96,26.515,35,22.0028,2012,21,6,15,611.2406
2012-10-21 16:00:00,4,0,0,1,22.14,25.76,37,15.0013,2012,21,6,16,591.2691
2012-10-21 17:00:00,4,0,0,1,21.32,25.0,39,16.9979,2012,21,6,17,579.1749
2012-10-21 18:00:00,4,0,0,1,21.32,25.0,39,12.998,2012,21,6,18,529.1206
2012-10-21 19:00:00,4,0,0,1,20.5,24.24,42,11.0014,2012,21,6,19,375.15335
2012-10-21 20:00:00,4,0,0,1,19.68,23.485,44,12.998,2012,21,6,20,232.02704
2012-10-21 21:00:00,4,0,0,1,17.22,21.21,54,11.0014,2012,21,6,21,129.29715
2012-10-21 22:00:00,4,0,0,1,17.22,21.21,54,0.0,2012,21,6,22,99.036964
2012-10-21 23:00:00,4,0,0,1,18.04,21.97,54,0.0,2012,21,6,23,68.41267
2012-10-22 00:00:00,4,0,1,1,16.4,20.455,62,0.0,2012,22,0,0,21.28601
2012-10-22 01:00:00,4,0,1,1,16.4,20.455,71,0.0,2012,22,0,1,14.166733
2012-10-22 02:00:00,4,0,1,1,15.58,19.695,71,0.0,2012,22,0,2,7.326065
2012-10-22 03:00:00,4,0,1,1,16.4,20.455,62,0.0,2012,22,0,3,2.1121674
2012-10-22 04:00:00,4,0,1,1,15.58,19.695,66,0.0,2012,22,0,4,5.6348114
2012-10-22 05:00:00,4,0,1,1,15.58,19.695,76,6.0032,2012,22,0,5,32.40425
2012-10-22 06:00:00,4,0,1,1,14.76,18.18,76,6.0032,2012,22,0,6,145.67766
2012-10-22 07:00:00,4,0,1,1,15.58,19.695,66,6.0032,2012,22,0,7,393.5409
2012-10-22 08:00:00,4,0,1,1,18.04,21.97,67,0.0,2012,22,0,8,622.97473
2012-10-22 09:00:00,4,0,1,1,18.86,22.725,63,6.0032,2012,22,0,9,357.64688
2012-10-22 10:00:00,4,0,1,1,20.5,24.24,55,0.0,2012,22,0,10,231.39026
2012-10-22 11:00:00,4,0,1,1,22.96,26.515,37,11.0014,2012,22,0,11,276.76456
2012-10-22 12:00:00,4,0,1,1,23.78,27.275,35,0.0,2012,22,0,12,309.00577
2012-10-22 13:00:00,4,0,1,1,25.42,31.06,29,11.0014,2012,22,0,13,335.87393
2012-10-22 14:00:00,4,0,1,1,25.42,30.305,27,12.998,2012,22,0,14,321.6203
2012-10-22 15:00:00,4,0,1,1,26.24,31.06,29,11.0014,2012,22,0,15,336.54688
2012-10-22 16:00:00,4,0,1,1,25.42,31.06,33,11.0014,2012,22,0,16,497.47037
2012-10-22 17:00:00,4,0,1,1,25.42,31.06,33,7.0015,2012,22,0,17,840.0449
2012-10-22 18:00:00,4,0,1,1,22.14,25.76,64,7.0015,2012,22,0,18,709.7034
2012-10-22 19:00:00,4,0,1,1,21.32,25.0,52,7.0015,2012,22,0,19,506.32242
2012-10-22 20:00:00,4,0,1,1,20.5,24.24,59,7.0015,2012,22,0,20,364.70148
2012-10-22 21:00:00,4,0,1,1,19.68,23.485,67,6.0032,2012,22,0,21,238.88766
2012-10-22 22:00:00,4,0,1,1,18.86,22.725,82,8.9981,2012,22,0,22,164.05507
2012-10-22 23:00:00,4,0,1,1,18.86,22.725,82,7.0015,2012,22,0,23,106.06014
2012-10-23 00:00:00,4,0,1,1,18.86,22.725,88,11.0014,2012,23,1,0,44.994247
2012-10-23 01:00:00,4,0,1,1,18.86,22.725,77,11.0014,2012,23,1,1,30.93811
2012-10-23 02:00:00,4,0,1,1,18.04,21.97,88,8.9981,2012,23,1,2,12.745407
2012-10-23 03:00:00,4,0,1,1,18.04,21.97,77,8.9981,2012,23,1,3,13.717041
2012-10-23 04:00:00,4,0,1,1,17.22,21.21,77,7.0015,2012,23,1,4,13.361328
2012-10-23 05:00:00,4,0,1,1,18.04,21.97,77,6.0032,2012,23,1,5,34.857147
2012-10-23 06:00:00,4,0,1,1,16.4,20.455,82,6.0032,2012,23,1,6,155.71744
2012-10-23 07:00:00,4,0,1,2,18.04,21.97,77,7.0015,2012,23,1,7,410.5036
2012-10-23 08:00:00,4,0,1,2,18.86,22.725,72,6.0032,2012,23,1,8,625.5728
2012-10-23 09:00:00,4,0,1,2,20.5,24.24,72,7.0015,2012,23,1,9,372.9076
2012-10-23 10:00:00,4,0,1,1,22.14,25.76,60,0.0,2012,23,1,10,242.74954
2012-10-23 11:00:00,4,0,1,1,24.6,31.06,53,0.0,2012,23,1,11,242.05115
2012-10-23 12:00:00,4,0,1,2,25.42,31.06,46,6.0032,2012,23,1,12,293.82382
2012-10-23 13:00:00,4,0,1,2,26.24,31.06,44,0.0,2012,23,1,13,284.19748
2012-10-23 14:00:00,4,0,1,1,27.88,31.82,41,11.0014,2012,23,1,14,324.9391
2012-10-23 15:00:00,4,0,1,1,27.88,31.82,41,15.0013,2012,23,1,15,345.64398
2012-10-23 16:00:00,4,0,1,1,27.88,31.82,44,6.0032,2012,23,1,16,479.00052
2012-10-23 17:00:00,4,0,1,1,27.88,31.82,41,0.0,2012,23,1,17,839.0964
2012-10-23 18:00:00,4,0,1,1,25.42,31.06,53,6.0032,2012,23,1,18,786.12866
2012-10-23 19:00:00,4,0,1,1,25.42,31.06,57,6.0032,2012,23,1,19,571.5829
2012-10-23 20:00:00,4,0,1,1,23.78,27.275,64,8.9981,2012,23,1,20,411.48795
2012-10-23 21:00:00,4,0,1,1,22.96,26.515,68,0.0,2012,23,1,21,295.24542
2012-10-23 22:00:00,4,0,1,1,22.96,26.515,68,7.0015,2012,23,1,22,232.98727
2012-10-23 23:00:00,4,0,1,1,22.14,25.76,73,7.0015,2012,23,1,23,156.73178
2012-10-24 00:00:00,4,0,1,1,22.14,25.76,73,6.0032,2012,24,2,0,66.91124
2012-10-24 01:00:00,4,0,1,1,22.14,25.76,68,0.0,2012,24,2,1,40.556473
2012-10-24 02:00:00,4,0,1,1,22.14,25.76,68,0.0,2012,24,2,2,32.26985
2012-10-24 03:00:00,4,0,1,1,20.5,24.24,77,6.0032,2012,24,2,3,39.97429
2012-10-24 04:00:00,4,0,1,1,20.5,24.24,77,6.0032,2012,24,2,4,39.97429
2012-10-24 05:00:00,4,0,1,1,20.5,24.24,82,0.0,2012,24,2,5,54.876877
2012-10-24 06:00:00,4,0,1,1,19.68,23.485,82,7.0015,2012,24,2,6,179.3117
2012-10-24 07:00:00,4,0,1,1,20.5,24.24,88,6.0032,2012,24,2,7,440.8413
2012-10-24 08:00:00,4,0,1,2,21.32,25.0,83,7.0015,2012,24,2,8,639.7783
2012-10-24 09:00:00,4,0,1,2,21.32,25.0,77,6.0032,2012,24,2,9,367.24316
2012-10-24 10:00:00,4,0,1,2,22.14,25.76,73,0.0,2012,24,2,10,232.0086
2012-10-24 11:00:00,4,0,1,1,23.78,27.275,64,0.0,2012,24,2,11,256.7926
2012-10-24 12:00:00,4,0,1,1,25.42,30.305,61,6.0032,2012,24,2,12,318.26712
2012-10-24 13:00:00,4,0,1,1,27.06,31.06,54,0.0,2012,24,2,13,316.53284
2012-10-24 14:00:00,4,0,1,1,30.34,32.575,30,16.9979,2012,24,2,14,336.12384
2012-10-24 15:00:00,4,0,1,1,28.7,31.82,39,7.0015,2012,24,2,15,358.3449
2012-10-24 16:00:00,4,0,1,1,30.34,32.575,33,8.9981,2012,24,2,16,499.34415
2012-10-24 17:00:00,4,0,1,1,27.06,31.06,47,0.0,2012,24,2,17,788.8438
2012-10-24 18:00:00,4,0,1,1,27.06,31.06,44,0.0,2012,24,2,18,795.0091
2012-10-24 19:00:00,4,0,1,2,26.24,31.06,53,6.0032,2012,24,2,19,537.76904
2012-10-24 20:00:00,4,0,1,2,25.42,30.305,61,6.0032,2012,24,2,20,381.15424
2012-10-24 21:00:00,4,0,1,2,25.42,30.305,61,7.0015,2012,24,2,21,293.156
2012-10-24 22:00:00,4,0,1,2,24.6,30.305,64,8.9981,2012,24,2,22,233.29291
2012-10-24 23:00:00,4,0,1,2,23.78,27.275,68,6.0032,2012,24,2,23,142.26703
2012-10-25 00:00:00,4,0,1,2,24.6,30.305,64,7.0015,2012,25,3,0,69.20007
2012-10-25 01:00:00,4,0,1,1,23.78,27.275,68,0.0,2012,25,3,1,51.36194
2012-10-25 02:00:00,4,0,1,1,22.14,25.76,77,0.0,2012,25,3,2,43.112015
2012-10-25 03:00:00,4,0,1,2,21.32,25.0,88,8.9981,2012,25,3,3,28.163681
2012-10-25 04:00:00,4,0,1,2,21.32,25.0,88,7.0015,2012,25,3,4,21.638504
2012-10-25 05:00:00,4,0,1,2,21.32,25.0,88,11.0014,2012,25,3,5,49.94258
2012-10-25 06:00:00,4,0,1,2,21.32,25.0,88,12.998,2012,25,3,6,178.59613
2012-10-25 07:00:00,4,0,1,2,21.32,25.0,88,12.998,2012,25,3,7,433.55417
2012-10-25 08:00:00,4,0,1,2,21.32,25.0,83,11.0014,2012,25,3,8,650.73694
2012-10-25 09:00:00,4,0,1,2,21.32,25.0,83,12.998,2012,25,3,9,352.35974
2012-10-25 10:00:00,4,0,1,2,22.14,25.76,83,8.9981,2012,25,3,10,222.76224
2012-10-25 11:00:00,4,0,1,2,22.14,25.76,83,7.0015,2012,25,3,11,224.46066
2012-10-25 12:00:00,4,0,1,2,22.96,26.515,78,7.0015,2012,25,3,12,266.9187
2012-10-25 13:00:00,4,0,1,2,22.96,26.515,78,0.0,2012,25,3,13,260.36957
2012-10-25 14:00:00,4,0,1,1,24.6,29.545,73,8.9981,2012,25,3,14,307.1537
2012-10-25 15:00:00,4,0,1,1,25.42,30.305,65,8.9981,2012,25,3,15,317.70486
2012-10-25 16:00:00,4,0,1,1,24.6,29.545,69,11.0014,2012,25,3,16,467.15204
2012-10-25 17:00:00,4,0,1,1,24.6,29.545,69,11.0014,2012,25,3,17,753.2226
2012-10-25 18:00:00,4,0,1,1,22.96,26.515,83,7.0015,2012,25,3,18,648.9402
2012-10-25 19:00:00,4,0,1,1,22.14,25.76,83,12.998,2012,25,3,19,471.10147
2012-10-25 20:00:00,4,0,1,2,21.32,25.0,88,8.9981,2012,25,3,20,298.85303
2012-10-25 21:00:00,4,0,1,2,21.32,25.0,88,8.9981,2012,25,3,21,243.5721
2012-10-25 22:00:00,4,0,1,2,22.14,25.76,83,6.0032,2012,25,3,22,187.47667
2012-10-25 23:00:00,4,0,1,2,22.14,25.76,83,8.9981,2012,25,3,23,136.81664
2012-10-26 00:00:00,4,0,1,2,22.14,25.76,77,0.0,2012,26,4,0,84.76051
2012-10-26 01:00:00,4,0,1,2,21.32,25.0,88,6.0032,2012,26,4,1,34.921722
2012-10-26 02:00:00,4,0,1,2,21.32,25.0,88,7.0015,2012,26,4,2,25.635254
2012-10-26 03:00:00,4,0,1,2,21.32,25.0,88,11.0014,2012,26,4,3,18.48639
2012-10-26 04:00:00,4,0,1,2,21.32,25.0,88,11.0014,2012,26,4,4,17.096497
2012-10-26 05:00:00,4,0,1,2,21.32,25.0,88,7.0015,2012,26,4,5,33.867065
2012-10-26 06:00:00,4,0,1,2,21.32,25.0,88,6.0032,2012,26,4,6,153.52373
2012-10-26 07:00:00,4,0,1,2,21.32,25.0,88,7.0015,2012,26,4,7,383.0667
2012-10-26 08:00:00,4,0,1,2,22.14,25.76,88,8.9981,2012,26,4,8,592.4564
2012-10-26 09:00:00,4,0,1,2,22.14,25.76,88,8.9981,2012,26,4,9,334.2401
2012-10-26 10:00:00,4,0,1,2,22.14,25.76,88,7.0015,2012,26,4,10,245.67683
2012-10-26 11:00:00,4,0,1,2,22.96,26.515,78,11.0014,2012,26,4,11,274.36816
2012-10-26 12:00:00,4,0,1,2,23.78,27.275,73,12.998,2012,26,4,12,325.6562
2012-10-26 13:00:00,4,0,1,2,23.78,27.275,68,8.9981,2012,26,4,13,327.59308
2012-10-26 14:00:00,4,0,1,2,24.6,30.305,64,8.9981,2012,26,4,14,323.65442
2012-10-26 15:00:00,4,0,1,2,25.42,30.305,61,7.0015,2012,26,4,15,341.58725
2012-10-26 16:00:00,4,0,1,2,23.78,27.275,73,11.0014,2012,26,4,16,417.2165
2012-10-26 17:00:00,4,0,1,2,22.96,26.515,76,12.998,2012,26,4,17,659.3899
2012-10-26 18:00:00,4,0,1,2,22.96,26.515,78,8.9981,2012,26,4,18,610.8235
2012-10-26 19:00:00,4,0,1,2,22.14,25.76,83,11.0014,2012,26,4,19,393.4259
2012-10-26 20:00:00,4,0,1,2,22.14,25.76,83,11.0014,2012,26,4,20,264.86414
2012-10-26 21:00:00,4,0,1,2,22.14,25.76,77,8.9981,2012,26,4,21,236.25061
2012-10-26 22:00:00,4,0,1,2,21.32,25.0,83,8.9981,2012,26,4,22,177.94695
2012-10-26 23:00:00,4,0,1,1,21.32,25.0,83,11.0014,2012,26,4,23,177.12651
2012-10-27 00:00:00,4,0,0,1,20.5,24.24,88,8.9981,2012,27,5,0,125.39613
2012-10-27 01:00:00,4,0,0,2,20.5,24.24,88,8.9981,2012,27,5,1,89.78422
2012-10-27 02:00:00,4,0,0,2,20.5,24.24,88,12.998,2012,27,5,2,64.80198
2012-10-27 03:00:00,4,0,0,1,20.5,24.24,88,11.0014,2012,27,5,3,41.711014
2012-10-27 04:00:00,4,0,0,2,20.5,24.24,88,11.0014,2012,27,5,4,19.808502
2012-10-27 05:00:00,4,0,0,2,20.5,24.24,82,12.998,2012,27,5,5,30.149078
2012-10-27 06:00:00,4,0,0,2,20.5,24.24,82,12.998,2012,27,5,6,42.973083
2012-10-27 07:00:00,4,0,0,1,19.68,23.485,83,12.998,2012,27,5,7,151.15742
2012-10-27 08:00:00,4,0,0,1,20.5,24.24,77,16.9979,2012,27,5,8,257.85687
2012-10-27 09:00:00,4,0,0,1,20.5,24.24,77,16.9979,2012,27,5,9,325.86108
2012-10-27 10:00:00,4,0,0,1,22.14,25.76,73,19.0012,2012,27,5,10,401.149
2012-10-27 11:00:00,4,0,0,1,22.96,26.515,64,19.0012,2012,27,5,11,514.64734
2012-10-27 12:00:00,4,0,0,1,24.6,31.06,53,16.9979,2012,27,5,12,598.90234
2012-10-27 13:00:00,4,0,0,1,24.6,31.06,43,16.9979,2012,27,5,13,614.7942
2012-10-27 14:00:00,4,0,0,1,24.6,31.06,46,16.9979,2012,27,5,14,584.27795
2012-10-27 15:00:00,4,0,0,2,22.96,26.515,60,19.0012,2012,27,5,15,504.89047
2012-10-27 16:00:00,4,0,0,2,22.96,26.515,64,19.0012,2012,27,5,16,538.42523
2012-10-27 17:00:00,4,0,0,2,22.96,26.515,64,19.0012,2012,27,5,17,522.1078
2012-10-27 18:00:00,4,0,0,2,22.96,26.515,64,19.0012,2012,27,5,18,487.15408
2012-10-27 19:00:00,4,0,0,2,21.32,25.0,72,15.0013,2012,27,5,19,388.88043
2012-10-27 20:00:00,4,0,0,2,21.32,25.0,72,15.0013,2012,27,5,20,283.32507
2012-10-27 21:00:00,4,0,0,2,21.32,25.0,72,15.0013,2012,27,5,21,233.83173
2012-10-27 22:00:00,4,0,0,2,21.32,25.0,72,16.9979,2012,27,5,22,200.33463
2012-10-27 23:00:00,4,0,0,2,21.32,25.0,68,26.0027,2012,27,5,23,158.24698
2012-10-28 00:00:00,4,0,0,3,21.32,25.0,68,19.9995,2012,28,6,0,110.61922
2012-10-28 01:00:00,4,0,0,2,20.5,24.24,72,19.0012,2012,28,6,1,106.64795
2012-10-28 02:00:00,4,0,0,2,20.5,24.24,68,19.9995,2012,28,6,2,86.86254
2012-10-28 03:00:00,4,0,0,2,20.5,24.24,63,22.0028,2012,28,6,3,41.846436
2012-10-28 04:00:00,4,0,0,2,20.5,24.24,63,23.9994,2012,28,6,4,22.950348
2012-10-28 05:00:00,4,0,0,2,20.5,24.24,63,19.9995,2012,28,6,5,32.517
2012-10-28 06:00:00,4,0,0,2,20.5,24.24,59,22.0028,2012,28,6,6,31.29924
2012-10-28 07:00:00,4,0,0,2,20.5,24.24,59,19.9995,2012,28,6,7,140.0802
2012-10-28 08:00:00,4,0,0,2,20.5,24.24,59,36.9974,2012,28,6,8,221.53136
2012-10-28 09:00:00,4,0,0,2,20.5,24.24,55,27.9993,2012,28,6,9,263.55753
2012-10-28 10:00:00,4,0,0,2,19.68,23.485,51,27.9993,2012,28,6,10,326.15448
2012-10-28 11:00:00,4,0,0,2,20.5,24.24,51,26.0027,2012,28,6,11,426.1029
2012-10-28 12:00:00,4,0,0,2,19.68,23.485,59,32.9975,2012,28,6,12,448.34058
2012-10-28 13:00:00,4,0,0,2,19.68,23.485,59,27.9993,2012,28,6,13,443.2045
2012-10-28 14:00:00,4,0,0,2,20.5,24.24,59,30.0026,2012,28,6,14,437.78003
2012-10-28 15:00:00,4,0,0,2,20.5,24.24,63,32.9975,2012,28,6,15,448.65826
2012-10-28 16:00:00,4,0,0,3,19.68,23.485,67,31.0009,2012,28,6,16,316.5852
2012-10-28 17:00:00,4,0,0,3,18.86,22.725,77,35.0008,2012,28,6,17,279.53586
2012-10-28 18:00:00,4,0,0,3,17.22,21.21,94,32.9975,2012,28,6,18,198.28421
2012-10-28 19:00:00,4,0,0,3,17.22,21.21,94,23.9994,2012,28,6,19,117.51555
2012-10-28 20:00:00,4,0,0,3,17.22,21.21,94,31.0009,2012,28,6,20,58.98851
2012-10-28 21:00:00,4,0,0,3,18.04,21.97,88,27.9993,2012,28,6,21,44.881516
2012-10-28 22:00:00,4,0,0,3,18.04,21.97,88,23.9994,2012,28,6,22,21.48204
2012-10-28 23:00:00,4,0,0,3,17.22,21.21,94,23.9994,2012,28,6,23,9.8593445
2012-10-29 00:00:00,4,0,1,3,18.04,21.97,88,23.9994,2012,29,0,0,16.335617
2012-10-30 13:00:00,4,0,1,3,12.3,13.635,81,23.9994,2012,30,1,13,93.70685
2012-10-30 14:00:00,4,0,1,3,12.3,13.635,81,23.9994,2012,30,1,14,76.37628
2012-10-30 15:00:00,4,0,1,3,12.3,14.395,87,16.9979,2012,30,1,15,118.20034
2012-10-30 16:00:00,4,0,1,3,12.3,14.395,87,16.9979,2012,30,1,16,174.14816
2012-10-30 17:00:00,4,0,1,3,12.3,14.395,87,15.0013,2012,30,1,17,340.23096
2012-10-30 18:00:00,4,0,1,3,12.3,15.15,87,8.9981,2012,30,1,18,351.8014
2012-10-30 19:00:00,4,0,1,2,20.5,24.24,68,12.998,2012,30,1,19,468.55508
2012-10-30 20:00:00,4,0,1,2,12.3,14.395,81,12.998,2012,30,1,20,225.3341
2012-10-30 21:00:00,4,0,1,2,12.3,15.91,87,7.0015,2012,30,1,21,167.21683
2012-10-30 22:00:00,4,0,1,1,12.3,15.15,81,8.9981,2012,30,1,22,134.49196
2012-10-30 23:00:00,4,0,1,1,12.3,15.15,81,8.9981,2012,30,1,23,97.11941
2012-10-31 00:00:00,4,0,1,2,12.3,15.91,81,7.0015,2012,31,2,0,26.92102
2012-10-31 01:00:00,4,0,1,2,12.3,15.91,81,6.0032,2012,31,2,1,18.059128
2012-10-31 02:00:00,4,0,1,2,12.3,15.15,81,8.9981,2012,31,2,2,11.235458
2012-10-31 03:00:00,4,0,1,2,12.3,15.91,81,7.0015,2012,31,2,3,10.132721
2012-10-31 04:00:00,4,0,1,2,12.3,14.395,87,12.998,2012,31,2,4,5.738205
2012-10-31 05:00:00,4,0,1,2,12.3,15.15,81,8.9981,2012,31,2,5,30.258194
2012-10-31 06:00:00,4,0,1,1,12.3,15.15,81,11.0014,2012,31,2,6,142.63666
2012-10-31 07:00:00,4,0,1,2,12.3,15.15,87,8.9981,2012,31,2,7,379.51883
2012-10-31 08:00:00,4,0,1,1,13.12,16.665,81,8.9981,2012,31,2,8,629.41125
2012-10-31 09:00:00,4,0,1,1,13.94,16.665,76,8.9981,2012,31,2,9,332.18494
2012-10-31 10:00:00,4,0,1,1,14.76,16.665,71,19.0012,2012,31,2,10,213.69942
2012-10-31 11:00:00,4,0,1,2,14.76,17.425,66,15.0013,2012,31,2,11,215.7142
2012-10-31 12:00:00,4,0,1,1,16.4,20.455,58,12.998,2012,31,2,12,269.47403
2012-10-31 13:00:00,4,0,1,1,17.22,21.21,50,15.0013,2012,31,2,13,274.2859
2012-10-31 14:00:00,4,0,1,2,17.22,21.21,50,15.0013,2012,31,2,14,234.80705
2012-10-31 15:00:00,4,0,1,1,17.22,21.21,54,11.0014,2012,31,2,15,280.20206
2012-10-31 16:00:00,4,0,1,2,17.22,21.21,54,15.0013,2012,31,2,16,336.22955
2012-10-31 17:00:00,4,0,1,2,16.4,20.455,58,11.0014,2012,31,2,17,558.17926
2012-10-31 18:00:00,4,0,1,2,16.4,20.455,58,11.0014,2012,31,2,18,548.9147
2012-10-31 19:00:00,4,0,1,2,16.4,20.455,50,12.998,2012,31,2,19,355.3264
2012-10-31 20:00:00,4,0,1,2,16.4,20.455,50,12.998,2012,31,2,20,265.44708
2012-10-31 21:00:00,4,0,1,2,16.4,20.455,50,12.998,2012,31,2,21,189.21338
2012-10-31 22:00:00,4,0,1,1,14.76,17.425,57,8.9981,2012,31,2,22,151.6261
2012-10-31 23:00:00,4,0,1,1,14.76,18.18,57,6.0032,2012,31,2,23,102.52801
2012-11-20 00:00:00,4,0,1,1,13.12,16.665,70,8.9981,2012,20,1,0,27.0858
2012-11-20 01:00:00,4,0,1,1,13.94,17.425,66,7.0015,2012,20,1,1,19.221481
2012-11-20 02:00:00,4,0,1,2,13.12,16.665,76,6.0032,2012,20,1,2,10.023987
2012-11-20 03:00:00,4,0,1,2,13.94,17.425,71,7.0015,2012,20,1,3,9.981461
2012-11-20 04:00:00,4,0,1,2,13.94,16.665,66,12.998,2012,20,1,4,10.683807
2012-11-20 05:00:00,4,0,1,2,13.94,16.665,66,8.9981,2012,20,1,5,30.73471
2012-11-20 06:00:00,4,0,1,2,13.94,16.665,71,11.0014,2012,20,1,6,142.58176
2012-11-20 07:00:00,4,0,1,1,13.12,16.665,76,6.0032,2012,20,1,7,382.02222
2012-11-20 08:00:00,4,0,1,1,13.94,16.665,71,8.9981,2012,20,1,8,629.2705
2012-11-20 09:00:00,4,0,1,2,14.76,18.94,71,0.0,2012,20,1,9,315.7409
2012-11-20 10:00:00,4,0,1,2,16.4,20.455,66,6.0032,2012,20,1,10,208.77174
2012-11-20 11:00:00,4,0,1,2,17.22,21.21,67,6.0032,2012,20,1,11,225.89554
2012-11-20 12:00:00,4,0,1,2,17.22,21.21,67,0.0,2012,20,1,12,249.33813
2012-11-20 13:00:00,4,0,1,2,18.04,21.97,58,0.0,2012,20,1,13,237.08508
2012-11-20 14:00:00,4,0,1,2,18.04,21.97,58,7.0015,2012,20,1,14,233.01907
2012-11-20 15:00:00,4,0,1,2,18.86,22.725,55,7.0015,2012,20,1,15,267.0416
2012-11-20 16:00:00,4,0,1,2,17.22,21.21,62,6.0032,2012,20,1,16,333.61224
2012-11-20 17:00:00,4,0,1,2,16.4,20.455,71,11.0014,2012,20,1,17,542.7714
2012-11-20 18:00:00,4,0,1,2,16.4,20.455,66,6.0032,2012,20,1,18,543.35065
2012-11-20 19:00:00,4,0,1,2,16.4,20.455,71,0.0,2012,20,1,19,348.4405
2012-11-20 20:00:00,4,0,1,2,15.58,19.695,76,0.0,2012,20,1,20,250.87683
2012-11-20 21:00:00,4,0,1,1,14.76,18.94,71,0.0,2012,20,1,21,194.22458
2012-11-20 22:00:00,4,0,1,1,14.76,18.94,71,0.0,2012,20,1,22,139.58722
2012-11-20 23:00:00,4,0,1,1,13.12,16.665,81,7.0015,2012,20,1,23,94.88138
2012-11-21 00:00:00,4,0,1,1,13.94,18.18,81,0.0,2012,21,2,0,27.804672
2012-11-21 01:00:00,4,0,1,1,13.12,16.665,81,7.0015,2012,21,2,1,19.437958
2012-11-21 02:00:00,4,0,1,1,11.48,14.395,87,7.0015,2012,21,2,2,14.423309
2012-11-21 03:00:00,4,0,1,1,11.48,14.395,87,7.0015,2012,21,2,3,13.231033
2012-11-21 04:00:00,4,0,1,1,11.48,14.395,87,7.0015,2012,21,2,4,13.231033
2012-11-21 05:00:00,4,0,1,1,11.48,14.395,87,7.0015,2012,21,2,5,33.683228
2012-11-21 06:00:00,4,0,1,1,11.48,15.15,87,6.0032,2012,21,2,6,144.79431
2012-11-21 07:00:00,4,0,1,1,10.66,14.395,87,6.0032,2012,21,2,7,379.61926
2012-11-21 08:00:00,4,0,1,2,11.48,15.15,81,6.0032,2012,21,2,8,606.16077
2012-11-21 09:00:00,4,0,1,1,13.12,16.665,76,6.0032,2012,21,2,9,330.78253
2012-11-21 10:00:00,4,0,1,1,14.76,18.94,62,0.0,2012,21,2,10,203.03505
2012-11-21 11:00:00,4,0,1,1,16.4,20.455,50,12.998,2012,21,2,11,228.75531
2012-11-21 12:00:00,4,0,1,1,18.04,21.97,41,12.998,2012,21,2,12,274.14996
2012-11-21 13:00:00,4,0,1,1,18.04,21.97,35,15.0013,2012,21,2,13,279.1374
2012-11-21 14:00:00,4,0,1,1,18.86,22.725,33,12.998,2012,21,2,14,299.29102
2012-11-21 15:00:00,4,0,1,1,18.86,22.725,36,6.0032,2012,21,2,15,314.3709
2012-11-21 16:00:00,4,0,1,1,18.04,21.97,33,8.9981,2012,21,2,16,359.77094
2012-11-21 17:00:00,4,0,1,1,16.4,20.455,40,11.0014,2012,21,2,17,591.8544
2012-11-21 18:00:00,4,0,1,1,17.22,21.21,38,7.0015,2012,21,2,18,639.68176
2012-11-21 19:00:00,4,0,1,1,15.58,19.695,43,12.998,2012,21,2,19,380.74042
2012-11-21 20:00:00,4,0,1,1,13.94,17.425,61,7.0015,2012,21,2,20,276.0395
2012-11-21 21:00:00,4,0,1,1,14.76,18.94,50,0.0,2012,21,2,21,189.98663
2012-11-21 22:00:00,4,0,1,1,13.94,18.18,49,0.0,2012,21,2,22,131.9679
2012-11-21 23:00:00,4,0,1,1,13.12,17.425,61,0.0,2012,21,2,23,92.0995
2012-11-22 00:00:00,4,1,0,1,13.12,16.665,66,6.0032,2012,22,3,0,45.575714
2012-11-22 01:00:00,4,1,0,1,11.48,15.15,65,6.0032,2012,22,3,1,35.870407
2012-11-22 02:00:00,4,1,0,1,9.84,12.88,75,6.0032,2012,22,3,2,25.90332
2012-11-22 03:00:00,4,1,0,1,9.84,12.88,75,7.0015,2012,22,3,3,15.596161
2012-11-22 04:00:00,4,1,0,1,9.02,11.365,80,8.9981,2012,22,3,4,20.185623
2012-11-22 05:00:00,4,1,0,1,9.84,12.88,75,7.0015,2012,22,3,5,24.318863
2012-11-22 06:00:00,4,1,0,1,10.66,13.635,70,7.0015,2012,22,3,6,54.78647
2012-11-22 07:00:00,4,1,0,1,9.02,11.365,75,8.9981,2012,22,3,7,176.47707
2012-11-22 08:00:00,4,1,0,1,9.84,12.12,75,8.9981,2012,22,3,8,361.59302
2012-11-22 09:00:00,4,1,0,1,12.3,16.665,65,0.0,2012,22,3,9,280.45157
2012-11-22 10:00:00,4,1,0,1,14.76,18.18,57,7.0015,2012,22,3,10,291.11945
2012-11-22 11:00:00,4,1,0,1,17.22,21.21,41,6.0032,2012,22,3,11,333.75278
2012-11-22 12:00:00,4,1,0,1,18.04,21.97,35,0.0,2012,22,3,12,378.97064
2012-11-22 13:00:00,4,1,0,1,18.86,22.725,31,0.0,2012,22,3,13,403.01334
2012-11-22 14:00:00,4,1,0,1,19.68,23.485,29,0.0,2012,22,3,14,391.54993
2012-11-22 15:00:00,4,1,0,1,19.68,23.485,29,0.0,2012,22,3,15,399.4232
2012-11-22 16:00:00,4,1,0,1,18.86,22.725,33,0.0,2012,22,3,16,438.29672
2012-11-22 17:00:00,4,1,0,1,18.04,21.97,35,0.0,2012,22,3,17,512.5968
2012-11-22 18:00:00,4,1,0,1,16.4,20.455,43,0.0,2012,22,3,18,425.77786
2012-11-22 19:00:00,4,1,0,1,14.76,18.94,76,0.0,2012,22,3,19,334.17004
2012-11-22 20:00:00,4,1,0,1,13.94,18.18,71,0.0,2012,22,3,20,265.06363
2012-11-22 21:00:00,4,1,0,1,13.94,17.425,61,6.0032,2012,22,3,21,199.58823
2012-11-22 22:00:00,4,1,0,1,13.12,17.425,61,0.0,2012,22,3,22,143.42587
2012-11-22 23:00:00,4,1,0,1,12.3,16.665,70,0.0,2012,22,3,23,106.04046
2012-11-23 00:00:00,4,0,1,1,11.48,15.91,65,0.0,2012,23,4,0,56.573837
2012-11-23 01:00:00,4,0,1,1,11.48,15.15,81,6.0032,2012,23,4,1,29.91275
2012-11-23 02:00:00,4,0,1,1,10.66,14.395,75,6.0032,2012,23,4,2,20.255997
2012-11-23 03:00:00,4,0,1,1,10.66,15.15,70,0.0,2012,23,4,3,12.463608
2012-11-23 04:00:00,4,0,1,1,9.84,12.88,75,7.0015,2012,23,4,4,10.642181
2012-11-23 05:00:00,4,0,1,1,9.84,14.395,81,0.0,2012,23,4,5,29.588013
2012-11-23 06:00:00,4,0,1,1,9.84,14.395,81,0.0,2012,23,4,6,132.27899
2012-11-23 07:00:00,4,0,1,1,9.84,14.395,81,0.0,2012,23,4,7,343.93304
2012-11-23 08:00:00,4,0,1,1,9.84,12.88,87,6.0032,2012,23,4,8,578.5808
2012-11-23 09:00:00,4,0,1,1,11.48,14.395,75,7.0015,2012,23,4,9,313.79553
2012-11-23 10:00:00,4,0,1,1,13.94,16.665,61,11.0014,2012,23,4,10,250.28816
2012-11-23 11:00:00,4,0,1,1,16.4,20.455,50,12.998,2012,23,4,11,266.86572
2012-11-23 12:00:00,4,0,1,1,18.04,21.97,38,16.9979,2012,23,4,12,328.60687
2012-11-23 13:00:00,4,0,1,1,18.86,22.725,38,19.0012,2012,23,4,13,363.12134
2012-11-23 14:00:00,4,0,1,1,20.5,24.24,36,16.9979,2012,23,4,14,397.048
2012-11-23 15:00:00,4,0,1,1,19.68,23.485,41,16.9979,2012,23,4,15,377.34753
2012-11-23 16:00:00,4,0,1,2,19.68,23.485,41,7.0015,2012,23,4,16,411.29053
2012-11-23 17:00:00,4,0,1,2,19.68,23.485,39,6.0032,2012,23,4,17,656.8965
2012-11-23 18:00:00,4,0,1,2,18.86,22.725,44,0.0,2012,23,4,18,575.65857
2012-11-23 19:00:00,4,0,1,2,18.86,22.725,47,11.0014,2012,23,4,19,390.61414
2012-11-23 20:00:00,4,0,1,1,18.86,22.725,41,6.0032,2012,23,4,20,313.85358
2012-11-23 21:00:00,4,0,1,1,18.86,22.725,47,16.9979,2012,23,4,21,227.38782
2012-11-23 22:00:00,4,0,1,1,18.04,21.97,33,35.0008,2012,23,4,22,171.85442
2012-11-23 23:00:00,4,0,1,1,17.22,21.21,38,30.0026,2012,23,4,23,143.95883
2012-11-24 00:00:00,4,0,0,1,16.4,20.455,37,27.9993,2012,24,5,0,150.6775
2012-11-24 01:00:00,4,0,0,1,13.94,14.395,42,32.9975,2012,24,5,1,99.71597
2012-11-24 02:00:00,4,0,0,1,13.12,13.635,39,40.9973,2012,24,5,2,103.95844
2012-11-24 03:00:00,4,0,0,1,11.48,12.88,41,23.9994,2012,24,5,3,38.650177
2012-11-24 04:00:00,4,0,0,1,10.66,10.605,41,30.0026,2012,24,5,4,28.412857
2012-11-24 05:00:00,4,0,0,1,10.66,11.365,41,22.0028,2012,24,5,5,27.163498
2012-11-24 06:00:00,4,0,0,1,9.84,10.605,44,19.0012,2012,24,5,6,16.94342
2012-11-24 07:00:00,4,0,0,2,10.66,11.365,41,22.0028,2012,24,5,7,119.20894
2012-11-24 08:00:00,4,0,0,2,10.66,10.605,44,31.0009,2012,24,5,8,224.96008
2012-11-24 09:00:00,4,0,0,2,10.66,10.605,41,30.0026,2012,24,5,9,258.46283
2012-11-24 10:00:00,4,0,0,2,10.66,11.365,44,19.9995,2012,24,5,10,272.52887
2012-11-24 11:00:00,4,0,0,2,11.48,12.88,41,19.9995,2012,24,5,11,361.28473
2012-11-24 12:00:00,4,0,0,2,12.3,12.88,36,40.9973,2012,24,5,12,475.45792
2012-11-24 13:00:00,4,0,0,1,13.12,15.15,36,22.0028,2012,24,5,13,470.27347
2012-11-24 14:00:00,4,0,0,1,13.12,14.395,33,31.0009,2012,24,5,14,445.81314
2012-11-24 15:00:00,4,0,0,1,12.3,13.635,36,31.0009,2012,24,5,15,450.30252
2012-11-24 16:00:00,4,0,0,1,11.48,12.12,38,30.0026,2012,24,5,16,418.87518
2012-11-24 17:00:00,4,0,0,1,10.66,11.365,41,26.0027,2012,24,5,17,316.13995
2012-11-24 18:00:00,4,0,0,1,10.66,11.365,38,26.0027,2012,24,5,18,309.00922
2012-11-24 19:00:00,4,0,0,1,10.66,12.12,41,16.9979,2012,24,5,19,236.02223
2012-11-24 20:00:00,4,0,0,1,9.84,10.605,44,19.0012,2012,24,5,20,171.75166
2012-11-24 21:00:00,4,0,0,1,9.84,11.365,44,12.998,2012,24,5,21,125.074814
2012-11-24 22:00:00,4,0,0,1,9.84,11.365,44,16.9979,2012,24,5,22,103.14211
2012-11-24 23:00:00,4,0,0,1,9.84,11.365,44,12.998,2012,24,5,23,98.72125
2012-11-25 00:00:00,4,0,0,1,9.02,10.605,47,16.9979,2012,25,6,0,95.71563
2012-11-25 01:00:00,4,0,0,1,9.02,11.365,44,12.998,2012,25,6,1,78.53786
2012-11-25 02:00:00,4,0,0,1,9.02,9.85,44,23.9994,2012,25,6,2,57.2753
2012-11-25 03:00:00,4,0,0,1,9.02,13.635,44,0.0,2012,25,6,3,26.111908
2012-11-25 04:00:00,4,0,0,1,9.02,13.635,44,0.0,2012,25,6,4,7.094513
2012-11-25 05:00:00,4,0,0,2,9.02,11.365,47,11.0014,2012,25,6,5,2.0714264
2012-11-25 06:00:00,4,0,0,2,9.02,12.12,47,7.0015,2012,25,6,6,2.7610016
2012-11-25 07:00:00,4,0,0,2,9.02,12.12,51,7.0015,2012,25,6,7,72.37567
2012-11-25 08:00:00,4,0,0,2,9.02,11.365,51,12.998,2012,25,6,8,159.11699
2012-11-25 09:00:00,4,0,0,2,9.84,11.365,48,15.0013,2012,25,6,9,196.37502
2012-11-25 10:00:00,4,0,0,1,9.84,11.365,48,16.9979,2012,25,6,10,251.67491
2012-11-25 11:00:00,4,0,0,2,10.66,12.88,41,15.0013,2012,25,6,11,329.72815
2012-11-25 12:00:00,4,0,0,2,10.66,12.88,41,15.0013,2012,25,6,12,371.29138
2012-11-25 13:00:00,4,0,0,2,10.66,12.88,41,11.0014,2012,25,6,13,373.6875
2012-11-25 14:00:00,4,0,0,2,12.3,14.395,42,16.9979,2012,25,6,14,365.81036
2012-11-25 15:00:00,4,0,0,1,12.3,14.395,42,16.9979,2012,25,6,15,394.54764
2012-11-25 16:00:00,4,0,0,1,12.3,14.395,39,15.0013,2012,25,6,16,414.18
2012-11-25 17:00:00,4,0,0,1,11.48,13.635,41,11.0014,2012,25,6,17,311.78363
2012-11-25 18:00:00,4,0,0,1,10.66,12.88,44,11.0014,2012,25,6,18,252.4375
2012-11-25 19:00:00,4,0,0,1,10.66,15.15,41,0.0,2012,25,6,19,189.9145
2012-11-25 20:00:00,4,0,0,1,9.84,14.395,60,0.0,2012,25,6,20,120.86692
2012-11-25 21:00:00,4,0,0,1,10.66,15.15,48,0.0,2012,25,6,21,65.354004
2012-11-25 22:00:00,4,0,0,1,9.84,14.395,60,0.0,2012,25,6,22,49.310043
2012-11-25 23:00:00,4,0,0,1,9.02,12.88,69,6.0032,2012,25,6,23,31.47902
2012-11-26 00:00:00,4,0,1,1,9.02,13.635,69,0.0,2012,26,0,0,19.62648
2012-11-26 01:00:00,4,0,1,1,8.2,12.88,69,0.0,2012,26,0,1,10.87738
2012-11-26 02:00:00,4,0,1,1,8.2,12.88,69,0.0,2012,26,0,2,4.0921936
2012-11-26 03:00:00,4,0,1,1,8.2,12.88,69,0.0,2012,26,0,3,2.8999023
2012-11-26 04:00:00,4,0,1,1,9.02,13.635,69,0.0,2012,26,0,4,2.2797394
2012-11-26 05:00:00,4,0,1,1,9.02,11.365,69,11.0014,2012,26,0,5,28.13713
2012-11-26 06:00:00,4,0,1,1,9.02,13.635,69,0.0,2012,26,0,6,130.93568
2012-11-26 07:00:00,4,0,1,1,9.84,14.395,65,0.0,2012,26,0,7,358.1986
2012-11-26 08:00:00,4,0,1,1,9.84,14.395,65,0.0,2012,26,0,8,611.0792
2012-11-26 09:00:00,4,0,1,1,11.48,15.15,56,6.0032,2012,26,0,9,322.62933
2012-11-26 10:00:00,4,0,1,1,13.12,17.425,49,0.0,2012,26,0,10,190.3896
2012-11-26 11:00:00,4,0,1,1,16.4,20.455,37,19.9995,2012,26,0,11,224.89182
2012-11-26 12:00:00,4,0,1,1,17.22,21.21,35,7.0015,2012,26,0,12,273.15582
2012-11-26 13:00:00,4,0,1,1,17.22,21.21,35,7.0015,2012,26,0,13,273.15582
2012-11-26 14:00:00,4,0,1,1,17.22,21.21,35,0.0,2012,26,0,14,242.82968
2012-11-26 15:00:00,4,0,1,1,17.22,21.21,35,6.0032,2012,26,0,15,276.30273
2012-11-26 16:00:00,4,0,1,1,18.04,21.97,30,0.0,2012,26,0,16,331.62198
2012-11-26 17:00:00,4,0,1,1,17.22,21.21,32,0.0,2012,26,0,17,644.2561
2012-11-26 18:00:00,4,0,1,1,14.76,17.425,50,11.0014,2012,26,0,18,552.1199
2012-11-26 19:00:00,4,0,1,1,13.94,18.18,53,0.0,2012,26,0,19,354.63568
2012-11-26 20:00:00,4,0,1,1,13.94,18.18,49,0.0,2012,26,0,20,260.2218
2012-11-26 21:00:00,4,0,1,1,13.94,18.18,49,0.0,2012,26,0,21,183.05602
2012-11-26 22:00:00,4,0,1,1,13.12,17.425,61,0.0,2012,26,0,22,123.41052
2012-11-26 23:00:00,4,0,1,2,13.12,16.665,66,7.0015,2012,26,0,23,79.253716
2012-11-27 00:00:00,4,0,1,2,13.12,16.665,66,6.0032,2012,27,1,0,24.434387
2012-11-27 01:00:00,4,0,1,2,13.12,16.665,70,8.9981,2012,27,1,1,16.724014
2012-11-27 02:00:00,4,0,1,2,13.12,15.91,70,11.0014,2012,27,1,2,9.989899
2012-11-27 03:00:00,4,0,1,3,13.12,16.665,70,8.9981,2012,27,1,3,-8.922607
2012-11-27 04:00:00,4,0,1,3,12.3,14.395,81,12.998,2012,27,1,4,-11.907623
2012-11-27 05:00:00,4,0,1,2,12.3,14.395,81,15.0013,2012,27,1,5,26.027557
2012-11-27 06:00:00,4,0,1,2,12.3,15.15,81,11.0014,2012,27,1,6,140.32056
2012-11-27 07:00:00,4,0,1,3,12.3,15.15,81,8.9981,2012,27,1,7,213.98228
2012-11-27 08:00:00,4,0,1,3,13.12,15.91,81,11.0014,2012,27,1,8,351.9961
2012-11-27 09:00:00,4,0,1,2,13.12,16.665,81,8.9981,2012,27,1,9,318.5211
2012-11-27 10:00:00,4,0,1,3,13.12,15.91,81,12.998,2012,27,1,10,70.89789
2012-11-27 11:00:00,4,0,1,3,12.3,13.635,87,19.9995,2012,27,1,11,84.00436
2012-11-27 12:00:00,4,0,1,3,11.48,12.88,87,26.0027,2012,27,1,12,90.901474
2012-11-27 13:00:00,4,0,1,3,11.48,13.635,87,16.9979,2012,27,1,13,95.875244
2012-11-27 14:00:00,4,0,1,3,11.48,12.88,87,23.9994,2012,27,1,14,76.885895
2012-11-27 15:00:00,4,0,1,2,12.3,13.635,75,19.9995,2012,27,1,15,216.69336
2012-11-27 16:00:00,4,0,1,2,12.3,13.635,75,19.9995,2012,27,1,16,285.9896
2012-11-27 17:00:00,4,0,1,2,12.3,13.635,75,26.0027,2012,27,1,17,483.87592
2012-11-27 18:00:00,4,0,1,1,10.66,11.365,81,23.9994,2012,27,1,18,451.74854
2012-11-27 19:00:00,4,0,1,1,10.66,12.88,73,19.9995,2012,27,1,19,318.20862
2012-11-27 20:00:00,4,0,1,1,10.66,11.365,75,22.0028,2012,27,1,20,227.19923
2012-11-27 21:00:00,4,0,1,1,9.84,10.605,81,19.0012,2012,27,1,21,154.55922
2012-11-27 22:00:00,4,0,1,1,9.84,12.12,81,11.0014,2012,27,1,22,123.186714
2012-11-27 23:00:00,4,0,1,2,10.66,12.12,81,16.9979,2012,27,1,23,72.50572
2012-11-28 00:00:00,4,0,1,2,10.66,12.12,75,16.9979,2012,28,2,0,22.957672
2012-11-28 01:00:00,4,0,1,2,10.66,12.88,75,15.0013,2012,28,2,1,13.827698
2012-11-28 02:00:00,4,0,1,2,10.66,12.88,75,15.0013,2012,28,2,2,7.093582
2012-11-28 03:00:00,4,0,1,2,10.66,12.88,70,15.0013,2012,28,2,3,7.545761
2012-11-28 04:00:00,4,0,1,2,10.66,12.88,70,12.998,2012,28,2,4,7.545761
2012-11-28 05:00:00,4,0,1,2,10.66,13.635,70,8.9981,2012,28,2,5,28.866013
2012-11-28 06:00:00,4,0,1,2,10.66,12.88,65,15.0013,2012,28,2,6,135.44485
2012-11-28 07:00:00,4,0,1,2,10.66,12.88,56,12.998,2012,28,2,7,368.44458
2012-11-28 08:00:00,4,0,1,1,9.84,10.605,60,19.0012,2012,28,2,8,622.37744
2012-11-28 09:00:00,4,0,1,1,11.48,13.635,52,12.998,2012,28,2,9,326.6541
2012-11-28 10:00:00,4,0,1,1,12.3,15.91,49,7.0015,2012,28,2,10,206.85143
2012-11-28 11:00:00,4,0,1,1,13.12,15.91,45,11.0014,2012,28,2,11,219.74287
2012-11-28 12:00:00,4,0,1,1,13.94,15.15,42,26.0027,2012,28,2,12,240.7128
2012-11-28 13:00:00,4,0,1,1,13.94,16.665,42,12.998,2012,28,2,13,240.71172
2012-11-28 14:00:00,4,0,1,1,14.76,16.665,40,19.9995,2012,28,2,14,225.55797
2012-11-28 15:00:00,4,0,1,1,14.76,16.665,32,22.0028,2012,28,2,15,247.85219
2012-11-28 16:00:00,4,0,1,1,14.76,16.665,29,16.9979,2012,28,2,16,321.50067
2012-11-28 17:00:00,4,0,1,1,13.94,16.665,31,8.9981,2012,28,2,17,562.97046
2012-11-28 18:00:00,4,0,1,1,13.12,15.15,33,19.0012,2012,28,2,18,542.3164
2012-11-28 19:00:00,4,0,1,1,13.12,15.91,36,11.0014,2012,28,2,19,376.10336
2012-11-28 20:00:00,4,0,1,1,13.12,16.665,36,8.9981,2012,28,2,20,291.29712
2012-11-28 21:00:00,4,0,1,1,12.3,15.15,39,11.0014,2012,28,2,21,210.3143
2012-11-28 22:00:00,4,0,1,1,11.48,13.635,45,11.0014,2012,28,2,22,135.36928
2012-11-28 23:00:00,4,0,1,1,10.66,13.635,48,8.9981,2012,28,2,23,89.473816
2012-11-29 00:00:00,4,0,1,1,9.84,12.88,56,6.0032,2012,29,3,0,37.0726
2012-11-29 01:00:00,4,0,1,1,9.02,12.88,64,6.0032,2012,29,3,1,25.673431
2012-11-29 02:00:00,4,0,1,1,9.02,13.635,64,0.0,2012,29,3,2,19.598114
2012-11-29 04:00:00,4,0,1,1,8.2,11.365,75,6.0032,2012,29,3,4,14.941818
2012-11-29 05:00:00,4,0,1,1,8.2,12.88,69,0.0,2012,29,3,5,34.664246
2012-11-29 06:00:00,4,0,1,1,9.02,13.635,69,0.0,2012,29,3,6,146.90523
2012-11-29 07:00:00,4,0,1,1,8.2,12.88,64,0.0,2012,29,3,7,368.8755
2012-11-29 08:00:00,4,0,1,1,8.2,11.365,69,7.0015,2012,29,3,8,619.15564
2012-11-29 09:00:00,4,0,1,1,9.84,14.395,60,0.0,2012,29,3,9,327.23373
2012-11-29 10:00:00,4,0,1,1,11.48,15.15,65,6.0032,2012,29,3,10,210.23927
2012-11-29 11:00:00,4,0,1,1,14.76,17.425,37,15.0013,2012,29,3,11,232.94635
2012-11-29 12:00:00,4,0,1,1,14.76,17.425,40,11.0014,2012,29,3,12,253.48677
2012-11-29 13:00:00,4,0,1,1,15.58,19.695,32,8.9981,2012,29,3,13,272.87134
2012-11-29 14:00:00,4,0,1,1,14.76,17.425,43,15.0013,2012,29,3,14,237.9863
2012-11-29 15:00:00,4,0,1,1,14.76,16.665,43,19.0012,2012,29,3,15,255.50352
2012-11-29 16:00:00,4,0,1,1,14.76,17.425,40,15.0013,2012,29,3,16,335.3631
2012-11-29 17:00:00,4,0,1,1,13.94,16.665,39,12.998,2012,29,3,17,574.5255
2012-11-29 18:00:00,4,0,1,1,13.12,15.91,49,11.0014,2012,29,3,18,539.63477
2012-11-29 19:00:00,4,0,1,1,12.3,14.395,52,12.998,2012,29,3,19,359.24658
2012-11-29 20:00:00,4,0,1,1,12.3,15.15,52,11.0014,2012,29,3,20,277.80478
2012-11-29 21:00:00,4,0,1,1,10.66,13.635,65,8.9981,2012,29,3,21,192.25362
2012-11-29 22:00:00,4,0,1,1,10.66,14.395,70,6.0032,2012,29,3,22,133.48999
2012-11-29 23:00:00,4,0,1,1,11.48,15.91,61,0.0,2012,29,3,23,107.966
2012-11-30 00:00:00,4,0,1,1,10.66,12.88,70,11.0014,2012,30,4,0,53.751205
2012-11-30 01:00:00,4,0,1,1,9.84,12.88,70,6.0032,2012,30,4,1,27.548264
2012-11-30 02:00:00,4,0,1,1,9.84,14.395,75,0.0,2012,30,4,2,21.129257
2012-11-30 03:00:00,4,0,1,1,9.84,14.395,75,0.0,2012,30,4,3,12.905334
2012-11-30 04:00:00,4,0,1,1,9.02,13.635,75,0.0,2012,30,4,4,11.515442
2012-11-30 05:00:00,4,0,1,1,8.2,12.88,80,0.0,2012,30,4,5,27.48262
2012-11-30 06:00:00,4,0,1,1,8.2,12.88,86,0.0,2012,30,4,6,127.54601
2012-11-30 07:00:00,4,0,1,1,9.02,13.635,80,0.0,2012,30,4,7,342.693
2012-11-30 08:00:00,4,0,1,2,9.02,12.88,80,6.0032,2012,30,4,8,555.59644
2012-11-30 09:00:00,4,0,1,1,9.84,12.88,75,6.0032,2012,30,4,9,310.101
2012-11-30 10:00:00,4,0,1,2,12.3,16.665,65,0.0,2012,30,4,10,232.45587
2012-11-30 11:00:00,4,0,1,2,13.94,17.425,53,6.0032,2012,30,4,11,245.89627
2012-11-30 12:00:00,4,0,1,2,15.58,19.695,46,0.0,2012,30,4,12,270.93585
2012-11-30 13:00:00,4,0,1,2,16.4,20.455,40,11.0014,2012,30,4,13,279.89923
2012-11-30 14:00:00,4,0,1,2,16.4,20.455,40,7.0015,2012,30,4,14,261.16714
2012-11-30 15:00:00,4,0,1,2,17.22,21.21,38,7.0015,2012,30,4,15,300.16992
2012-11-30 16:00:00,4,0,1,1,16.4,20.455,43,8.9981,2012,30,4,16,382.33533
2012-11-30 17:00:00,4,0,1,1,14.76,17.425,50,12.998,2012,30,4,17,524.885
2012-11-30 18:00:00,4,0,1,2,13.94,18.18,61,0.0,2012,30,4,18,470.89816
2012-11-30 19:00:00,4,0,1,1,13.12,17.425,66,0.0,2012,30,4,19,316.0327
2012-11-30 20:00:00,4,0,1,1,13.12,17.425,66,0.0,2012,30,4,20,234.153
2012-11-30 21:00:00,4,0,1,1,12.3,15.91,75,6.0032,2012,30,4,21,166.36867
2012-11-30 22:00:00,4,0,1,1,12.3,16.665,75,0.0,2012,30,4,22,132.57529
2012-11-30 23:00:00,4,0,1,2,12.3,15.91,75,6.0032,2012,30,4,23,104.89209
2012-12-20 00:00:00,4,0,1,1,13.12,16.665,61,8.9981,2012,20,3,0,43.775665
2012-12-20 01:00:00,4,0,1,1,13.12,17.425,66,0.0,2012,20,3,1,23.537369
2012-12-20 02:00:00,4,0,1,1,13.12,17.425,66,0.0,2012,20,3,2,16.803238
2012-12-20 03:00:00,4,0,1,2,12.3,15.91,70,6.0032,2012,20,3,3,13.638504
2012-12-20 04:00:00,4,0,1,2,12.3,15.91,70,6.0032,2012,20,3,4,13.638504
2012-12-20 05:00:00,4,0,1,2,12.3,15.91,70,7.0015,2012,20,3,5,33.853516
2012-12-20 06:00:00,4,0,1,2,12.3,16.665,65,0.0,2012,20,3,6,141.26773
2012-12-20 07:00:00,4,0,1,2,12.3,16.665,70,0.0,2012,20,3,7,385.28235
2012-12-20 08:00:00,4,0,1,2,12.3,16.665,70,0.0,2012,20,3,8,610.1189
2012-12-20 09:00:00,4,0,1,2,12.3,16.665,70,0.0,2012,20,3,9,324.0455
2012-12-20 10:00:00,4,0,1,2,13.12,16.665,66,0.0,2012,20,3,10,209.81807
2012-12-20 11:00:00,4,0,1,2,13.94,15.91,57,15.0013,2012,20,3,11,225.80266
2012-12-20 12:00:00,4,0,1,2,14.76,17.425,53,11.0014,2012,20,3,12,244.99055
2012-12-20 13:00:00,4,0,1,2,14.76,17.425,57,12.998,2012,20,3,13,243.09784
2012-12-20 14:00:00,4,0,1,2,14.76,17.425,53,12.998,2012,20,3,14,222.69571
2012-12-20 15:00:00,4,0,1,2,13.94,16.665,57,12.998,2012,20,3,15,244.85199
2012-12-20 16:00:00,4,0,1,2,13.94,15.15,53,22.0028,2012,20,3,16,321.68207
2012-12-20 17:00:00,4,0,1,2,13.94,16.665,66,12.998,2012,20,3,17,528.87463
2012-12-20 18:00:00,4,0,1,2,13.94,16.665,71,12.998,2012,20,3,18,516.90906
2012-12-20 19:00:00,4,0,1,3,13.94,15.91,71,16.9979,2012,20,3,19,230.63864
2012-12-20 20:00:00,4,0,1,3,13.94,16.665,76,11.0014,2012,20,3,20,164.75374
2012-12-20 21:00:00,4,0,1,3,13.94,16.665,76,11.0014,2012,20,3,21,120.047615
2012-12-20 22:00:00,4,0,1,3,13.94,16.665,87,12.998,2012,20,3,22,77.50143
2012-12-20 23:00:00,4,0,1,3,16.4,20.455,82,19.9995,2012,20,3,23,52.67914
2012-12-21 00:00:00,1,0,1,3,17.22,21.21,88,19.9995,2012,21,4,0,40.212433
2012-12-21 01:00:00,1,0,1,3,18.04,21.97,88,26.0027,2012,21,4,1,18.603241
2012-12-21 02:00:00,1,0,1,3,18.86,22.725,94,26.0027,2012,21,4,2,2.883255
2012-12-21 03:00:00,1,0,1,3,18.86,22.725,94,26.0027,2012,21,4,3,0.0015869141
2012-12-21 04:00:00,1,0,1,2,14.76,15.91,71,32.9975,2012,21,4,4,10.712692
2012-12-21 05:00:00,1,0,1,2,13.94,15.15,76,27.9993,2012,21,4,5,20.943008
2012-12-21 06:00:00,1,0,1,2,13.94,14.395,57,39.0007,2012,21,4,6,97.348465
2012-12-21 07:00:00,1,0,1,2,13.12,15.91,57,12.998,2012,21,4,7,257.014
2012-12-21 08:00:00,1,0,1,2,13.12,15.15,57,19.0012,2012,21,4,8,478.48123
2012-12-21 09:00:00,1,0,1,2,13.12,13.635,45,36.9974,2012,21,4,9,221.28215
2012-12-21 10:00:00,1,0,1,1,13.12,14.395,42,31.0009,2012,21,4,10,155.85918
2012-12-21 11:00:00,1,0,1,2,13.12,14.395,42,27.9993,2012,21,4,11,150.94466
2012-12-21 12:00:00,1,0,1,2,13.12,14.395,39,23.9994,2012,21,4,12,171.64337
2012-12-21 13:00:00,1,0,1,2,13.12,14.395,39,27.9993,2012,21,4,13,171.64337
2012-12-21 14:00:00,1,0,1,2,13.12,14.395,39,30.0026,2012,21,4,14,159.10266
2012-12-21 15:00:00,1,0,1,2,12.3,13.635,42,26.0027,2012,21,4,15,167.85645
2012-12-21 16:00:00,1,0,1,2,12.3,13.635,39,22.0028,2012,21,4,16,208.0164
2012-12-21 17:00:00,1,0,1,2,10.66,11.365,56,22.0028,2012,21,4,17,328.81946
2012-12-21 18:00:00,1,0,1,2,10.66,11.365,56,19.9995,2012,21,4,18,305.84406
2012-12-21 19:00:00,1,0,1,1,11.48,12.88,45,19.9995,2012,21,4,19,193.39012
2012-12-21 20:00:00,1,0,1,1,11.48,13.635,41,16.9979,2012,21,4,20,142.2572
2012-12-21 21:00:00,1,0,1,1,10.66,11.365,41,27.9993,2012,21,4,21,114.401825
2012-12-21 22:00:00,1,0,1,1,10.66,11.365,44,19.9995,2012,21,4,22,93.57727
2012-12-21 23:00:00,1,0,1,1,10.66,12.12,44,19.0012,2012,21,4,23,74.20286
2012-12-22 00:00:00,1,0,0,1,10.66,10.605,44,39.0007,2012,22,5,0,74.05399
2012-12-22 01:00:00,1,0,0,1,10.66,10.605,44,30.0026,2012,22,5,1,56.374557
2012-12-22 02:00:00,1,0,0,1,10.66,10.605,44,35.0008,2012,22,5,2,41.441284
2012-12-22 03:00:00,1,0,0,1,10.66,10.605,48,30.0026,2012,22,5,3,7.876526
2012-12-22 04:00:00,1,0,0,1,10.66,12.88,48,12.998,2012,22,5,4,6.145569
2012-12-22 05:00:00,1,0,0,1,10.66,11.365,48,27.9993,2012,22,5,5,2.8706665
2012-12-22 06:00:00,1,0,0,1,10.66,11.365,44,27.9993,2012,22,5,6,12.926056
2012-12-22 07:00:00,1,0,0,1,10.66,11.365,44,27.9993,2012,22,5,7,28.966873
2012-12-22 08:00:00,1,0,0,1,10.66,10.605,44,40.9973,2012,22,5,8,91.31622
2012-12-22 09:00:00,1,0,0,1,10.66,11.365,48,26.0027,2012,22,5,9,137.46991
2012-12-22 10:00:00,1,0,0,1,10.66,11.365,48,22.0028,2012,22,5,10,169.52917
2012-12-22 11:00:00,1,0,0,1,11.48,12.88,41,23.9994,2012,22,5,11,252.40065
2012-12-22 12:00:00,1,0,0,1,12.3,12.88,36,43.9989,2012,22,5,12,289.52304
2012-12-22 13:00:00,1,0,0,1,13.12,14.395,36,30.0026,2012,22,5,13,307.30444
2012-12-22 14:00:00,1,0,0,1,13.12,14.395,36,31.0009,2012,22,5,14,287.74918
2012-12-22 15:00:00,1,0,0,1,13.12,13.635,33,39.0007,2012,22,5,15,292.44946
2012-12-22 16:00:00,1,0,0,1,12.3,13.635,39,30.0026,2012,22,5,16,262.1156
2012-12-22 17:00:00,1,0,0,1,11.48,12.88,41,19.9995,2012,22,5,17,212.51768
2012-12-22 18:00:00,1,0,0,1,10.66,10.605,44,31.0009,2012,22,5,18,159.6288
2012-12-22 19:00:00,1,0,0,1,9.84,10.605,48,23.9994,2012,22,5,19,118.28723
2012-12-22 20:00:00,1,0,0,1,9.84,12.12,48,11.0014,2012,22,5,20,92.76941
2012-12-22 21:00:00,1,0,0,1,9.02,10.605,51,19.0012,2012,22,5,21,86.622536
2012-12-22 22:00:00,1,0,0,1,9.02,10.605,51,19.0012,2012,22,5,22,74.454384
2012-12-22 23:00:00,1,0,0,1,9.02,11.365,51,12.998,2012,22,5,23,73.34024
2012-12-23 00:00:00,1,0,0,1,9.02,10.605,47,19.0012,2012,23,6,0,79.351654
2012-12-23 01:00:00,1,0,0,1,9.02,11.365,47,12.998,2012,23,6,1,67.08091
2012-12-23 02:00:00,1,0,0,1,8.2,10.605,51,11.0014,2012,23,6,2,49.18921
2012-12-23 03:00:00,1,0,0,1,8.2,10.605,51,8.9981,2012,23,6,3,26.110443
2012-12-23 04:00:00,1,0,0,1,8.2,10.605,47,8.9981,2012,23,6,4,9.737976
2012-12-23 05:00:00,1,0,0,1,8.2,12.88,51,0.0,2012,23,6,5,9.161896
2012-12-23 06:00:00,1,0,0,1,6.56,9.85,64,6.0032,2012,23,6,6,9.784805
2012-12-23 07:00:00,1,0,0,1,6.56,9.85,64,6.0032,2012,23,6,7,2.9161682
2012-12-23 08:00:00,1,0,0,1,5.74,8.335,69,7.0015,2012,23,6,8,43.280228
2012-12-23 09:00:00,1,0,0,1,8.2,11.365,59,7.0015,2012,23,6,9,105.45809
2012-12-23 10:00:00,1,0,0,1,9.02,11.365,64,12.998,2012,23,6,10,156.70001
2012-12-23 11:00:00,1,0,0,1,9.84,11.365,52,12.998,2012,23,6,11,225.49252
2012-12-23 12:00:00,1,0,0,1,12.3,14.395,42,12.998,2012,23,6,12,296.85873
2012-12-23 13:00:00,1,0,0,1,13.12,15.15,39,15.0013,2012,23,6,13,308.2703
2012-12-23 14:00:00,1,0,0,1,13.94,15.15,31,19.9995,2012,23,6,14,299.06305
2012-12-23 15:00:00,1,0,0,1,13.94,16.665,34,8.9981,2012,23,6,15,307.83713
2012-12-23 16:00:00,1,0,0,1,13.94,16.665,34,12.998,2012,23,6,16,284.09784
2012-12-23 17:00:00,1,0,0,1,13.12,15.91,49,12.998,2012,23,6,17,205.67914
2012-12-23 18:00:00,1,0,0,1,12.3,15.15,45,11.0014,2012,23,6,18,175.53448
2012-12-23 19:00:00,1,0,0,1,12.3,16.665,42,0.0,2012,23,6,19,110.003784
2012-12-23 20:00:00,1,0,0,1,10.66,15.15,65,0.0,2012,23,6,20,60.8331
2012-12-23 21:00:00,1,0,0,1,9.84,14.395,70,0.0,2012,23,6,21,53.125
2012-12-23 22:00:00,1,0,0,1,9.84,12.88,60,7.0015,2012,23,6,22,44.602463
2012-12-23 23:00:00,1,0,0,1,9.84,14.395,60,0.0,2012,23,6,23,34.034775
2012-12-24 00:00:00,1,0,1,1,9.02,13.635,69,0.0,2012,24,0,0,9.981018
2012-12-24 01:00:00,1,0,1,1,9.02,13.635,69,0.0,2012,24,0,1,-0.53862
2012-12-24 02:00:00,1,0,1,1,8.2,12.88,75,0.0,2012,24,0,2,-7.374649
2012-12-24 03:00:00,1,0,1,1,8.2,12.88,75,0.0,2012,24,0,3,-7.713562
2012-12-24 05:00:00,1,0,1,1,7.38,9.85,80,8.9981,2012,24,0,5,13.4140625
2012-12-24 06:00:00,1,0,1,1,8.2,12.88,75,0.0,2012,24,0,6,70.868225
2012-12-24 07:00:00,1,0,1,1,8.2,12.88,69,0.0,2012,24,0,7,237.26424
2012-12-24 08:00:00,1,0,1,1,9.02,13.635,69,0.0,2012,24,0,8,502.4933
2012-12-24 09:00:00,1,0,1,2,9.84,12.88,65,7.0015,2012,24,0,9,209.3736
2012-12-24 10:00:00,1,0,1,2,10.66,15.15,65,0.0,2012,24,0,10,82.96683
2012-12-24 11:00:00,1,0,1,2,10.66,12.88,60,11.0014,2012,24,0,11,98.10548
2012-12-24 12:00:00,1,0,1,2,11.48,15.15,56,6.0032,2012,24,0,12,125.28628
2012-12-24 13:00:00,1,0,1,3,9.84,12.88,81,7.0015,2012,24,0,13,44.308273
2012-12-24 14:00:00,1,0,1,3,9.84,12.88,87,7.0015,2012,24,0,14,16.797989
2012-12-24 15:00:00,1,0,1,3,9.84,11.365,87,15.0013,2012,24,0,15,27.69458
2012-12-24 16:00:00,1,0,1,3,9.84,11.365,87,15.0013,2012,24,0,16,64.5669
2012-12-24 17:00:00,1,0,1,3,9.84,12.12,93,11.0014,2012,24,0,17,225.48872
2012-12-24 18:00:00,1,0,1,3,9.84,12.88,93,7.0015,2012,24,0,18,238.59688
2012-12-24 19:00:00,1,0,1,2,9.84,12.12,93,8.9981,2012,24,0,19,189.73102
2012-12-24 20:00:00,1,0,1,3,9.84,12.12,93,8.9981,2012,24,0,20,89.73025
2012-12-24 21:00:00,1,0,1,3,9.84,12.88,93,6.0032,2012,24,0,21,90.31242
2012-12-24 22:00:00,1,0,1,2,9.84,14.395,93,0.0,2012,24,0,22,70.74534
2012-12-24 23:00:00,1,0,1,3,9.84,14.395,93,0.0,2012,24,0,23,29.074326
2012-12-25 00:00:00,1,1,0,3,9.84,12.88,93,6.0032,2012,25,1,0,22.454178
2012-12-25 01:00:00,1,1,0,2,10.66,12.88,87,11.0014,2012,25,1,1,34.03691
2012-12-25 02:00:00,1,1,0,2,10.66,12.88,87,11.0014,2012,25,1,2,26.340454
2012-12-25 04:00:00,1,1,0,2,9.84,12.88,87,6.0032,2012,25,1,4,16.64267
2012-12-25 05:00:00,1,1,0,2,9.02,11.365,93,8.9981,2012,25,1,5,22.216461
2012-12-25 06:00:00,1,1,0,2,9.02,11.365,93,8.9981,2012,25,1,6,42.02275
2012-12-25 07:00:00,1,1,0,2,9.02,11.365,93,11.0014,2012,25,1,7,73.65202
2012-12-25 08:00:00,1,1,0,2,9.84,14.395,87,0.0,2012,25,1,8,248.09048
2012-12-25 09:00:00,1,1,0,2,9.84,12.88,87,0.0,2012,25,1,9,181.42413
2012-12-25 10:00:00,1,1,0,1,11.48,15.91,81,0.0,2012,25,1,10,142.87576
2012-12-25 11:00:00,1,1,0,1,12.3,15.91,75,6.0032,2012,25,1,11,167.89636
2012-12-25 12:00:00,1,1,0,1,13.12,16.665,76,6.0032,2012,25,1,12,190.71587
2012-12-25 13:00:00,1,1,0,1,16.4,20.455,50,22.0028,2012,25,1,13,226.317
2012-12-25 14:00:00,1,1,0,1,15.58,19.695,46,19.9995,2012,25,1,14,205.23665
2012-12-25 15:00:00,1,1,0,1,14.76,16.665,50,16.9979,2012,25,1,15,192.54962
2012-12-25 16:00:00,1,1,0,2,14.76,16.665,50,16.9979,2012,25,1,16,222.21542
2012-12-25 17:00:00,1,1,0,2,13.12,15.15,57,16.9979,2012,25,1,17,243.29652
2012-12-25 18:00:00,1,1,0,2,13.12,15.15,66,16.9979,2012,25,1,18,247.15994
2012-12-25 19:00:00,1,1,0,2,13.12,15.15,66,15.0013,2012,25,1,19,203.732
2012-12-25 20:00:00,1,1,0,2,13.12,15.15,66,19.0012,2012,25,1,20,153.42291
2012-12-25 21:00:00,1,1,0,2,12.3,14.395,65,12.998,2012,25,1,21,131.97234
2012-12-25 22:00:00,1,1,0,2,12.3,15.15,70,11.0014,2012,25,1,22,99.03954
2012-12-25 23:00:00,1,1,0,2,11.48,13.635,65,16.9979,2012,25,1,23,61.025055
2012-12-26 00:00:00,1,0,1,2,11.48,13.635,65,16.9979,2012,26,2,0,14.238541
2012-12-26 01:00:00,1,0,1,2,10.66,11.365,65,19.9995,2012,26,2,1,5.9648285
2012-12-26 02:00:00,1,0,1,2,10.66,11.365,65,19.9995,2012,26,2,2,-0.60517883
2012-12-26 03:00:00,1,0,1,2,9.84,10.605,70,23.9994,2012,26,2,3,-5.1450195
2012-12-26 04:00:00,1,0,1,1,9.02,9.85,69,23.9994,2012,26,2,4,-1.3288269
2012-12-26 05:00:00,1,0,1,2,9.02,10.605,69,19.0012,2012,26,2,5,13.499039
2012-12-26 06:00:00,1,0,1,2,9.02,10.605,69,15.0013,2012,26,2,6,87.36486
2012-12-26 07:00:00,1,0,1,3,8.2,9.09,86,22.0028,2012,26,2,7,127.75714
2012-12-26 08:00:00,1,0,1,3,8.2,9.09,86,22.0028,2012,26,2,8,268.25436
2012-12-26 09:00:00,1,0,1,3,8.2,9.09,86,22.0028,2012,26,2,9,111.15407
2012-12-26 10:00:00,1,0,1,3,8.2,9.09,86,19.9995,2012,26,2,10,14.316574
2012-12-26 11:00:00,1,0,1,3,8.2,8.335,86,31.0009,2012,26,2,11,15.5625
2012-12-26 12:00:00,1,0,1,3,9.02,9.85,87,22.0028,2012,26,2,12,21.542252
2012-12-26 13:00:00,1,0,1,3,9.02,9.85,87,22.0028,2012,26,2,13,21.542252
2012-12-26 14:00:00,1,0,1,3,9.02,10.605,93,16.9979,2012,26,2,14,15.75116
2012-12-26 15:00:00,1,0,1,3,10.66,11.365,87,23.9994,2012,26,2,15,28.301117
2012-12-26 16:00:00,1,0,1,3,10.66,11.365,87,23.9994,2012,26,2,16,66.51256
2012-12-26 17:00:00,1,0,1,3,10.66,11.365,93,23.9994,2012,26,2,17,197.34904
2012-12-26 18:00:00,1,0,1,3,11.48,12.88,93,19.9995,2012,26,2,18,201.38437
2012-12-26 19:00:00,1,0,1,3,12.3,14.395,87,12.998,2012,26,2,19,128.39984
2012-12-26 20:00:00,1,0,1,3,13.12,15.15,93,16.9979,2012,26,2,20,61.340866
2012-12-26 21:00:00,1,0,1,2,12.3,13.635,87,19.9995,2012,26,2,21,116.7795
2012-12-26 22:00:00,1,0,1,3,9.84,9.85,93,30.0026,2012,26,2,22,24.052872
2012-12-26 23:00:00,1,0,1,3,10.66,11.365,87,19.9995,2012,26,2,23,14.151169
2012-12-27 00:00:00,1,0,1,3,10.66,11.365,87,19.9995,2012,27,3,0,24.522385
2012-12-27 01:00:00,1,0,1,3,9.84,9.85,93,30.0026,2012,27,3,1,22.42537
2012-12-27 02:00:00,1,0,1,2,9.84,9.85,87,30.0026,2012,27,3,2,14.79364
2012-12-27 03:00:00,1,0,1,2,9.84,11.365,87,15.0013,2012,27,3,3,12.952286
2012-12-27 04:00:00,1,0,1,2,9.84,10.605,87,22.0028,2012,27,3,4,10.269699
2012-12-27 05:00:00,1,0,1,1,9.84,12.12,75,11.0014,2012,27,3,5,31.236435
2012-12-27 06:00:00,1,0,1,1,9.84,9.85,70,32.9975,2012,27,3,6,97.34864
2012-12-27 07:00:00,1,0,1,1,9.84,11.365,70,15.0013,2012,27,3,7,280.2459
2012-12-27 08:00:00,1,0,1,1,10.66,11.365,65,23.9994,2012,27,3,8,513.31384
2012-12-27 09:00:00,1,0,1,1,10.66,10.605,60,32.9975,2012,27,3,9,230.32245
2012-12-27 10:00:00,1,0,1,1,11.48,11.365,56,35.0008,2012,27,3,10,120.39528
2012-12-27 11:00:00,1,0,1,2,11.48,12.12,56,30.0026,2012,27,3,11,124.29436
2012-12-27 12:00:00,1,0,1,1,12.3,13.635,49,31.0009,2012,27,3,12,142.21991
2012-12-27 13:00:00,1,0,1,1,12.3,13.635,49,31.0009,2012,27,3,13,142.21991
2012-12-27 14:00:00,1,0,1,2,10.66,10.605,56,35.0008,2012,27,3,14,111.63848
2012-12-27 15:00:00,1,0,1,2,10.66,10.605,56,30.0026,2012,27,3,15,125.25324
2012-12-27 16:00:00,1,0,1,2,10.66,12.12,52,19.0012,2012,27,3,16,173.9626
2012-12-27 17:00:00,1,0,1,2,10.66,12.12,52,19.0012,2012,27,3,17,347.3216
2012-12-27 18:00:00,1,0,1,2,9.84,11.365,60,16.9979,2012,27,3,18,354.34082
2012-12-27 19:00:00,1,0,1,1,9.84,10.605,60,19.0012,2012,27,3,19,220.87251
2012-12-27 20:00:00,1,0,1,1,9.84,12.12,60,11.0014,2012,27,3,20,172.97748
2012-12-27 21:00:00,1,0,1,2,9.84,11.365,60,16.9979,2012,27,3,21,128.72552
2012-12-27 22:00:00,1,0,1,2,9.84,10.605,60,19.0012,2012,27,3,22,92.41257
2012-12-27 23:00:00,1,0,1,2,9.84,11.365,60,16.9979,2012,27,3,23,68.04259
2012-12-28 00:00:00,1,0,1,2,9.84,12.12,60,11.0014,2012,28,4,0,45.224396
2012-12-28 01:00:00,1,0,1,1,9.84,11.365,60,12.998,2012,28,4,1,22.463684
2012-12-28 02:00:00,1,0,1,1,9.84,11.365,60,16.9979,2012,28,4,2,15.018753
2012-12-28 03:00:00,1,0,1,2,9.84,12.12,60,11.0014,2012,28,4,3,14.306061
2012-12-28 04:00:00,1,0,1,2,9.84,12.88,60,7.0015,2012,28,4,4,13.024033
2012-12-28 05:00:00,1,0,1,2,9.84,12.88,60,6.0032,2012,28,4,5,28.76352
2012-12-28 06:00:00,1,0,1,1,9.02,10.605,64,19.0012,2012,28,4,6,91.66758
2012-12-28 07:00:00,1,0,1,1,9.02,11.365,64,11.0014,2012,28,4,7,248.24318
2012-12-28 08:00:00,1,0,1,2,9.84,12.12,60,8.9981,2012,28,4,8,476.25677
2012-12-28 09:00:00,1,0,1,2,9.84,10.605,60,19.0012,2012,28,4,9,203.31079
2012-12-28 10:00:00,1,0,1,2,10.66,12.12,56,16.9979,2012,28,4,10,125.8503
2012-12-28 11:00:00,1,0,1,2,11.48,13.635,52,15.0013,2012,28,4,11,144.32956
2012-12-28 12:00:00,1,0,1,2,12.3,15.15,49,8.9981,2012,28,4,12,169.92033
2012-12-28 13:00:00,1,0,1,2,12.3,15.15,49,8.9981,2012,28,4,13,169.92033
2012-12-28 14:00:00,1,0,1,2,12.3,15.15,49,8.9981,2012,28,4,14,151.34064
2012-12-28 15:00:00,1,0,1,2,12.3,15.91,49,0.0,2012,28,4,15,162.53177
2012-12-28 16:00:00,1,0,1,1,12.3,15.15,49,8.9981,2012,28,4,16,211.73904
2012-12-28 17:00:00,1,0,1,1,9.84,12.12,60,8.9981,2012,28,4,17,340.29224
2012-12-28 18:00:00,1,0,1,1,9.84,12.12,60,8.9981,2012,28,4,18,314.4268
2012-12-28 19:00:00,1,0,1,2,9.84,11.365,65,12.998,2012,28,4,19,184.59969
2012-12-28 20:00:00,1,0,1,2,9.84,12.88,65,7.0015,2012,28,4,20,128.97752
2012-12-28 21:00:00,1,0,1,2,9.84,12.12,70,8.9981,2012,28,4,21,114.48491
2012-12-28 22:00:00,1,0,1,2,9.84,12.88,70,6.0032,2012,28,4,22,94.21018
2012-12-28 23:00:00,1,0,1,2,9.84,12.88,65,6.0032,2012,28,4,23,75.449036
2012-12-29 00:00:00,1,0,0,2,9.84,12.12,70,0.0,2012,29,5,0,73.314995
2012-12-29 01:00:00,1,0,0,2,9.84,12.12,75,6.0032,2012,29,5,1,59.71573
2012-12-29 02:00:00,1,0,0,2,9.84,12.12,70,0.0,2012,29,5,2,44.95604
2012-12-29 03:00:00,1,0,0,2,9.84,12.12,75,0.0,2012,29,5,3,15.634735
2012-12-29 04:00:00,1,0,0,2,9.84,12.12,75,6.0032,2012,29,5,4,7.9453583
2012-12-29 05:00:00,1,0,0,2,9.84,12.12,75,6.0032,2012,29,5,5,6.0998383
2012-12-29 06:00:00,1,0,0,2,10.66,12.12,70,7.0015,2012,29,5,6,12.486404
2012-12-29 07:00:00,1,0,0,2,10.66,12.12,70,8.9981,2012,29,5,7,25.246658
2012-12-29 08:00:00,1,0,0,2,10.66,12.12,81,0.0,2012,29,5,8,90.42744
2012-12-29 09:00:00,1,0,0,2,10.66,12.12,81,0.0,2012,29,5,9,150.41116
2012-12-29 10:00:00,1,0,0,3,10.66,12.12,81,8.9981,2012,29,5,10,104.17086
2012-12-29 11:00:00,1,0,0,3,8.2,12.12,93,6.0032,2012,29,5,11,173.8673
2012-12-29 12:00:00,1,0,0,3,8.2,12.12,100,0.0,2012,29,5,12,209.83151
2012-12-29 13:00:00,1,0,0,3,8.2,12.12,100,0.0,2012,29,5,13,206.95654
2012-12-29 14:00:00,1,0,0,2,9.84,12.12,87,6.0032,2012,29,5,14,276.25006
2012-12-29 15:00:00,1,0,0,2,9.84,12.12,87,0.0,2012,29,5,15,268.41266
2012-12-29 16:00:00,1,0,0,1,12.3,12.12,75,7.0015,2012,29,5,16,263.11792
2012-12-29 17:00:00,1,0,0,1,10.66,12.12,79,7.0015,2012,29,5,17,180.35057
2012-12-29 18:00:00,1,0,0,1,12.3,12.12,70,12.998,2012,29,5,18,184.8035
2012-12-29 19:00:00,1,0,0,2,12.3,12.12,61,16.9979,2012,29,5,19,145.78949
2012-12-29 20:00:00,1,0,0,2,12.3,12.12,56,36.9974,2012,29,5,20,101.60187
2012-12-29 21:00:00,1,0,0,2,11.48,12.12,56,32.9975,2012,29,5,21,94.888145
2012-12-29 22:00:00,1,0,0,2,10.66,12.12,60,31.0009,2012,29,5,22,68.76168
2012-12-29 23:00:00,1,0,0,2,10.66,12.12,60,0.0,2012,29,5,23,73.95308
2012-12-30 00:00:00,1,0,0,2,10.66,12.88,60,11.0014,2012,30,6,0,79.1208
2012-12-30 01:00:00,1,0,0,2,10.66,11.365,56,27.9993,2012,30,6,1,63.031708
2012-12-30 02:00:00,1,0,0,2,10.66,12.12,56,19.0012,2012,30,6,2,50.218704
2012-12-30 03:00:00,1,0,0,2,10.66,11.365,56,27.9993,2012,30,6,3,21.233582
2012-12-30 04:00:00,1,0,0,2,10.66,12.88,56,15.0013,2012,30,6,4,11.4743805
2012-12-30 05:00:00,1,0,0,2,10.66,11.365,48,19.9995,2012,30,6,5,5.6936035
2012-12-30 06:00:00,1,0,0,2,9.84,9.85,52,27.9993,2012,30,6,6,8.603119
2012-12-30 07:00:00,1,0,0,1,9.84,10.605,56,23.9994,2012,30,6,7,14.714203
2012-12-30 08:00:00,1,0,0,1,9.84,9.85,52,31.0009,2012,30,6,8,61.090942
2012-12-30 09:00:00,1,0,0,1,9.84,10.605,52,26.0027,2012,30,6,9,110.21617
2012-12-30 10:00:00,1,0,0,1,10.66,10.605,41,39.0007,2012,30,6,10,159.36163
2012-12-30 11:00:00,1,0,0,1,10.66,11.365,41,27.9993,2012,30,6,11,232.22281
2012-12-30 12:00:00,1,0,0,1,11.48,11.365,36,39.0007,2012,30,6,12,274.55295
2012-12-30 13:00:00,1,0,0,1,12.3,12.88,36,43.9989,2012,30,6,13,283.5844
2012-12-30 14:00:00,1,0,0,1,12.3,13.635,36,31.0009,2012,30,6,14,267.78073
2012-12-30 15:00:00,1,0,0,1,11.48,12.88,38,22.0028,2012,30,6,15,274.74155
2012-12-30 16:00:00,1,0,0,1,11.48,12.12,38,27.9993,2012,30,6,16,250.3695
2012-12-30 17:00:00,1,0,0,1,10.66,11.365,41,22.0028,2012,30,6,17,188.08704
2012-12-30 18:00:00,1,0,0,2,9.84,10.605,44,19.9995,2012,30,6,18,145.79082
2012-12-30 19:00:00,1,0,0,1,13.94,18.18,61,0.0,2012,30,6,19,126.69273
2012-12-30 20:00:00,1,0,0,1,9.02,9.85,47,22.0028,2012,30,6,20,52.906174
2012-12-30 21:00:00,1,0,0,1,8.2,10.605,51,11.0014,2012,30,6,21,46.4541
2012-12-30 22:00:00,1,0,0,1,8.2,9.85,55,12.998,2012,30,6,22,37.79013
2012-12-30 23:00:00,1,0,0,1,8.2,9.85,51,15.0013,2012,30,6,23,26.291489
2012-12-31 00:00:00,1,0,1,1,7.38,9.09,55,12.998,2012,31,0,0,13.275284
2012-12-31 01:00:00,1,0,1,1,7.38,9.09,55,12.998,2012,31,0,1,3.5469208
2012-12-31 02:00:00,1,0,1,1,6.56,8.335,59,11.0014,2012,31,0,2,-2.8056793
2012-12-31 03:00:00,1,0,1,1,6.56,9.09,59,7.0015,2012,31,0,3,-3.8299866
2012-12-31 04:00:00,1,0,1,1,5.74,8.335,69,7.0015,2012,31,0,4,-4.983139
2012-12-31 05:00:00,1,0,1,1,6.56,7.575,64,12.998,2012,31,0,5,12.626633
2012-12-31 06:00:00,1,0,1,1,6.56,8.335,64,11.0014,2012,31,0,6,74.64391
2012-12-31 07:00:00,1,0,1,1,6.56,9.09,64,8.9981,2012,31,0,7,240.42496
2012-12-31 08:00:00,1,0,1,1,5.74,7.575,69,8.9981,2012,31,0,8,474.8393
2012-12-31 09:00:00,1,0,1,2,7.38,10.605,64,7.0015,2012,31,0,9,204.37529
2012-12-31 10:00:00,1,0,1,2,8.2,10.605,69,8.9981,2012,31,0,10,84.9128
2012-12-31 11:00:00,1,0,1,2,9.02,11.365,60,12.998,2012,31,0,11,94.052025
2012-12-31 12:00:00,1,0,1,2,9.84,11.365,56,12.998,2012,31,0,12,111.61854
2012-12-31 13:00:00,1,0,1,2,10.66,12.88,44,11.0014,2012,31,0,13,114.28521
2012-12-31 14:00:00,1,0,1,2,11.48,13.635,45,15.0013,2012,31,0,14,105.972885
2012-12-31 15:00:00,1,0,1,2,11.48,14.395,45,8.9981,2012,31,0,15,124.53486
2012-12-31 16:00:00,1,0,1,2,10.66,12.88,48,12.998,2012,31,0,16,164.14986
2012-12-31 17:00:00,1,0,1,2,10.66,14.395,48,6.0032,2012,31,0,17,361.66095
2012-12-31 18:00:00,1,0,1,2,10.66,13.635,48,8.9981,2012,31,0,18,356.67743
2012-12-31 19:00:00,1,0,1,2,10.66,12.88,60,11.0014,2012,31,0,19,214.50584
2012-12-31 20:00:00,1,0,1,2,10.66,12.88,60,11.0014,2012,31,0,20,144.19621
2012-12-31 21:00:00,1,0,1,1,10.66,12.88,60,11.0014,2012,31,0,21,125.42695
2012-12-31 22:00:00,1,0,1,1,10.66,13.635,56,8.9981,2012,31,0,22,81.769356
2012-12-31 23:00:00,1,0,1,1,10.66,13.635,65,8.9981,2012,31,0,23,39.52281
